episode,epoch,env_steps,return,outcome,win_rate_100,x0_range,x0_aa,x0_ata,opponent
1,0,2002,-1035.3485161383226,crash,0.0,3228.062255859375,7.7033305168151855,19.634777069091797,
2,0,8002,-3064.5679131638512,loss,0.0,3228.062255859375,7.7033305168151855,19.634777069091797,
3,0,9013,-1121.1791970201368,crash,0.0,3466.3134765625,-15.242403984069824,-1.5120477676391602,
4,0,10369,-1181.0906843110904,crash,0.0,3466.3134765625,-15.242403984069824,-1.5120477676391602,
5,0,12016,-1137.8564330925437,crash,0.0,3449.8642578125,8.132493019104004,26.67731475830078,
6,0,13597,-1083.8652886817345,crash,0.0,3449.8642578125,8.132493019104004,26.67731475830078,
7,0,15103,-1124.7361676781761,crash,0.0,3465.69287109375,-1.33424973487854,17.180484771728516,
8,0,17242,-1070.3910513944263,crash,0.0,3465.69287109375,-1.33424973487854,17.180484771728516,
9,0,19524,-1057.8703693403022,crash,0.0,3405.04736328125,-2.753185510635376,1.4579620361328125,
10,0,22436,-1059.3788203619363,crash,0.0,3405.04736328125,-2.753185510635376,1.4579620361328125,
11,0,25445,-1040.6966806599319,crash,0.0,3564.25732421875,6.541934013366699,-1.2442153692245483,
12,0,27820,-1052.7274357684353,crash,0.0,3564.25732421875,6.541934013366699,-1.2442153692245483,
13,0,29972,-1090.0231100084966,crash,0.0,3617.060791015625,20.91180992126465,3.9472320079803467,
14,0,31104,-1124.4422879493181,crash,0.0,3617.060791015625,20.91180992126465,3.9472320079803467,
15,0,32652,-1085.0306055222957,crash,0.0,3528.991455078125,2.2691237926483154,14.934470176696777,
16,0,33957,-1092.5498923861685,crash,0.0,3528.991455078125,2.2691237926483154,14.934470176696777,
17,0,35287,-1075.4040912329745,crash,0.0,3571.3154296875,-1.4457802772521973,6.238327980041504,
18,0,39027,-1249.7822968537089,crash,0.0,3571.3154296875,-1.4457802772521973,6.238327980041504,
19,0,41294,-1083.738779156724,crash,0.0,3431.3623046875,-9.023632049560547,29.16750144958496,
20,0,45831,-1145.5345919189406,crash,0.0,3431.3623046875,-9.023632049560547,29.16750144958496,
21,1,47480,-1149.1623473040681,crash,0.0,3429.353759765625,-5.630858421325684,7.547299861907959,
22,1,52038,-1231.9975344240652,crash,0.0,3429.353759765625,-5.630858421325684,7.547299861907959,
23,1,53741,-1061.5385161372387,crash,0.0,3448.751953125,-2.6469779014587402,-19.369037628173828,
24,1,55670,-1201.0559009736362,crash,0.0,3448.751953125,-2.6469779014587402,-19.369037628173828,
25,1,57008,-1085.5595116953643,crash,0.0,3518.8154296875,4.027345657348633,14.26458740234375,
26,1,58661,-1082.8883678867762,crash,0.0,3518.8154296875,4.027345657348633,14.26458740234375,
27,1,61778,-1252.2870249308528,crash,0.0,3582.06201171875,-8.543379783630371,30.773324966430664,
28,1,63443,-1082.4210663092076,crash,0.0,3582.06201171875,-8.543379783630371,30.773324966430664,
29,1,65064,-1142.0509210238993,crash,0.0,3349.97021484375,-12.94515609741211,29.23956298828125,
30,1,66796,-1147.5589751285127,crash,0.0,3349.97021484375,-12.94515609741211,29.23956298828125,
31,1,68677,-1128.1071773087156,crash,0.0,3538.456787109375,-7.334356307983398,9.318634033203125,
32,1,70469,-1095.1732794093602,crash,0.0,3538.456787109375,-7.334356307983398,9.318634033203125,
33,1,76469,-1156.6224831681534,timeout,0.0,3223.705078125,3.19221568107605,0.4300866723060608,
34,1,78229,-1048.7430667598464,crash,0.0,3223.705078125,3.19221568107605,0.4300866723060608,
35,1,84229,-1711.6360035656178,loss,0.0,3567.522216796875,-31.01970100402832,24.368377685546875,
36,1,90229,-2876.9404649115695,loss,0.0,3567.522216796875,-31.01970100402832,24.368377685546875,
37,1,92442,-1091.5330111862975,crash,0.0,3634.6884765625,9.766618728637695,4.85181188583374,
38,1,98442,-547.0768410077382,loss,0.0,3634.6884765625,9.766618728637695,4.85181188583374,
39,1,104442,-2389.026192752467,loss,0.0,3410.87548828125,-7.858760356903076,29.05428123474121,
40,1,110442,-2191.017427432124,loss,0.0,3410.87548828125,-7.858760356903076,29.05428123474121,
41,2,116442,-308.55174435912636,loss,0.0,3468.47412109375,-11.772222518920898,7.349919319152832,
42,2,122442,-59.43005183478797,loss,0.0,3468.47412109375,-11.772222518920898,7.349919319152832,
43,2,128442,-361.3779519368539,loss,0.0,3542.3916015625,-2.084439754486084,-7.379653453826904,
44,2,134442,-1278.8110803820853,loss,0.0,3542.3916015625,-2.084439754486084,-7.379653453826904,
45,2,140442,-270.981420861875,loss,0.0,3488.50537109375,-17.477602005004883,4.4202117919921875,
46,2,146442,-98.97588398969647,loss,0.0,3488.50537109375,-17.477602005004883,4.4202117919921875,
47,2,152442,-401.3829509983605,loss,0.0,3497.541748046875,2.363574266433716,-0.7198514342308044,
48,2,158442,-424.7528229878246,loss,0.0,3497.541748046875,2.363574266433716,-0.7198514342308044,
49,2,164442,-361.4679030022517,loss,0.0,3282.59423828125,0.8398056030273438,16.208740234375,
50,2,170442,-93.34184126114489,loss,0.0,3282.59423828125,0.8398056030273438,16.208740234375,
51,2,176442,-648.0053301691476,loss,0.0,3526.24560546875,-15.927936553955078,17.85488510131836,
52,2,182442,-513.4856455662763,loss,0.0,3526.24560546875,-15.927936553955078,17.85488510131836,
53,2,188442,-611.759428961351,loss,0.0,3547.4052734375,15.450580596923828,19.41291618347168,
54,2,194442,-177.04660177669265,loss,0.0,3547.4052734375,15.450580596923828,19.41291618347168,
55,2,200442,-1645.4359584108643,loss,0.0,3456.7373046875,1.7524021863937378,7.4005513191223145,
56,2,206442,101.23947836218206,loss,0.0,3456.7373046875,1.7524021863937378,7.4005513191223145,
57,2,211735,-1741.7172486946906,crash,0.0,3401.75439453125,-0.899326503276825,15.475715637207031,
58,2,217735,-297.5668265496998,loss,0.0,3401.75439453125,-0.899326503276825,15.475715637207031,
59,2,223735,-231.3160481772817,loss,0.0,3267.03857421875,-6.213876247406006,30.314123153686523,
60,2,229735,-209.06278683388865,loss,0.0,3267.03857421875,-6.213876247406006,30.314123153686523,
61,3,235735,-234.97275617631394,loss,0.0,3189.8779296875,20.939884185791016,2.4828500747680664,
62,3,241735,-11.888486317937218,loss,0.0,3189.8779296875,20.939884185791016,2.4828500747680664,
63,3,247735,-168.33592176515617,loss,0.0,3615.98193359375,-34.22623062133789,4.452686786651611,
64,3,253735,-158.99509470572121,loss,0.0,3615.98193359375,-34.22623062133789,4.452686786651611,
65,3,259735,-431.4659037022338,loss,0.0,3650.305419921875,-4.134574890136719,22.29773712158203,
66,3,265735,-294.24138744006103,loss,0.0,3650.305419921875,-4.134574890136719,22.29773712158203,
67,3,271735,-260.410090611215,loss,0.0,3456.091796875,9.985541343688965,10.065596580505371,
68,3,277735,-193.26034733510446,loss,0.0,3456.091796875,9.985541343688965,10.065596580505371,
69,3,279352,-1062.9881577451304,crash,0.0,3382.59326171875,-14.53840160369873,22.505950927734375,
70,3,285352,-279.1449832824432,loss,0.0,3382.59326171875,-14.53840160369873,22.505950927734375,
71,3,291352,-531.9192861587633,loss,0.0,3579.87939453125,-18.58522605895996,10.190499305725098,
72,3,297352,-333.9221699749595,loss,0.0,3579.87939453125,-18.58522605895996,10.190499305725098,
73,3,303352,-840.4973002301305,win,0.0136986301369863,3477.392333984375,-18.234243392944336,12.226380348205566,
74,3,309352,69.82372916171832,loss,0.013513513513513514,3477.392333984375,-18.234243392944336,12.226380348205566,
75,3,311297,-1040.9255040332532,crash,0.013333333333333334,3475.31982421875,7.452985763549805,20.984899520874023,
76,3,317297,-23.283712545980432,loss,0.013157894736842105,3475.31982421875,7.452985763549805,20.984899520874023,
77,3,323297,-265.0146686052243,loss,0.012987012987012988,3158.640380859375,-3.274068832397461,23.951128005981445,
78,3,329297,-226.3435384973654,loss,0.01282051282051282,3158.640380859375,-3.274068832397461,23.951128005981445,
79,3,335297,-367.20971550425486,loss,0.012658227848101266,3549.123779296875,-35.63896942138672,20.529712677001953,
80,3,341297,-165.65218250505308,loss,0.0125,3549.123779296875,-35.63896942138672,20.529712677001953,
81,4,347297,-81.34205628265899,loss,0.012345679012345678,3588.240478515625,-38.97736740112305,-16.392932891845703,
82,4,353297,-220.33187600812929,loss,0.012195121951219513,3588.240478515625,-38.97736740112305,-16.392932891845703,
83,4,359297,16.275272741496202,loss,0.012048192771084338,3561.10546875,9.608335494995117,4.8819708824157715,
84,4,365297,201.45546419293524,timeout,0.011904761904761904,3561.10546875,9.608335494995117,4.8819708824157715,
85,4,371297,-154.650941446805,loss,0.011764705882352941,3777.559814453125,-5.553075313568115,4.317777633666992,
86,4,377297,-302.8823840952659,loss,0.011627906976744186,3777.559814453125,-5.553075313568115,4.317777633666992,
87,4,383297,98.97009102377176,loss,0.011494252873563218,3467.445556640625,-28.539180755615234,7.261575222015381,
88,4,389297,-274.67151009006983,loss,0.011363636363636364,3467.445556640625,-28.539180755615234,7.261575222015381,
89,4,395297,-119.08960033705297,loss,0.011235955056179775,3536.3125,-13.679764747619629,9.496296882629395,
90,4,401297,-166.25817589377706,loss,0.011111111111111112,3536.3125,-13.679764747619629,9.496296882629395,
91,4,407297,28.072301492635848,loss,0.01098901098901099,3484.0966796875,-21.114147186279297,22.338029861450195,
92,4,413297,-292.1360344189333,loss,0.010869565217391304,3484.0966796875,-21.114147186279297,22.338029861450195,
93,4,419297,-51.91317141810494,loss,0.010752688172043012,3513.73974609375,-33.768585205078125,-8.460976600646973,
94,4,425297,-585.0373080619501,loss,0.010638297872340425,3513.73974609375,-33.768585205078125,-8.460976600646973,
95,4,431297,-217.38381923314682,timeout,0.010526315789473684,3637.02783203125,-6.523036003112793,23.63359832763672,
96,4,437297,-99.09592285930844,loss,0.010416666666666666,3637.02783203125,-6.523036003112793,23.63359832763672,
97,4,443297,-326.60746388288055,loss,0.010309278350515464,3571.86083984375,-8.352667808532715,-11.117749214172363,
98,4,449297,-305.37245477219074,loss,0.01020408163265306,3571.86083984375,-8.352667808532715,-11.117749214172363,
99,4,455297,-222.889628347624,loss,0.010101010101010102,3473.262939453125,-8.089273452758789,-0.43888697028160095,
100,4,461297,-209.76207882640878,loss,0.01,3473.262939453125,-8.089273452758789,-0.43888697028160095,
101,5,467297,-329.0827451815022,loss,0.01,3477.5439453125,-27.608057022094727,14.459795951843262,
102,5,473297,-374.2006969905992,loss,0.01,3477.5439453125,-27.608057022094727,14.459795951843262,
103,5,479297,-149.302347116146,loss,0.01,3801.81005859375,-17.72478485107422,-7.183959007263184,
104,5,485297,-191.799443309902,loss,0.01,3801.81005859375,-17.72478485107422,-7.183959007263184,
105,5,491297,-246.46957546290733,loss,0.01,3534.41650390625,-11.276016235351562,4.799981117248535,
106,5,497297,-108.37096345840065,loss,0.01,3534.41650390625,-11.276016235351562,4.799981117248535,
107,5,503297,185.52209133700407,timeout,0.01,3355.29345703125,-15.035825729370117,11.107586860656738,
108,5,509297,-97.57766495907646,loss,0.01,3355.29345703125,-15.035825729370117,11.107586860656738,
109,5,515297,-82.9722280525831,loss,0.01,3517.947265625,-19.203594207763672,21.550045013427734,
110,5,521297,-216.0025871473755,loss,0.01,3517.947265625,-19.203594207763672,21.550045013427734,
111,5,527297,-124.99619056415234,loss,0.01,3609.867919921875,-8.102447509765625,4.198988437652588,
112,5,533297,-206.8577877503997,loss,0.01,3609.867919921875,-8.102447509765625,4.198988437652588,
113,5,539297,-201.66702961777918,loss,0.01,3487.14697265625,-10.258516311645508,4.796474456787109,
114,5,545297,-277.7953616540555,loss,0.01,3487.14697265625,-10.258516311645508,4.796474456787109,
115,5,551297,-139.69392483083004,loss,0.01,3519.89697265625,-25.769983291625977,28.969383239746094,
116,5,557297,-74.69297129894812,timeout,0.01,3519.89697265625,-25.769983291625977,28.969383239746094,
117,5,563297,-540.4813201977231,loss,0.01,3455.246826171875,-6.812159061431885,-0.9041798114776611,
118,5,569297,-432.2971041225843,loss,0.01,3455.246826171875,-6.812159061431885,-0.9041798114776611,
119,5,575297,140.6242113780151,timeout,0.01,3571.22900390625,-3.1862854957580566,21.753034591674805,
120,5,581297,-26.118394655843883,loss,0.01,3571.22900390625,-3.1862854957580566,21.753034591674805,
121,6,587297,-331.2988452862937,loss,0.01,3550.4306640625,-23.223194122314453,24.18218231201172,
122,6,593297,-354.5696758327548,loss,0.01,3550.4306640625,-23.223194122314453,24.18218231201172,
123,6,599297,157.4824950226268,timeout,0.01,3624.0625,7.032025337219238,12.882911682128906,
124,6,605297,-550.2595864765052,loss,0.01,3624.0625,7.032025337219238,12.882911682128906,
125,6,611297,-291.31443400653325,loss,0.01,3322.02685546875,1.9883493185043335,-12.527312278747559,
126,6,617297,-479.04331214942084,loss,0.01,3322.02685546875,1.9883493185043335,-12.527312278747559,
127,6,623297,-303.60196781557937,loss,0.01,3691.084716796875,-25.875167846679688,20.224897384643555,
128,6,629297,-410.92625169929306,loss,0.01,3691.084716796875,-25.875167846679688,20.224897384643555,
129,6,635297,13.801481892752527,timeout,0.01,3620.23291015625,-15.645907402038574,9.723296165466309,
130,6,641297,-307.52795376784394,loss,0.01,3620.23291015625,-15.645907402038574,9.723296165466309,
131,6,647297,127.96322451566371,loss,0.01,3500.574462890625,-3.5651087760925293,1.3383084535598755,
132,6,653297,-418.4057121397044,loss,0.01,3500.574462890625,-3.5651087760925293,1.3383084535598755,
133,6,659297,-523.5673587371826,loss,0.01,3548.91015625,7.103292942047119,10.246695518493652,
134,6,665297,-140.6123545461202,loss,0.01,3548.91015625,7.103292942047119,10.246695518493652,
135,6,671297,-100.06126711989873,loss,0.01,3401.6123046875,-14.057320594787598,20.706357955932617,
136,6,677297,21.699115947793274,win,0.02,3401.6123046875,-14.057320594787598,20.706357955932617,
137,6,683297,220.01097280057306,timeout,0.02,3564.298095703125,-4.139937877655029,1.3296467065811157,
138,6,689297,-358.7496280654565,loss,0.02,3564.298095703125,-4.139937877655029,1.3296467065811157,
139,6,695297,-409.8312803345492,loss,0.02,3587.57958984375,-24.672176361083984,-3.765894889831543,
140,6,701297,-7.271777207243748,loss,0.02,3587.57958984375,-24.672176361083984,-3.765894889831543,
141,7,707297,-219.58771853918944,win,0.03,3497.4482421875,-7.277717590332031,11.095393180847168,
142,7,713297,166.06773580462078,timeout,0.03,3497.4482421875,-7.277717590332031,11.095393180847168,
143,7,719297,14.646317073480033,loss,0.03,3436.7890625,6.434948444366455,-0.30887216329574585,
144,7,725297,-14.380349284596555,loss,0.03,3436.7890625,6.434948444366455,-0.30887216329574585,
145,7,731297,-225.65214200843906,loss,0.03,3586.79052734375,-8.230596542358398,14.75128173828125,
146,7,737297,-227.9661324359822,win,0.04,3586.79052734375,-8.230596542358398,14.75128173828125,
147,7,743297,-218.13818880760766,loss,0.04,3449.2880859375,3.757817506790161,2.0618605613708496,
148,7,749297,-339.7680569700285,loss,0.04,3449.2880859375,3.757817506790161,2.0618605613708496,
149,7,755297,-557.8469719251726,win,0.05,3199.705078125,-13.583799362182617,15.293180465698242,
150,7,761297,-422.1703937102936,loss,0.05,3199.705078125,-13.583799362182617,15.293180465698242,
151,7,767297,-592.3842575019981,loss,0.05,3231.9248046875,4.2569580078125,44.086063385009766,
152,7,773297,-173.09328414900023,loss,0.05,3231.9248046875,4.2569580078125,44.086063385009766,
153,7,779297,-85.76170104806103,loss,0.05,3250.491943359375,-12.128433227539062,16.68848991394043,
154,7,785297,-254.8125465653236,loss,0.05,3250.491943359375,-12.128433227539062,16.68848991394043,
155,7,791297,-91.1308603550263,loss,0.05,3471.3564453125,-4.222316265106201,1.9832100868225098,
156,7,797297,-435.583108259415,loss,0.05,3471.3564453125,-4.222316265106201,1.9832100868225098,
157,7,803297,-411.17586461827045,loss,0.05,3482.287353515625,-0.4982036352157593,16.17494010925293,
158,7,809297,18.307363347744705,timeout,0.05,3482.287353515625,-0.4982036352157593,16.17494010925293,
159,7,815297,-173.97069494244627,loss,0.05,3496.83935546875,-15.964493751525879,-31.08448028564453,
160,7,821297,-125.60355537538258,loss,0.05,3496.83935546875,-15.964493751525879,-31.08448028564453,
161,8,827297,-150.96005514850242,loss,0.05,3444.3046875,-0.8333362936973572,17.531591415405273,
162,8,833297,-235.40811240611853,loss,0.05,3444.3046875,-0.8333362936973572,17.531591415405273,
163,8,839297,-370.74231056533074,loss,0.05,3634.33837890625,-19.518136978149414,20.88784408569336,
164,8,845297,-169.5471322192853,loss,0.05,3634.33837890625,-19.518136978149414,20.88784408569336,
165,8,851297,7.435774727803837,win,0.06,3649.1650390625,-19.574167251586914,-11.055646896362305,
166,8,857297,17.565874408424456,win,0.07,3649.1650390625,-19.574167251586914,-11.055646896362305,
167,8,863297,80.31136398125192,loss,0.07,3513.730224609375,-42.18589401245117,-5.663642406463623,
168,8,869297,144.5904650157039,loss,0.07,3513.730224609375,-42.18589401245117,-5.663642406463623,
169,8,875297,-121.32780754659274,loss,0.07,3496.553955078125,-0.3925507068634033,1.5529731512069702,
170,8,881297,-297.55192104361333,loss,0.07,3496.553955078125,-0.3925507068634033,1.5529731512069702,
171,8,887297,-74.53679267364944,loss,0.07,3615.0078125,-17.95222282409668,9.500359535217285,
172,8,893297,-267.55793230088915,loss,0.07,3615.0078125,-17.95222282409668,9.500359535217285,
173,8,897131,-1409.9233270107084,crash,0.06,3416.93505859375,-34.420413970947266,6.269030570983887,
174,8,903131,-60.18136496655364,loss,0.06,3416.93505859375,-34.420413970947266,6.269030570983887,
175,8,909131,148.80890094489902,timeout,0.06,3587.80810546875,17.659263610839844,-18.43961524963379,
176,8,915131,-61.95137430308552,loss,0.06,3587.80810546875,17.659263610839844,-18.43961524963379,
177,8,921131,-198.07108467184082,loss,0.06,3540.266845703125,1.3252702951431274,-14.747804641723633,
178,8,926570,-1269.7616111794698,crash,0.06,3540.266845703125,1.3252702951431274,-14.747804641723633,
179,8,932570,-313.81364164091787,loss,0.06,3333.927490234375,-14.659674644470215,19.44598960876465,
180,8,938570,107.61434784632175,loss,0.06,3333.927490234375,-14.659674644470215,19.44598960876465,
181,9,944570,-332.90313077331234,loss,0.06,3637.79248046875,-7.665525436401367,-6.725416660308838,
182,9,950570,80.86872565008566,loss,0.06,3637.79248046875,-7.665525436401367,-6.725416660308838,
183,9,956570,-179.59986559217828,loss,0.06,3339.359619140625,-18.872766494750977,19.76711654663086,
184,9,962570,-284.35524917738485,loss,0.06,3339.359619140625,-18.872766494750977,19.76711654663086,
185,9,968570,211.8794255154526,timeout,0.06,3515.36279296875,-12.376954078674316,17.2194881439209,
186,9,974570,203.4484550649872,timeout,0.06,3515.36279296875,-12.376954078674316,17.2194881439209,
187,9,980570,191.96245807161097,timeout,0.06,3370.3486328125,-14.871665954589844,16.34920310974121,
188,9,986570,187.81998973687956,timeout,0.06,3370.3486328125,-14.871665954589844,16.34920310974121,
189,9,992570,85.13511501701458,loss,0.06,3288.264404296875,-19.172513961791992,26.933347702026367,
190,9,998570,192.9326420404824,timeout,0.06,3288.264404296875,-19.172513961791992,26.933347702026367,
191,9,1004570,-82.198846263078,win,0.07,3300.65625,-12.303339958190918,10.309402465820312,
192,9,1010570,196.72087495611677,timeout,0.07,3300.65625,-12.303339958190918,10.309402465820312,
193,9,1016570,194.65764824149608,timeout,0.07,3530.23974609375,-23.35995101928711,21.344133377075195,
194,9,1022570,37.72433735994765,loss,0.07,3530.23974609375,-23.35995101928711,21.344133377075195,
195,9,1028570,-260.7359095961403,loss,0.07,3526.15673828125,-6.472287654876709,-5.5095601081848145,
196,9,1034570,-0.18284932957979796,loss,0.07,3526.15673828125,-6.472287654876709,-5.5095601081848145,
197,9,1040570,-70.89176518518565,loss,0.07,3481.740966796875,3.4881997108459473,17.242395401000977,
198,9,1046570,-62.518754751968785,loss,0.07,3481.740966796875,3.4881997108459473,17.242395401000977,
199,9,1052570,-323.3348968799406,loss,0.07,3659.077880859375,-28.86847686767578,10.296765327453613,
200,9,1058570,-217.6882566022447,win,0.08,3659.077880859375,-28.86847686767578,10.296765327453613,
201,10,1064570,-82.7120389658834,loss,0.08,3472.268310546875,-4.498597145080566,0.6698799133300781,
202,10,1070570,192.47056969605057,timeout,0.08,3472.268310546875,-4.498597145080566,0.6698799133300781,
203,10,1076570,-443.3487781991851,loss,0.08,3483.518310546875,-16.570253372192383,7.380346298217773,
204,10,1082570,-215.76077449009193,loss,0.08,3483.518310546875,-16.570253372192383,7.380346298217773,
205,10,1088570,-253.77124286443583,loss,0.08,3595.22607421875,-14.724763870239258,1.3997951745986938,
206,10,1090514,-1350.2966306788878,crash,0.08,3595.22607421875,-14.724763870239258,1.3997951745986938,
207,10,1096514,-253.3505412598062,loss,0.08,3590.9833984375,-26.208406448364258,-9.183722496032715,
208,10,1102514,-415.41865404373544,loss,0.08,3590.9833984375,-26.208406448364258,-9.183722496032715,
209,10,1108514,73.24028961481872,timeout,0.08,3555.96337890625,-23.683399200439453,11.12944507598877,
210,10,1114514,-117.09631524992002,loss,0.08,3555.96337890625,-23.683399200439453,11.12944507598877,
211,10,1120514,172.10749069558761,timeout,0.08,3605.8466796875,-26.871444702148438,10.610420227050781,
212,10,1126514,235.01292354929015,timeout,0.08,3605.8466796875,-26.871444702148438,10.610420227050781,
213,10,1132514,187.31326671791652,timeout,0.08,3604.71337890625,-27.033220291137695,-9.123735427856445,
214,10,1138514,179.48642160703162,timeout,0.08,3604.71337890625,-27.033220291137695,-9.123735427856445,
215,10,1144514,-501.5181662858795,loss,0.08,3787.13232421875,-22.609954833984375,-2.552161455154419,
216,10,1150514,-307.94847455269837,loss,0.08,3787.13232421875,-22.609954833984375,-2.552161455154419,
217,10,1156514,-335.0522266803312,loss,0.08,3819.96826171875,-30.134492874145508,0.5988351106643677,
218,10,1162514,63.59695299543452,loss,0.08,3819.96826171875,-30.134492874145508,0.5988351106643677,
219,10,1168514,151.98003074171962,loss,0.08,3476.90478515625,2.0116896629333496,-4.922932147979736,
220,10,1174514,-278.44286847762123,loss,0.08,3476.90478515625,2.0116896629333496,-4.922932147979736,
221,11,1180514,-55.23576516121099,loss,0.08,3412.4541015625,-13.635120391845703,12.016342163085938,
222,11,1186514,165.32717570435642,timeout,0.08,3412.4541015625,-13.635120391845703,12.016342163085938,
223,11,1192514,187.8573506500794,timeout,0.08,3622.97314453125,-1.4905661344528198,-2.4235129356384277,
224,11,1198514,178.24006342401935,timeout,0.08,3622.97314453125,-1.4905661344528198,-2.4235129356384277,
225,11,1204514,111.68464796283891,loss,0.08,3571.14990234375,-13.703631401062012,6.580062389373779,
226,11,1210514,-128.0602362278623,loss,0.08,3571.14990234375,-13.703631401062012,6.580062389373779,
227,11,1216514,153.36593778219796,loss,0.08,3655.478515625,-3.381953477859497,7.391464710235596,
228,11,1222514,157.80122794650248,loss,0.08,3655.478515625,-3.381953477859497,7.391464710235596,
229,11,1228514,160.54559526345295,timeout,0.08,3212.79833984375,-15.288386344909668,-0.00670216977596283,
230,11,1234345,-1657.0090542391972,crash,0.08,3212.79833984375,-15.288386344909668,-0.00670216977596283,
231,11,1240345,180.49956050286974,timeout,0.08,3438.097900390625,-7.878036022186279,14.005696296691895,
232,11,1246345,175.2597541217702,timeout,0.08,3438.097900390625,-7.878036022186279,14.005696296691895,
233,11,1252345,-139.32261920899714,loss,0.08,3491.765625,-35.413414001464844,-10.363565444946289,
234,11,1258345,194.3338689827868,timeout,0.08,3491.765625,-35.413414001464844,-10.363565444946289,
235,11,1264345,182.3438659309838,timeout,0.08,3798.2109375,-35.72615432739258,9.585504531860352,
236,11,1270345,162.2934419196969,timeout,0.07,3798.2109375,-35.72615432739258,9.585504531860352,
237,11,1276345,165.2479463746773,timeout,0.07,3646.30859375,-29.77667999267578,-12.684401512145996,
238,11,1282345,-0.531247741741582,loss,0.07,3646.30859375,-29.77667999267578,-12.684401512145996,
239,11,1288345,75.12081059501914,loss,0.07,3441.569091796875,-27.475404739379883,14.562150001525879,
240,11,1294345,157.99003740926216,timeout,0.07,3441.569091796875,-27.475404739379883,14.562150001525879,
241,12,1300345,171.79293526537384,timeout,0.06,3438.58251953125,-15.564210891723633,14.634353637695312,
242,12,1306345,73.00694457717691,loss,0.06,3438.58251953125,-15.564210891723633,14.634353637695312,
243,12,1312345,105.47194569481766,timeout,0.06,3644.5927734375,-42.91324996948242,-12.082393646240234,
244,12,1318345,-87.34658485212644,loss,0.06,3644.5927734375,-42.91324996948242,-12.082393646240234,
245,12,1324345,-39.52207741349288,loss,0.06,3476.6552734375,-8.307920455932617,-19.383785247802734,
246,12,1330345,-40.994239160389384,timeout,0.05,3476.6552734375,-8.307920455932617,-19.383785247802734,
247,12,1336345,182.27214728408782,timeout,0.05,3922.796875,-43.28742980957031,-19.375417709350586,
248,12,1342345,174.20176866395875,timeout,0.05,3922.796875,-43.28742980957031,-19.375417709350586,
249,12,1348345,-56.3548774015696,loss,0.04,3548.859619140625,-7.291519641876221,0.031145140528678894,
250,12,1354345,25.399805084346784,loss,0.04,3548.859619140625,-7.291519641876221,0.031145140528678894,
251,12,1357893,-1057.3408081444472,crash,0.04,3612.867919921875,3.6808884143829346,-8.627663612365723,
252,12,1363893,161.98004222426923,timeout,0.04,3612.867919921875,3.6808884143829346,-8.627663612365723,
253,12,1369893,227.3362215805207,timeout,0.04,3628.79833984375,-35.994144439697266,-18.630338668823242,
254,12,1375893,178.33135460530272,timeout,0.04,3628.79833984375,-35.994144439697266,-18.630338668823242,
255,12,1381893,207.28558147871988,timeout,0.04,3476.08203125,-16.878780364990234,14.566587448120117,
256,12,1387893,59.254053637899055,loss,0.04,3476.08203125,-16.878780364990234,14.566587448120117,
257,12,1393893,152.6607713718845,loss,0.04,3446.18408203125,-15.599710464477539,-1.8225724697113037,
258,12,1399893,239.80743180030194,timeout,0.04,3446.18408203125,-15.599710464477539,-1.8225724697113037,
259,12,1405893,65.94034975969011,timeout,0.04,3452.6015625,-27.44574737548828,4.238735198974609,
260,12,1411893,-107.50997726746536,loss,0.04,3452.6015625,-27.44574737548828,4.238735198974609,
261,13,1417893,199.68420589028906,win,0.05,3298.348388671875,-31.536888122558594,30.56415557861328,
262,13,1423893,-296.36673920338603,loss,0.05,3298.348388671875,-31.536888122558594,30.56415557861328,
263,13,1429893,-72.78961661964854,loss,0.05,3636.109375,-16.634153366088867,-5.546708106994629,
264,13,1435893,243.027037326214,timeout,0.05,3636.109375,-16.634153366088867,-5.546708106994629,
265,13,1441893,-542.2216072267547,loss,0.04,3415.877685546875,-14.174016952514648,6.441843509674072,
266,13,1447893,-160.498804336028,loss,0.03,3415.877685546875,-14.174016952514648,6.441843509674072,
267,13,1453893,164.0734853499342,loss,0.03,3379.94140625,-5.184576511383057,9.030657768249512,
268,13,1459893,222.52276164048502,timeout,0.03,3379.94140625,-5.184576511383057,9.030657768249512,
269,13,1465893,-94.27874575369071,loss,0.03,3648.20654296875,-28.017383575439453,-17.26755714416504,
270,13,1471893,231.0077846528645,timeout,0.03,3648.20654296875,-28.017383575439453,-17.26755714416504,
271,13,1477893,161.75030780856827,loss,0.03,3680.87060546875,-50.72819519042969,-31.637266159057617,
272,13,1483893,214.97570857514054,timeout,0.03,3680.87060546875,-50.72819519042969,-31.637266159057617,
273,13,1489893,222.4149893848522,timeout,0.03,3539.947265625,-25.881397247314453,-0.49032267928123474,
274,13,1495893,-245.5247160021465,loss,0.03,3539.947265625,-25.881397247314453,-0.49032267928123474,
275,13,1501893,181.59930139775034,loss,0.03,3571.989990234375,-26.044504165649414,-1.7674585580825806,
276,13,1507893,243.8962413045922,timeout,0.03,3571.989990234375,-26.044504165649414,-1.7674585580825806,
277,13,1513893,239.33482583210943,timeout,0.03,3323.53759765625,-1.2007722854614258,15.662470817565918,
278,13,1519893,59.654387743045554,loss,0.03,3323.53759765625,-1.2007722854614258,15.662470817565918,
279,13,1525893,135.36755860361646,loss,0.03,3442.01953125,-11.951364517211914,-13.771587371826172,
280,13,1531893,194.60904433564622,timeout,0.03,3442.01953125,-11.951364517211914,-13.771587371826172,
281,14,1537893,75.719993296157,timeout,0.03,3283.969482421875,-31.206750869750977,2.066459894180298,
282,14,1543893,188.20721981994714,timeout,0.03,3283.969482421875,-31.206750869750977,2.066459894180298,
283,14,1549893,-318.56498269880433,loss,0.03,3525.40283203125,-32.23763656616211,1.6722743511199951,
284,14,1555893,135.9564488396864,timeout,0.03,3525.40283203125,-32.23763656616211,1.6722743511199951,
285,14,1561893,-497.8654381554779,loss,0.03,3655.775634765625,-33.67977523803711,3.1466047763824463,
286,14,1567893,200.84934663403516,timeout,0.03,3655.775634765625,-33.67977523803711,3.1466047763824463,
287,14,1573893,203.90012623730846,timeout,0.03,3660.9287109375,-21.84469223022461,-0.3517746031284332,
288,14,1579893,214.44543960347647,timeout,0.03,3660.9287109375,-21.84469223022461,-0.3517746031284332,
289,14,1585893,119.48750560817766,loss,0.03,3622.735595703125,-12.488960266113281,8.591268539428711,
290,14,1591893,0.9805732325127903,loss,0.03,3622.735595703125,-12.488960266113281,8.591268539428711,
291,14,1597893,90.14396452533894,timeout,0.02,3403.819091796875,-23.158065795898438,11.881010055541992,
292,14,1603893,-25.26673763479031,timeout,0.02,3403.819091796875,-23.158065795898438,11.881010055541992,
293,14,1609893,119.72489826132572,loss,0.02,3524.20947265625,-14.899395942687988,-13.486659049987793,
294,14,1615893,125.17721959922812,timeout,0.02,3524.20947265625,-14.899395942687988,-13.486659049987793,
295,14,1621893,188.6853405013514,timeout,0.02,3651.18896484375,-24.755931854248047,-3.1223325729370117,
296,14,1627893,27.61410094086318,loss,0.02,3651.18896484375,-24.755931854248047,-3.1223325729370117,
297,14,1633893,230.2310336122739,timeout,0.02,3469.589111328125,-26.601764678955078,12.860998153686523,
298,14,1639893,-346.9032476450193,loss,0.02,3469.589111328125,-26.601764678955078,12.860998153686523,
299,14,1645893,210.1641756459588,timeout,0.02,3415.142333984375,-30.630794525146484,5.51337194442749,
300,14,1651893,210.02128935817038,timeout,0.01,3415.142333984375,-30.630794525146484,5.51337194442749,
301,15,1657893,-35.624544601458396,loss,0.01,3676.30029296875,-26.869962692260742,-24.169897079467773,
302,15,1663893,224.19646871294464,timeout,0.01,3676.30029296875,-26.869962692260742,-24.169897079467773,
303,15,1669893,201.05202987886545,timeout,0.01,3703.10546875,-23.550594329833984,2.1606321334838867,
304,15,1675893,184.3553570250364,timeout,0.01,3703.10546875,-23.550594329833984,2.1606321334838867,
305,15,1681893,217.5924103978344,timeout,0.01,3356.10546875,-51.693389892578125,8.317209243774414,
306,15,1687893,212.0011259494398,timeout,0.01,3356.10546875,-51.693389892578125,8.317209243774414,
307,15,1693893,192.60069510977726,timeout,0.01,3486.9404296875,-31.45980453491211,-11.924508094787598,
308,15,1699893,202.00108258583708,timeout,0.01,3486.9404296875,-31.45980453491211,-11.924508094787598,
309,15,1705893,-597.3955334289494,loss,0.01,3359.716796875,-23.92766761779785,10.670516014099121,
310,15,1711893,171.756040772486,timeout,0.01,3359.716796875,-23.92766761779785,10.670516014099121,
311,15,1715243,-1140.3296537901067,crash,0.01,3311.5224609375,0.6853185296058655,-6.325373649597168,
312,15,1721243,245.2026950975295,timeout,0.01,3311.5224609375,0.6853185296058655,-6.325373649597168,
313,15,1727243,205.46435282687438,timeout,0.01,3529.78857421875,-13.626641273498535,-1.4342373609542847,
314,15,1733243,221.12128242553501,timeout,0.01,3529.78857421875,-13.626641273498535,-1.4342373609542847,
315,15,1739243,190.33710904719896,timeout,0.01,3326.71337890625,-11.049261093139648,5.247107028961182,
316,15,1745243,195.6912809168248,timeout,0.01,3326.71337890625,-11.049261093139648,5.247107028961182,
317,15,1751243,248.70021705030055,timeout,0.01,3652.451171875,-27.994829177856445,-22.294090270996094,
318,15,1757243,242.07906915134103,timeout,0.01,3652.451171875,-27.994829177856445,-22.294090270996094,
319,15,1763243,235.640912693272,timeout,0.01,3548.22119140625,-24.643299102783203,-10.27884578704834,
320,15,1769243,222.4796605857232,timeout,0.01,3548.22119140625,-24.643299102783203,-10.27884578704834,
321,16,1775243,219.67029140054814,timeout,0.01,3348.0810546875,-22.418174743652344,18.108661651611328,
322,16,1781243,168.75606371367172,timeout,0.01,3348.0810546875,-22.418174743652344,18.108661651611328,
323,16,1787243,187.7443820907552,timeout,0.01,3332.1748046875,-5.806185245513916,16.388286590576172,
324,16,1793243,179.84602234279302,timeout,0.01,3332.1748046875,-5.806185245513916,16.388286590576172,
325,16,1799243,-554.0431046839678,loss,0.01,3441.336669921875,9.646573066711426,-27.04840087890625,
326,16,1805243,118.29747220886436,loss,0.01,3441.336669921875,9.646573066711426,-27.04840087890625,
327,16,1811243,227.99959070043047,timeout,0.01,3530.6083984375,-35.99884033203125,-4.578932285308838,
328,16,1817243,203.3939069232293,timeout,0.01,3530.6083984375,-35.99884033203125,-4.578932285308838,
329,16,1823243,223.95264377420764,timeout,0.01,3724.46142578125,3.943556070327759,-3.1852574348449707,
330,16,1829243,263.2401483210516,timeout,0.01,3724.46142578125,3.943556070327759,-3.1852574348449707,
331,16,1835243,208.47214519163433,timeout,0.01,3619.008056640625,-30.464487075805664,19.378263473510742,
332,16,1841243,-263.1343593817747,loss,0.01,3619.008056640625,-30.464487075805664,19.378263473510742,
333,16,1847243,-17.371069576805944,loss,0.01,3668.1982421875,-30.826826095581055,-9.901030540466309,
334,16,1853243,206.37773933628347,timeout,0.01,3668.1982421875,-30.826826095581055,-9.901030540466309,
335,16,1859243,93.12371551840558,loss,0.01,3744.70751953125,-16.730754852294922,4.452282428741455,
336,16,1863328,-1389.9599839104385,crash,0.01,3744.70751953125,-16.730754852294922,4.452282428741455,
337,16,1869328,-386.89682325828784,loss,0.01,3235.11962890625,-25.63981819152832,23.034099578857422,
338,16,1875328,-320.38422643925895,loss,0.01,3235.11962890625,-25.63981819152832,23.034099578857422,
339,16,1876924,-1172.449439487478,crash,0.01,3387.7587890625,-18.953283309936523,-13.71035385131836,
340,16,1881968,-1338.8671436641782,crash,0.01,3387.7587890625,-18.953283309936523,-13.71035385131836,
341,17,1887968,-581.116719222028,loss,0.01,3733.725341796875,-27.65611457824707,-3.4636547565460205,
342,17,1893968,-517.46081407418,loss,0.01,3733.725341796875,-27.65611457824707,-3.4636547565460205,
343,17,1899968,-398.9779705633299,loss,0.01,3895.014892578125,-44.77006530761719,-14.137252807617188,
344,17,1905968,110.46293211200951,loss,0.01,3895.014892578125,-44.77006530761719,-14.137252807617188,
345,17,1911968,-282.18328706954344,timeout,0.01,3542.98583984375,-2.094240665435791,-1.8777599334716797,
346,17,1913557,-1181.9525803828776,crash,0.01,3542.98583984375,-2.094240665435791,-1.8777599334716797,
347,17,1919557,168.77642007655393,timeout,0.01,3613.8447265625,-17.26314926147461,-1.7772865295410156,
348,17,1921420,-1124.8808389209623,crash,0.01,3613.8447265625,-17.26314926147461,-1.7772865295410156,
349,17,1927420,-440.02484589233285,loss,0.01,3581.56591796875,-21.13575553894043,-18.158428192138672,
350,17,1933420,-677.724841760746,loss,0.01,3581.56591796875,-21.13575553894043,-18.158428192138672,
351,17,1939420,213.91588433373448,timeout,0.01,3520.155517578125,-31.32019805908203,-3.5862019062042236,
352,17,1945420,224.3640271117439,timeout,0.01,3520.155517578125,-31.32019805908203,-3.5862019062042236,
353,17,1951420,193.06421024636546,timeout,0.01,3429.191650390625,-48.302433013916016,-4.706456184387207,
354,17,1957420,105.46498927303382,loss,0.01,3429.191650390625,-48.302433013916016,-4.706456184387207,
355,17,1963420,-51.61580806140944,loss,0.01,3558.813232421875,-41.18751525878906,4.576051712036133,
356,17,1969420,-187.94983716277184,loss,0.01,3558.813232421875,-41.18751525878906,4.576051712036133,
357,17,1975420,235.7896641989574,timeout,0.01,3578.125244140625,-22.7999210357666,-17.874664306640625,
358,17,1979475,-1213.8525491445457,crash,0.01,3578.125244140625,-22.7999210357666,-17.874664306640625,
359,17,1985475,132.33636151131844,win,0.02,3448.67919921875,-38.85005569458008,-6.867603302001953,
360,17,1987277,-1148.4731250664568,crash,0.02,3448.67919921875,-38.85005569458008,-6.867603302001953,
361,18,1993277,209.48896554392374,timeout,0.01,3632.216064453125,-38.68647003173828,0.4162707030773163,
362,18,1999277,-197.03602830075926,loss,0.01,3632.216064453125,-38.68647003173828,0.4162707030773163,
363,18,2000851,-1112.4227972281103,crash,0.01,3482.44384765625,-19.17817497253418,1.169775366783142,
364,18,2006851,209.06824836601314,timeout,0.01,3482.44384765625,-19.17817497253418,1.169775366783142,
365,18,2012851,-200.26955142588983,win,0.02,3469.724609375,-47.71510314941406,13.361916542053223,
366,18,2018851,-555.4790959951727,win,0.03,3469.724609375,-47.71510314941406,13.361916542053223,
367,18,2024851,-2756.298880925677,timeout,0.03,3471.55029296875,-7.451756477355957,7.698851108551025,
368,18,2030851,-206.21563238253032,loss,0.03,3471.55029296875,-7.451756477355957,7.698851108551025,
369,18,2036851,117.56380175459961,loss,0.03,3579.2607421875,-43.698822021484375,-5.788395404815674,
370,18,2042851,31.78422425700912,timeout,0.03,3579.2607421875,-43.698822021484375,-5.788395404815674,
371,18,2048851,-155.2977623054024,loss,0.03,3529.4443359375,-40.13410949707031,-1.389316439628601,
372,18,2054851,-32.42569144687565,loss,0.03,3529.4443359375,-40.13410949707031,-1.389316439628601,
373,18,2060851,22.846700527410714,loss,0.03,3388.42333984375,-31.379859924316406,18.845266342163086,
374,18,2066851,-374.90299685224056,loss,0.03,3388.42333984375,-31.379859924316406,18.845266342163086,
375,18,2072851,-23.74549398589902,loss,0.03,3611.12646484375,-20.515596389770508,-5.714810371398926,
376,18,2078851,109.81255210586272,loss,0.03,3611.12646484375,-20.515596389770508,-5.714810371398926,
377,18,2084851,-175.01658697528399,loss,0.03,3518.8193359375,-31.39986801147461,8.62199592590332,
378,18,2090851,68.0430045126772,loss,0.03,3518.8193359375,-31.39986801147461,8.62199592590332,
379,18,2096851,-226.64625665172517,loss,0.03,3373.14599609375,-36.25979995727539,8.976161003112793,
380,18,2102851,-326.3812739834824,loss,0.03,3373.14599609375,-36.25979995727539,8.976161003112793,
381,19,2108851,-15.631442671303624,loss,0.03,3755.36376953125,-26.81418800354004,-9.252347946166992,
382,19,2114851,31.80982815785549,loss,0.03,3755.36376953125,-26.81418800354004,-9.252347946166992,
383,19,2120851,-189.21785427147208,timeout,0.03,3484.75146484375,-18.525548934936523,0.14280346035957336,
384,19,2126768,-1457.6920193114595,crash,0.03,3484.75146484375,-18.525548934936523,0.14280346035957336,
385,19,2131020,-1145.2730406433373,crash,0.03,3517.8662109375,-43.24843215942383,14.75247859954834,
386,19,2137020,27.941250952984543,timeout,0.03,3517.8662109375,-43.24843215942383,14.75247859954834,
387,19,2143020,208.43532594116706,timeout,0.03,3475.872314453125,-38.6890983581543,-7.626160144805908,
388,19,2149020,127.7230936754574,timeout,0.03,3475.872314453125,-38.6890983581543,-7.626160144805908,
389,19,2155020,-643.9892192227609,timeout,0.03,3462.35791015625,-53.302757263183594,15.719005584716797,
390,19,2161020,166.7550265641529,timeout,0.03,3462.35791015625,-53.302757263183594,15.719005584716797,
391,19,2167020,95.49256421225104,timeout,0.03,3523.5966796875,-30.279098510742188,-30.600561141967773,
392,19,2173020,-209.39226329404602,timeout,0.03,3523.5966796875,-30.279098510742188,-30.600561141967773,
393,19,2179020,-190.8040600351162,timeout,0.03,3645.043212890625,-42.86967468261719,-18.63408088684082,
394,19,2185020,-110.40708167073754,loss,0.03,3645.043212890625,-42.86967468261719,-18.63408088684082,
395,19,2191020,-69.73674539677246,loss,0.03,3586.75634765625,-29.62689208984375,-15.747056007385254,
396,19,2197020,-172.4077283925897,loss,0.03,3586.75634765625,-29.62689208984375,-15.747056007385254,
397,19,2203020,79.71865453746867,loss,0.03,3503.00830078125,-41.62686538696289,6.521597385406494,
398,19,2209020,259.69633274625966,loss,0.03,3503.00830078125,-41.62686538696289,6.521597385406494,
399,19,2215020,78.72484747981534,win,0.04,3709.18115234375,-29.598169326782227,-5.835019588470459,
400,19,2221020,-121.41003945852816,loss,0.04,3709.18115234375,-29.598169326782227,-5.835019588470459,
401,20,2227020,-172.7006234565723,loss,0.04,3645.37646484375,-28.419214248657227,-11.844245910644531,
402,20,2233020,-270.2687330404722,loss,0.04,3645.37646484375,-28.419214248657227,-11.844245910644531,
403,20,2239020,-177.32508675619107,loss,0.04,3749.65185546875,-40.362186431884766,-11.509308815002441,
404,20,2245020,-602.6320197910167,loss,0.04,3749.65185546875,-40.362186431884766,-11.509308815002441,
405,20,2251020,-190.20419340997057,loss,0.04,3374.219482421875,-6.043426513671875,3.9176714420318604,
406,20,2252473,-1087.6134826908553,crash,0.04,3374.219482421875,-6.043426513671875,3.9176714420318604,
407,20,2258473,119.13929653977954,loss,0.04,3511.713623046875,-6.926586627960205,-21.769718170166016,
408,20,2264473,-27.317846797558285,loss,0.04,3511.713623046875,-6.926586627960205,-21.769718170166016,
409,20,2270473,-2.3771319077536006,loss,0.04,3561.85986328125,-42.994773864746094,17.605321884155273,
410,20,2276473,-14.215975313272025,loss,0.04,3561.85986328125,-42.994773864746094,17.605321884155273,
411,20,2282473,207.09207487967265,timeout,0.04,3159.5576171875,2.4377455711364746,14.190479278564453,
412,20,2288473,-72.49177770552201,loss,0.04,3159.5576171875,2.4377455711364746,14.190479278564453,
413,20,2294473,-1172.7614029999909,win,0.05,3350.53955078125,-34.74159622192383,7.287919521331787,
414,20,2300473,-1057.1598732645825,loss,0.05,3350.53955078125,-34.74159622192383,7.287919521331787,
415,20,2306473,-321.67210698229474,loss,0.05,3759.9091796875,-47.57461929321289,-21.950000762939453,
416,20,2312473,-137.07984618692623,loss,0.05,3759.9091796875,-47.57461929321289,-21.950000762939453,
417,20,2318473,125.56171434822267,loss,0.05,3526.67333984375,-27.097448348999023,-13.193029403686523,
418,20,2324473,147.2704538503914,timeout,0.05,3526.67333984375,-27.097448348999023,-13.193029403686523,
419,20,2326432,-1098.183465678079,crash,0.05,3368.654296875,-29.85230255126953,2.659912586212158,
420,20,2328933,-1140.124906964737,crash,0.05,3368.654296875,-29.85230255126953,2.659912586212158,
421,21,2330712,-1208.4296394463013,disengaged,0.05,2989.330078125,4.661597728729248,-95.4305191040039,straight
422,21,2333525,-1183.6714617248815,disengaged,0.05,2989.330078125,4.661597728729248,-95.4305191040039,straight
423,21,2339525,-728.3650821065122,timeout,0.05,3089.06005859375,-27.453697204589844,-132.1642303466797,bfm_angles
424,21,2345525,-700.2824286160685,timeout,0.05,3089.06005859375,-27.453697204589844,-132.1642303466797,bfm_angles
425,21,2351525,-327.88762073848153,timeout,0.05,3317.049072265625,38.875797271728516,-83.96395874023438,straight
426,21,2356271,-1200.4001052810395,disengaged,0.05,3317.049072265625,38.875797271728516,-83.96395874023438,straight
427,21,2357773,-1296.7671035441988,disengaged,0.05,3163.25390625,-13.757787704467773,-90.94571685791016,straight
428,21,2359269,-1272.6938002786894,disengaged,0.05,3163.25390625,-13.757787704467773,-90.94571685791016,straight
429,21,2365269,-247.37089053376042,timeout,0.05,3376.29736328125,77.06372833251953,-21.502038955688477,bfm_angles
430,21,2371269,-276.6584308063925,timeout,0.05,3376.29736328125,77.06372833251953,-21.502038955688477,bfm_angles
431,21,2373591,-1150.3753905497229,disengaged,0.05,3297.306396484375,18.753707885742188,-78.37293243408203,straight
432,21,2375882,-1162.2970047513882,disengaged,0.05,3297.306396484375,18.753707885742188,-78.37293243408203,straight
433,21,2377648,-1158.5372442415394,disengaged,0.05,3480.28076171875,-27.849889755249023,-79.59326934814453,straight
434,21,2379562,-1189.791442731204,disengaged,0.05,3480.28076171875,-27.849889755249023,-79.59326934814453,straight
435,21,2382140,-959.9852034753549,loss,0.05,2055.919677734375,-172.21815490722656,-71.18212127685547,bfm_angles
436,21,2388140,124.0229691002536,timeout,0.05,2055.919677734375,-172.21815490722656,-71.18212127685547,bfm_angles
437,21,2394140,-203.42542980143682,timeout,0.05,2825.15087890625,-105.86780548095703,59.00770568847656,straight
438,21,2400140,-259.41773218394326,timeout,0.05,2825.15087890625,-105.86780548095703,59.00770568847656,straight
439,21,2406140,116.71159784470089,timeout,0.05,4207.09228515625,-161.7216339111328,-69.07881927490234,bfm_angles
440,21,2412140,96.23656756371479,timeout,0.05,4207.09228515625,-161.7216339111328,-69.07881927490234,bfm_angles
441,22,2418140,-542.0365668550772,timeout,0.05,3371.50927734375,-9.877426147460938,-111.43323516845703,bfm_angles
442,22,2424140,-546.8686074426868,timeout,0.05,3371.50927734375,-9.877426147460938,-111.43323516845703,bfm_angles
443,22,2425312,-1117.598535922966,disengaged,0.05,3266.69140625,-75.47899627685547,-101.8910903930664,straight
444,22,2426478,-1122.0727330639302,disengaged,0.05,3266.69140625,-75.47899627685547,-101.8910903930664,straight
445,22,2428689,-1167.246883100331,disengaged,0.05,3263.8671875,15.744500160217285,-82.81017303466797,straight
446,22,2430815,-1177.2888182272677,disengaged,0.05,3263.8671875,15.744500160217285,-82.81017303466797,straight
447,22,2436815,-84.40226404175577,timeout,0.05,3248.9853515625,51.24458312988281,-118.50039672851562,bfm_angles
448,22,2438248,-1478.492010577575,crash,0.05,3248.9853515625,51.24458312988281,-118.50039672851562,bfm_angles
449,22,2440716,-1217.546848541327,disengaged,0.05,3547.2919921875,-1.7920162677764893,-50.32059097290039,straight
450,22,2443100,-1034.2916857312407,disengaged,0.05,3547.2919921875,-1.7920162677764893,-50.32059097290039,straight
451,22,2444537,-1124.3573523065745,disengaged,0.05,3016.55615234375,-0.772276759147644,-92.78508758544922,straight
452,22,2446087,-1614.6269083399418,disengaged,0.05,3016.55615234375,-0.772276759147644,-92.78508758544922,straight
453,22,2452087,-171.05856614730942,timeout,0.05,3216.682373046875,145.11607360839844,-140.35606384277344,straight
454,22,2456499,-1163.1906323752314,disengaged,0.05,3216.682373046875,145.11607360839844,-140.35606384277344,straight
455,22,2459224,-1058.83079777633,loss,0.05,2793.9462890625,-144.03378295898438,89.9657211303711,bfm_angles
456,22,2461153,-954.9617672034216,loss,0.05,2793.9462890625,-144.03378295898438,89.9657211303711,bfm_angles
457,22,2465427,-1144.3193094370122,disengaged,0.05,3050.135498046875,128.8177947998047,-123.23471069335938,straight
458,22,2468134,-1670.8785296516678,crash,0.05,3050.135498046875,128.8177947998047,-123.23471069335938,straight
459,22,2469534,-1142.9364095185392,disengaged,0.04,2320.99462890625,-57.781715393066406,171.36595153808594,straight
460,22,2470863,-1155.5726171389508,disengaged,0.04,2320.99462890625,-57.781715393066406,171.36595153808594,straight
461,23,2472111,-1140.3719166512199,disengaged,0.04,3433.607421875,-45.15140914916992,-99.982421875,straight
462,23,2473553,-1162.7221221760203,disengaged,0.04,3433.607421875,-45.15140914916992,-99.982421875,straight
463,23,2476223,-1427.505021460404,crash,0.04,3511.8095703125,-66.0356674194336,-117.79285430908203,bfm_angles
464,23,2479119,-1583.5645823197597,crash,0.04,3511.8095703125,-66.0356674194336,-117.79285430908203,bfm_angles
465,23,2483895,-1696.6683516940857,crash,0.03,3366.08544921875,-98.39077758789062,-70.53871154785156,bfm_angles
466,23,2486562,-1009.1427094906593,loss,0.02,3366.08544921875,-98.39077758789062,-70.53871154785156,bfm_angles
467,23,2488478,-1167.7419957172551,disengaged,0.02,3254.47705078125,-46.67439270019531,-83.01531219482422,straight
468,23,2490768,-1263.3238443701293,disengaged,0.02,3254.47705078125,-46.67439270019531,-83.01531219482422,straight
469,23,2492164,-1119.275562766126,disengaged,0.02,3608.47021484375,-67.23116302490234,-85.74776458740234,straight
470,23,2493517,-1120.2190761974116,disengaged,0.02,3608.47021484375,-67.23116302490234,-85.74776458740234,straight
471,23,2499022,-1247.4551726044908,loss,0.02,3440.15576171875,-65.23198699951172,-139.44479370117188,bfm_angles
472,23,2502752,-1028.1956216270255,loss,0.02,3440.15576171875,-65.23198699951172,-139.44479370117188,bfm_angles
473,23,2504404,-1461.3350894185114,disengaged,0.02,3757.680908203125,-50.1949577331543,-96.84542083740234,straight
474,23,2506161,-1206.0545213979944,disengaged,0.02,3757.680908203125,-50.1949577331543,-96.84542083740234,straight
475,23,2508631,-1369.5726097582976,disengaged,0.02,2784.819580078125,-105.55555725097656,134.21209716796875,straight
476,23,2512705,-1801.639308016538,disengaged,0.02,2784.819580078125,-105.55555725097656,134.21209716796875,straight
477,23,2517907,-1187.3724714060165,disengaged,0.02,3371.826904296875,-144.7397003173828,131.8486785888672,straight
478,23,2522470,-2680.814882464138,disengaged,0.02,3371.826904296875,-144.7397003173828,131.8486785888672,straight
479,23,2524179,-1111.5344081883818,disengaged,0.02,4970.20654296875,123.1790542602539,77.49784851074219,straight
480,23,2525739,-1102.1922834569714,disengaged,0.02,4970.20654296875,123.1790542602539,77.49784851074219,straight
481,24,2527534,-1121.2660037748017,disengaged,0.02,3400.643310546875,-47.9658203125,-72.58091735839844,straight
482,24,2529409,-1069.9749419531836,disengaged,0.02,3400.643310546875,-47.9658203125,-72.58091735839844,straight
483,24,2532561,-1423.4189778086009,loss,0.02,3472.64794921875,-83.90447998046875,-105.25764465332031,bfm_angles
484,24,2535798,-1034.3631148073287,loss,0.02,3472.64794921875,-83.90447998046875,-105.25764465332031,bfm_angles
485,24,2541798,432.3239433885431,timeout,0.02,3612.40283203125,-126.67829132080078,10.498214721679688,straight
486,24,2546151,-900.765545141391,disengaged,0.02,3612.40283203125,-126.67829132080078,10.498214721679688,straight
487,24,2547589,-1053.8810348178686,disengaged,0.02,3402.31640625,-73.73310089111328,-99.28860473632812,straight
488,24,2549494,-1044.225674500956,disengaged,0.02,3402.31640625,-73.73310089111328,-99.28860473632812,straight
489,24,2551216,-1137.0705149060695,disengaged,0.02,3747.22412109375,-141.26918029785156,-63.16444396972656,straight
490,24,2552808,-1660.0718014071508,disengaged,0.02,3747.22412109375,-141.26918029785156,-63.16444396972656,straight
491,24,2554747,-1311.5004234764608,disengaged,0.02,3479.39794921875,-88.77178955078125,-93.57188415527344,straight
492,24,2556098,-1074.5704255972894,disengaged,0.02,3479.39794921875,-88.77178955078125,-93.57188415527344,straight
493,24,2557551,-1649.8939658460854,crash,0.02,3350.246826171875,-99.43659210205078,175.6969757080078,straight
494,24,2559283,-1123.8996864020457,disengaged,0.02,3350.246826171875,-99.43659210205078,175.6969757080078,straight
495,24,2563597,-885.5024463576323,disengaged,0.02,2563.623291015625,-64.29349517822266,0.9847299456596375,straight
496,24,2568928,-948.5369832585475,disengaged,0.02,2563.623291015625,-64.29349517822266,0.9847299456596375,straight
497,24,2570490,-1149.230022235027,disengaged,0.02,2233.142822265625,-4.810422897338867,70.72676086425781,straight
498,24,2572072,-1102.940890775586,disengaged,0.02,2233.142822265625,-4.810422897338867,70.72676086425781,straight
499,24,2578072,-27.32157919525427,timeout,0.01,3176.8046875,-122.0660400390625,164.62966918945312,straight
500,24,2583536,-1473.0404971911653,crash,0.01,3176.8046875,-122.0660400390625,164.62966918945312,straight
501,25,2585721,-1048.6226974661813,disengaged,0.01,3634.960205078125,-83.71672058105469,-50.610416412353516,straight
502,25,2588181,-1054.9391008976902,disengaged,0.01,3634.960205078125,-83.71672058105469,-50.610416412353516,straight
503,25,2590561,-1129.8249067463673,disengaged,0.01,3495.77197265625,157.4532928466797,48.76516342163086,straight
504,25,2593643,-1126.386760378567,disengaged,0.01,3495.77197265625,157.4532928466797,48.76516342163086,straight
505,25,2594966,-1154.957601305789,disengaged,0.01,3637.60888671875,57.61132049560547,173.65736389160156,straight
506,25,2596300,-1152.1782355696064,disengaged,0.01,3637.60888671875,57.61132049560547,173.65736389160156,straight
507,25,2596637,-967.3086910612238,loss,0.01,3444.349365234375,-146.69381713867188,28.02421760559082,bfm_angles
508,25,2596981,-967.351783300642,loss,0.01,3444.349365234375,-146.69381713867188,28.02421760559082,bfm_angles
509,25,2602623,-1340.2977923795008,crash,0.01,3518.533203125,-53.2703971862793,-100.95391845703125,straight
510,25,2607408,-972.1710975166392,disengaged,0.01,3518.533203125,-53.2703971862793,-100.95391845703125,straight
511,25,2609754,-1069.9849969525446,disengaged,0.01,3389.24072265625,-42.35484313964844,-91.17214965820312,straight
512,25,2615344,-1078.0038828785252,disengaged,0.01,3389.24072265625,-42.35484313964844,-91.17214965820312,straight
513,25,2615869,-971.6985467705354,loss,0.0,3448.8505859375,147.7176055908203,-53.99480438232422,straight
514,25,2616382,-975.9022398399613,loss,0.0,3448.8505859375,147.7176055908203,-53.99480438232422,straight
515,25,2617682,-982.9500397770502,loss,0.0,4875.77783203125,143.568115234375,17.195646286010742,bfm_angles
516,25,2618252,-965.7963258386094,loss,0.0,4875.77783203125,143.568115234375,17.195646286010742,bfm_angles
517,25,2621460,-992.5756820777533,disengaged,0.0,4787.46826171875,-57.5324821472168,33.599422454833984,straight
518,25,2624521,-935.4185329146856,disengaged,0.0,4787.46826171875,-57.5324821472168,33.599422454833984,straight
519,25,2625284,-1004.6886382397306,loss,0.0,3088.276123046875,-80.62621307373047,120.23656463623047,bfm_angles
520,25,2626071,-1006.2045311054708,loss,0.0,3088.276123046875,-80.62621307373047,120.23656463623047,bfm_angles
521,26,2626465,-973.4706807382058,loss,0.0,3521.71044921875,-167.4607696533203,-18.66503143310547,bfm_angles
522,26,2626878,-973.7755745558686,loss,0.0,3521.71044921875,-167.4607696533203,-18.66503143310547,bfm_angles
523,26,2629506,-1106.4577063645622,disengaged,0.0,3412.43603515625,-114.61908721923828,-73.92166900634766,straight
524,26,2631269,-1158.2039629819683,disengaged,0.0,3412.43603515625,-114.61908721923828,-73.92166900634766,straight
525,26,2633342,-1163.6060933809963,disengaged,0.0,3329.297119140625,-145.56668090820312,56.28238296508789,straight
526,26,2635362,-1078.0596137469527,disengaged,0.0,3329.297119140625,-145.56668090820312,56.28238296508789,straight
527,26,2641362,-313.8215617312011,timeout,0.0,3403.9453125,-93.80397033691406,-159.90975952148438,bfm_angles
528,26,2646112,-1264.5235095013022,loss,0.0,3403.9453125,-93.80397033691406,-159.90975952148438,bfm_angles
529,26,2648364,-1279.9619569978709,disengaged,0.0,3280.1689453125,145.24722290039062,36.9487419128418,straight
530,26,2654364,10.166357022827734,timeout,0.0,3280.1689453125,145.24722290039062,36.9487419128418,straight
531,26,2657390,-1253.3380306632016,loss,0.0,3241.845703125,-90.35346221923828,-22.124004364013672,bfm_angles
532,26,2660103,-1155.328193819028,loss,0.0,3241.845703125,-90.35346221923828,-22.124004364013672,bfm_angles
533,26,2662234,-1210.9839981473858,disengaged,0.0,3581.24755859375,-121.70326232910156,-4.994259357452393,straight
534,26,2664401,-1188.378903718678,disengaged,0.0,3581.24755859375,-121.70326232910156,-4.994259357452393,straight
535,26,2667194,-1229.3371855158573,loss,0.0,2864.91796875,98.13505554199219,61.06483840942383,bfm_angles
536,26,2669720,-986.47091572797,loss,0.0,2864.91796875,98.13505554199219,61.06483840942383,bfm_angles
537,26,2670950,-1111.0818134992255,disengaged,0.0,4299.16357421875,7.314727783203125,105.93312072753906,straight
538,26,2672383,-1146.333349384533,disengaged,0.0,4299.16357421875,7.314727783203125,105.93312072753906,straight
539,26,2674023,-1273.1137572160608,loss,0.0,3079.54345703125,155.51109313964844,79.07230377197266,bfm_angles
540,26,2675289,-1090.0024686170295,loss,0.0,3079.54345703125,155.51109313964844,79.07230377197266,bfm_angles
541,27,2677218,-1168.3051041622682,loss,0.0,3573.5234375,-138.26638793945312,-136.4843292236328,bfm_angles
542,27,2679007,-1613.6756148569093,loss,0.0,3573.5234375,-138.26638793945312,-136.4843292236328,bfm_angles
543,27,2682101,-1483.5032532498526,disengaged,0.0,3477.713623046875,-132.7063751220703,-123.36933898925781,straight
544,27,2684692,-1579.465435158353,disengaged,0.0,3477.713623046875,-132.7063751220703,-123.36933898925781,straight
545,27,2687389,-1381.9235478905262,disengaged,0.0,3623.5390625,-145.68365478515625,65.14368438720703,straight
546,27,2690092,-1294.8071375833401,disengaged,0.0,3623.5390625,-145.68365478515625,65.14368438720703,straight
547,27,2696092,-325.7232986859599,timeout,0.0,3734.516845703125,174.29806518554688,-176.58847045898438,straight
548,27,2697359,-1566.2324123143771,crash,0.0,3734.516845703125,174.29806518554688,-176.58847045898438,straight
549,27,2699839,-1006.2595475703592,disengaged,0.0,3591.35400390625,-111.7069320678711,-45.2977294921875,straight
550,27,2702086,-1006.2156533911434,disengaged,0.0,3591.35400390625,-111.7069320678711,-45.2977294921875,straight
551,27,2705680,-2891.1842773565313,disengaged,0.0,3649.6767578125,166.30801391601562,152.0420684814453,straight
552,27,2711680,-2043.5688805476555,timeout,0.0,3649.6767578125,166.30801391601562,152.0420684814453,straight
553,27,2712104,-965.6012483118272,loss,0.0,3876.5419921875,-169.72410583496094,-0.035894740372896194,bfm_angles
554,27,2712540,-972.3395417228711,loss,0.0,3876.5419921875,-169.72410583496094,-0.035894740372896194,bfm_angles
555,27,2716488,-950.3084984455056,disengaged,0.0,2558.734619140625,-84.23466491699219,-1.8404098749160767,straight
556,27,2719984,-682.0284545673716,disengaged,0.0,2558.734619140625,-84.23466491699219,-1.8404098749160767,straight
557,27,2721793,-1157.7397124719323,disengaged,0.0,2135.422607421875,-176.37167358398438,32.867462158203125,straight
558,27,2723636,-1200.4960486118352,disengaged,0.0,2135.422607421875,-176.37167358398438,32.867462158203125,straight
559,27,2725838,-1960.5521415787202,disengaged,0.0,3914.724609375,133.56431579589844,73.2972183227539,straight
560,27,2728020,-1825.550738127029,disengaged,0.0,3914.724609375,133.56431579589844,73.2972183227539,straight
561,28,2730294,-1567.139762187348,crash,0.0,3674.0029296875,173.7754364013672,-157.81480407714844,bfm_angles
562,28,2734494,-1016.9297398932334,loss,0.0,3674.0029296875,173.7754364013672,-157.81480407714844,bfm_angles
563,28,2737347,-1561.872560685034,disengaged,0.0,3568.03662109375,172.598876953125,-44.940818786621094,straight
564,28,2739421,-1095.1190204219913,disengaged,0.0,3568.03662109375,172.598876953125,-44.940818786621094,straight
565,28,2743795,-1758.4406780093468,disengaged,0.0,3736.29833984375,-149.8867645263672,-178.3262176513672,straight
566,28,2749368,-1139.5356901403393,disengaged,0.0,3736.29833984375,-149.8867645263672,-178.3262176513672,straight
567,28,2754164,-1634.1748098300095,disengaged,0.0,3376.5771484375,146.43344116210938,-119.32273864746094,straight
568,28,2759493,-1753.5035853511467,disengaged,0.0,3376.5771484375,146.43344116210938,-119.32273864746094,straight
569,28,2761626,-1067.0623079056807,disengaged,0.0,3734.6611328125,-136.69406127929688,15.989994049072266,straight
570,28,2766758,-1085.0414593144458,disengaged,0.0,3734.6611328125,-136.69406127929688,15.989994049072266,straight
571,28,2772040,-928.9760869705293,loss,0.0,3603.26171875,-113.47052764892578,160.95230102539062,bfm_angles
572,28,2777133,-943.8994713317973,loss,0.0,3603.26171875,-113.47052764892578,160.95230102539062,bfm_angles
573,28,2780419,-1307.0844878531889,loss,0.0,3658.3466796875,-119.82677459716797,-42.55195236206055,bfm_angles
574,28,2783016,-1052.187816659947,loss,0.0,3658.3466796875,-119.82677459716797,-42.55195236206055,bfm_angles
575,28,2786751,-1116.0551778878348,disengaged,0.0,3061.971435546875,22.828859329223633,-70.69001007080078,straight
576,28,2790363,-1028.5892406620449,disengaged,0.0,3061.971435546875,22.828859329223633,-70.69001007080078,straight
577,28,2794384,-1286.4613538358933,loss,0.0,4445.97265625,83.38362884521484,-80.34402465820312,bfm_angles
578,28,2796656,-1042.5864653804845,loss,0.0,4445.97265625,83.38362884521484,-80.34402465820312,bfm_angles
579,28,2798224,-1020.9858548228025,disengaged,0.0,5018.89990234375,-43.0527458190918,-74.82746124267578,straight
580,28,2799645,-1063.996516618724,disengaged,0.0,5018.89990234375,-43.0527458190918,-74.82746124267578,straight
581,29,2802094,-1070.8920918598058,disengaged,0.0,3852.9833984375,-174.50587463378906,109.47615814208984,straight
582,29,2804591,-1073.6671583437433,disengaged,0.0,3852.9833984375,-174.50587463378906,109.47615814208984,straight
583,29,2806610,-1146.1086629162637,disengaged,0.0,3477.315673828125,162.42218017578125,39.34675598144531,straight
584,29,2808619,-1139.836110002138,disengaged,0.0,3477.315673828125,162.42218017578125,39.34675598144531,straight
585,29,2812715,-1568.6098587691554,disengaged,0.0,3603.74462890625,-159.13687133789062,111.79598999023438,straight
586,29,2816505,-1307.973921449198,disengaged,0.0,3603.74462890625,-159.13687133789062,111.79598999023438,straight
587,29,2818754,-1339.1994146410775,crash,0.0,3439.59716796875,166.60641479492188,109.04113006591797,bfm_angles
588,29,2821084,-1584.843298342176,crash,0.0,3439.59716796875,166.60641479492188,109.04113006591797,bfm_angles
589,29,2822656,-1050.2990601270985,disengaged,0.0,3820.462890625,-105.50518798828125,-116.8584976196289,straight
590,29,2824227,-1047.6691965779078,disengaged,0.0,3820.462890625,-105.50518798828125,-116.8584976196289,straight
591,29,2827514,-1447.195218408282,crash,0.0,3449.89404296875,171.4215545654297,98.11454772949219,bfm_angles
592,29,2832355,-1045.6551268730987,loss,0.0,3449.89404296875,171.4215545654297,98.11454772949219,bfm_angles
593,29,2834514,-1193.5654238354512,disengaged,0.0,3436.4970703125,133.2144012451172,116.95858764648438,straight
594,29,2836573,-1177.0183882243557,disengaged,0.0,3436.4970703125,133.2144012451172,116.95858764648438,straight
595,29,2842573,-7.388113866135079,timeout,0.0,3573.114013671875,-75.83442687988281,98.628662109375,straight
596,29,2845579,-2173.076826571696,disengaged,0.0,3573.114013671875,-75.83442687988281,98.628662109375,straight
597,29,2849003,-1709.799473456324,disengaged,0.0,4215.66796875,75.54141998291016,-121.23722076416016,straight
598,29,2852697,-1519.6910698839058,disengaged,0.0,4215.66796875,75.54141998291016,-121.23722076416016,straight
599,29,2855387,-1257.4063947719933,disengaged,0.0,3197.17236328125,21.87128257751465,-58.09638214111328,straight
600,29,2857651,-1165.1574469369423,disengaged,0.0,3197.17236328125,21.87128257751465,-58.09638214111328,straight
601,30,2859312,-1101.9553571112222,disengaged,0.0,3506.1787109375,132.28163146972656,115.60719299316406,straight
602,30,2861075,-1090.035775435091,disengaged,0.0,3506.1787109375,132.28163146972656,115.60719299316406,straight
603,30,2867075,-132.65410816438353,timeout,0.0,3991.494873046875,154.25192260742188,166.9794158935547,bfm_angles
604,30,2873075,-233.47544440421035,timeout,0.0,3991.494873046875,154.25192260742188,166.9794158935547,bfm_angles
605,30,2876467,-994.394557406078,disengaged,0.0,3614.18017578125,-164.62255859375,156.53892517089844,straight
606,30,2879858,-1075.4071281943973,disengaged,0.0,3614.18017578125,-164.62255859375,156.53892517089844,straight
607,30,2880515,-964.2529247636828,loss,0.0,3644.53173828125,163.34779357910156,111.09907531738281,bfm_angles
608,30,2881168,-965.8653409659513,loss,0.0,3644.53173828125,163.34779357910156,111.09907531738281,bfm_angles
609,30,2884991,-1198.2026251296327,disengaged,0.0,3549.5439453125,-140.8213653564453,149.30584716796875,straight
610,30,2889902,-1179.7816882538727,disengaged,0.0,3549.5439453125,-140.8213653564453,149.30584716796875,straight
611,30,2892023,-1134.493020432982,disengaged,0.0,3771.888671875,170.52113342285156,-60.690425872802734,straight
612,30,2894133,-1176.534487803093,disengaged,0.0,3771.888671875,170.52113342285156,-60.690425872802734,straight
613,30,2896655,-1625.4746915548435,crash,0.0,3384.49853515625,148.1083984375,-135.59799194335938,straight
614,30,2899564,-1177.0627381832107,disengaged,0.0,3384.49853515625,148.1083984375,-135.59799194335938,straight
615,30,2902376,-1143.4813156988787,disengaged,0.0,4501.76513671875,-68.3056869506836,61.875179290771484,straight
616,30,2904326,-1421.3290059087385,crash,0.0,4501.76513671875,-68.3056869506836,61.875179290771484,straight
617,30,2906326,-1074.2035461326307,disengaged,0.0,3136.445556640625,-161.79818725585938,-74.78187561035156,straight
618,30,2908405,-1067.9704581961043,disengaged,0.0,3136.445556640625,-161.79818725585938,-74.78187561035156,straight
619,30,2909596,-1087.3272398818751,disengaged,0.0,2331.201171875,-11.994144439697266,-151.39527893066406,straight
620,30,2910838,-1082.7872819626766,disengaged,0.0,2331.201171875,-11.994144439697266,-151.39527893066406,straight
621,31,2912872,-997.9022176192032,disengaged,0.0,3604.515625,144.11602783203125,62.36821365356445,straight
622,31,2914843,-1003.2927601618826,disengaged,0.0,3604.515625,144.11602783203125,62.36821365356445,straight
623,31,2916630,-1082.9695893839928,disengaged,0.0,3249.9169921875,-112.47638702392578,-168.4683837890625,straight
624,31,2918512,-1083.8467138536505,disengaged,0.0,3249.9169921875,-112.47638702392578,-168.4683837890625,straight
625,31,2921351,-982.5477045568822,disengaged,0.0,3665.412109375,-152.32501220703125,169.4443359375,straight
626,31,2924445,-1014.275769645928,disengaged,0.0,3665.412109375,-152.32501220703125,169.4443359375,straight
627,31,2927216,-1032.4661092432257,disengaged,0.0,3792.13037109375,-178.58905029296875,151.38534545898438,straight
628,31,2930027,-1047.4201239671959,disengaged,0.0,3792.13037109375,-178.58905029296875,151.38534545898438,straight
629,31,2932083,-1099.9481116186503,disengaged,0.0,3366.3515625,124.50747680664062,118.58167266845703,straight
630,31,2934481,-1490.4534939240302,disengaged,0.0,3366.3515625,124.50747680664062,118.58167266845703,straight
631,31,2935259,-970.109921671947,loss,0.0,3557.517822265625,-173.61968994140625,132.7882843017578,bfm_angles
632,31,2936025,-971.0619596123004,loss,0.0,3557.517822265625,-173.61968994140625,132.7882843017578,bfm_angles
633,31,2939265,-1084.1280436326533,disengaged,0.0,3454.776611328125,143.836669921875,-134.1484375,straight
634,31,2942135,-1271.0365779634412,disengaged,0.0,3454.776611328125,143.836669921875,-134.1484375,straight
635,31,2944799,-1083.3000916872286,disengaged,0.0,4113.81787109375,-158.97998046875,-168.2937774658203,straight
636,31,2947630,-1085.533190337665,disengaged,0.0,4113.81787109375,-158.97998046875,-168.2937774658203,straight
637,31,2949533,-1343.0848820578262,disengaged,0.0,2713.67333984375,-61.71192932128906,-14.437542915344238,straight
638,31,2951110,-1356.5417208862646,crash,0.0,2713.67333984375,-61.71192932128906,-14.437542915344238,straight
639,31,2953240,-1134.2705655686384,disengaged,0.0,3098.659912109375,157.3679656982422,77.01681518554688,straight
640,31,2955447,-1070.6820223898296,disengaged,0.0,3098.659912109375,157.3679656982422,77.01681518554688,straight
641,32,2958577,-1570.8660375190489,disengaged,0.0,3717.37109375,162.31968688964844,145.8565216064453,straight
642,32,2961799,-1488.461654479991,disengaged,0.0,3717.37109375,162.31968688964844,145.8565216064453,straight
643,32,2965035,-1525.705132024903,disengaged,0.0,3502.74853515625,153.18392944335938,172.47984313964844,straight
644,32,2967190,-1049.7745553374639,disengaged,0.0,3502.74853515625,153.18392944335938,172.47984313964844,straight
645,32,2969744,-1141.3199061031723,disengaged,0.0,3645.5146484375,-170.06675720214844,-112.15230560302734,straight
646,32,2971988,-1349.3240843349442,disengaged,0.0,3645.5146484375,-170.06675720214844,-112.15230560302734,straight
647,32,2977988,-98.5571085661389,timeout,0.0,3718.376220703125,-159.025146484375,168.5437469482422,straight
648,32,2980515,1597.7287947660534,win,0.01,3718.376220703125,-159.025146484375,168.5437469482422,straight
649,32,2982977,-1075.8594601325785,disengaged,0.01,3562.94580078125,163.60858154296875,147.9546356201172,straight
650,32,2988977,138.95531096300698,timeout,0.01,3562.94580078125,163.60858154296875,147.9546356201172,straight
651,32,2990112,-971.7860627628706,loss,0.01,3618.229736328125,-176.85580444335938,166.71009826660156,bfm_angles
652,32,2991358,-965.2952804066567,loss,0.01,3618.229736328125,-176.85580444335938,166.71009826660156,bfm_angles
653,32,2993510,-1087.0564347008515,disengaged,0.01,3661.78466796875,154.00857543945312,143.136962890625,straight
654,32,2996890,-1424.1945380008774,disengaged,0.01,3661.78466796875,154.00857543945312,143.136962890625,straight
655,32,2997956,-1100.6969980267704,disengaged,0.01,4418.7861328125,-2.5007576942443848,-169.88607788085938,straight
656,32,2999087,-1150.9045150112966,disengaged,0.01,4418.7861328125,-2.5007576942443848,-169.88607788085938,straight
657,32,3002841,-1096.6698594108882,disengaged,0.01,2561.443359375,132.3340606689453,-155.0355987548828,straight
658,32,3006224,-1270.637115985936,disengaged,0.01,2561.443359375,132.3340606689453,-155.0355987548828,straight
659,32,3008294,-1177.0719584879168,disengaged,0.01,2362.820068359375,-163.05984497070312,86.69973754882812,straight
660,32,3010485,-1357.2653859904763,disengaged,0.01,2362.820068359375,-163.05984497070312,86.69973754882812,straight
661,33,3012486,-1056.9761923548322,disengaged,0.01,3598.02001953125,137.74603271484375,147.15447998046875,straight
662,33,3016731,-1384.6231127721646,disengaged,0.01,3598.02001953125,137.74603271484375,147.15447998046875,straight
663,33,3018601,-1062.8286965836871,disengaged,0.01,3543.24462890625,140.62234497070312,124.2499008178711,straight
664,33,3020617,-1081.9437413979008,disengaged,0.01,3543.24462890625,140.62234497070312,124.2499008178711,straight
665,33,3026617,338.0645736955166,timeout,0.01,3826.41259765625,147.59603881835938,69.29727172851562,straight
666,33,3029207,-1021.6128764251504,disengaged,0.01,3826.41259765625,147.59603881835938,69.29727172851562,straight
667,33,3035207,245.21449551066792,timeout,0.01,3681.434814453125,151.51638793945312,115.58367156982422,straight
668,33,3037251,-1111.7961386093482,disengaged,0.01,3681.434814453125,151.51638793945312,115.58367156982422,straight
669,33,3040647,-1364.6322663973356,crash,0.01,3719.96044921875,149.21408081054688,130.8920440673828,bfm_angles
670,33,3044373,-1363.212528372152,crash,0.01,3719.96044921875,149.21408081054688,130.8920440673828,bfm_angles
671,33,3046676,-1038.227753658566,disengaged,0.01,3651.91650390625,168.42758178710938,138.5389404296875,straight
672,33,3052676,109.94852077057453,timeout,0.01,3651.91650390625,168.42758178710938,138.5389404296875,straight
673,33,3053540,-967.736932590442,loss,0.01,3748.7822265625,152.05792236328125,127.8383560180664,bfm_angles
674,33,3054490,-962.2365987776245,loss,0.01,3748.7822265625,152.05792236328125,127.8383560180664,bfm_angles
675,33,3060490,267.9702085621371,timeout,0.01,4416.2451171875,144.1018829345703,168.55609130859375,straight
676,33,3066490,263.1822715607087,timeout,0.01,4416.2451171875,144.1018829345703,168.55609130859375,straight
677,33,3068602,-1223.5634241348805,disengaged,0.01,3692.781005859375,-175.55889892578125,-93.9003677368164,straight
678,33,3070823,-1268.9164530984303,disengaged,0.01,3692.781005859375,-175.55889892578125,-93.9003677368164,straight
679,33,3072497,-1053.2575691005534,disengaged,0.01,3395.44677734375,-72.05059051513672,-148.67788696289062,straight
680,33,3074112,-1064.9886354862958,disengaged,0.01,3395.44677734375,-72.05059051513672,-148.67788696289062,straight
681,34,3080112,420.62250353639956,timeout,0.01,3718.2744140625,158.0703582763672,95.86764526367188,straight
682,34,3086112,406.5756320400743,timeout,0.01,3718.2744140625,158.0703582763672,95.86764526367188,straight
683,34,3087029,-962.5352989477568,loss,0.01,3644.57958984375,126.11372375488281,144.00559997558594,bfm_angles
684,34,3087883,-975.0565329065162,loss,0.01,3644.57958984375,126.11372375488281,144.00559997558594,bfm_angles
685,34,3093883,506.15789180146834,timeout,0.01,3580.314208984375,146.39205932617188,142.40213012695312,straight
686,34,3099883,461.5638951751645,timeout,0.01,3580.314208984375,146.39205932617188,142.40213012695312,straight
687,34,3105883,866.9213432533568,timeout,0.01,3687.1708984375,135.6533203125,86.7511978149414,straight
688,34,3111883,196.9062474335817,timeout,0.01,3687.1708984375,135.6533203125,86.7511978149414,straight
689,34,3117883,-64.88615649562618,timeout,0.01,3574.816650390625,143.439208984375,114.49646759033203,straight
690,34,3123883,61.71769757432654,timeout,0.01,3574.816650390625,143.439208984375,114.49646759033203,straight
691,34,3129883,776.0433204346789,timeout,0.01,3615.312255859375,96.6572265625,109.08319091796875,straight
692,34,3135883,577.0230777052532,timeout,0.01,3615.312255859375,96.6572265625,109.08319091796875,straight
693,34,3141883,45.248281222559534,timeout,0.01,3558.2822265625,140.75222778320312,137.76724243164062,straight
694,34,3143684,-1094.1205975961248,disengaged,0.01,3558.2822265625,140.75222778320312,137.76724243164062,straight
695,34,3148804,-1175.7805427342241,crash,0.01,2501.08544921875,94.75032806396484,1.2404382228851318,bfm_angles
696,34,3154804,125.90783045663193,timeout,0.01,2501.08544921875,94.75032806396484,1.2404382228851318,bfm_angles
697,34,3157757,-1417.9248652623635,loss,0.01,3501.11572265625,22.046459197998047,112.08202362060547,bfm_angles
698,34,3160372,-1318.4080994505198,loss,0.01,3501.11572265625,22.046459197998047,112.08202362060547,bfm_angles
699,34,3164203,-1185.874468805013,disengaged,0.01,2162.75244140625,59.58549880981445,142.12191772460938,straight
700,34,3170203,-77.31209752052384,timeout,0.01,2162.75244140625,59.58549880981445,142.12191772460938,straight
701,35,3176203,-13.116089541227614,timeout,0.01,3526.92822265625,126.37086486816406,134.0191192626953,straight
702,35,3182203,-49.69783474941014,timeout,0.01,3526.92822265625,126.37086486816406,134.0191192626953,straight
703,35,3184888,-1661.3980508840682,crash,0.01,3723.63232421875,146.9976043701172,133.79452514648438,bfm_angles
704,35,3186669,-1440.7961498455077,crash,0.01,3723.63232421875,146.9976043701172,133.79452514648438,bfm_angles
705,35,3192669,-95.40433928503671,timeout,0.01,3885.93212890625,126.74015808105469,110.90959930419922,straight
706,35,3196496,-1524.6416710922326,crash,0.01,3885.93212890625,126.74015808105469,110.90959930419922,straight
707,35,3199873,-1509.262264118794,crash,0.01,3923.263916015625,147.35679626464844,119.47420501708984,straight
708,35,3205873,-146.77258661896164,timeout,0.01,3923.263916015625,147.35679626464844,119.47420501708984,straight
709,35,3211873,-48.89289483805244,timeout,0.01,3789.62451171875,130.9357147216797,108.3962173461914,straight
710,35,3217873,68.58896748261918,timeout,0.01,3789.62451171875,130.9357147216797,108.3962173461914,straight
711,35,3223873,-120.8680564075266,timeout,0.01,3816.6708984375,143.0493927001953,123.57809448242188,straight
712,35,3229873,-685.8414244329778,timeout,0.01,3816.6708984375,143.0493927001953,123.57809448242188,straight
713,35,3234642,-1416.4850890622774,disengaged,0.01,3533.4912109375,141.90347290039062,133.14463806152344,straight
714,35,3238258,-1824.4212517068963,crash,0.01,3533.4912109375,141.90347290039062,133.14463806152344,straight
715,35,3239523,-1160.8400913788332,loss,0.01,2613.97998046875,169.07823181152344,145.6981964111328,bfm_angles
716,35,3240963,-1100.9826634036297,loss,0.01,2613.97998046875,169.07823181152344,145.6981964111328,bfm_angles
717,35,3246963,-122.33292019868799,timeout,0.01,2981.42626953125,-73.81625366210938,-126.32439422607422,straight
718,35,3251169,-1034.2632428712636,disengaged,0.01,2981.42626953125,-73.81625366210938,-126.32439422607422,straight
719,35,3254290,-1706.7799903167847,disengaged,0.01,4739.2138671875,-139.0496826171875,60.34892654418945,straight
720,35,3260033,-1402.8535253495747,disengaged,0.01,4739.2138671875,-139.0496826171875,60.34892654418945,straight
721,36,3266033,-1662.1154883746485,timeout,0.01,3583.03857421875,140.7678985595703,122.37574768066406,straight
722,36,3272033,-1599.6736287159843,timeout,0.01,3583.03857421875,140.7678985595703,122.37574768066406,straight
723,36,3272842,-957.5650105800516,loss,0.01,3714.8330078125,140.26907348632812,111.2121353149414,bfm_angles
724,36,3277669,-2709.1560161012776,crash,0.01,3714.8330078125,140.26907348632812,111.2121353149414,bfm_angles
725,36,3283669,-1130.3646427053436,timeout,0.01,3826.20703125,152.8694305419922,129.10450744628906,straight
726,36,3289669,-579.0332662091722,timeout,0.01,3826.20703125,152.8694305419922,129.10450744628906,straight
727,36,3295669,-493.7413241370922,timeout,0.01,3824.11083984375,145.94815063476562,131.75518798828125,bfm_angles
728,36,3301669,-268.0494463944364,timeout,0.01,3824.11083984375,145.94815063476562,131.75518798828125,bfm_angles
729,36,3305814,-1576.2448895706202,crash,0.01,3692.4443359375,147.98695373535156,118.05677795410156,straight
730,36,3308742,-1104.357723674546,disengaged,0.01,3692.4443359375,147.98695373535156,118.05677795410156,straight
731,36,3314742,-187.41229236481303,timeout,0.01,3601.0107421875,149.4109649658203,145.79432678222656,straight
732,36,3320742,-61.98511325826518,timeout,0.01,3601.0107421875,149.4109649658203,145.79432678222656,straight
733,36,3325543,-1293.6880803391796,disengaged,0.01,3763.136474609375,131.80105590820312,148.60498046875,straight
734,36,3329059,-1752.7887899764733,disengaged,0.01,3763.136474609375,131.80105590820312,148.60498046875,straight
735,36,3331331,-1569.7334739482562,disengaged,0.01,3412.963623046875,-132.6155242919922,-61.98255920410156,straight
736,36,3334015,-1758.3985993015976,disengaged,0.01,3412.963623046875,-132.6155242919922,-61.98255920410156,straight
737,36,3338220,-857.431437386366,disengaged,0.01,3214.33203125,-3.6010379791259766,17.872591018676758,straight
738,36,3344220,288.142844501251,timeout,0.01,3214.33203125,-3.6010379791259766,17.872591018676758,straight
739,36,3350220,-649.2295083656567,timeout,0.01,2982.86865234375,-63.76020812988281,43.632076263427734,straight
740,36,3356220,93.24753004717844,timeout,0.01,2982.86865234375,-63.76020812988281,43.632076263427734,straight
741,37,3362080,-987.7308675448699,disengaged,0.01,3592.38037109375,139.70883178710938,128.4270782470703,straight
742,37,3368080,115.47928945080372,timeout,0.01,3592.38037109375,139.70883178710938,128.4270782470703,straight
743,37,3374080,165.67941368885027,timeout,0.01,4066.927001953125,147.5690460205078,122.25563049316406,straight
744,37,3379014,-849.9523270151021,disengaged,0.01,4066.927001953125,147.5690460205078,122.25563049316406,straight
745,37,3385014,434.03522857606737,timeout,0.01,3853.06298828125,153.74249267578125,148.44326782226562,straight
746,37,3391014,-323.8160129164313,timeout,0.01,3853.06298828125,153.74249267578125,148.44326782226562,straight
747,37,3397014,201.2708886547067,timeout,0.01,3644.9345703125,138.339111328125,156.59664916992188,straight
748,37,3403014,0.5244740269236396,timeout,0.0,3644.9345703125,138.339111328125,156.59664916992188,straight
749,37,3409014,-1668.9565715474762,timeout,0.0,3747.44873046875,156.77134704589844,129.46815490722656,straight
750,37,3415014,-1124.686388700129,timeout,0.0,3747.44873046875,156.77134704589844,129.46815490722656,straight
751,37,3418012,-2122.4017909488816,disengaged,0.0,3765.947265625,165.3351287841797,142.6637725830078,straight
752,37,3421468,-1664.7934981883004,crash,0.0,3765.947265625,165.3351287841797,142.6637725830078,straight
753,37,3427468,-259.5595752469928,timeout,0.0,3757.140625,135.38531494140625,152.15695190429688,straight
754,37,3429223,-1563.03389115558,crash,0.0,3757.140625,135.38531494140625,152.15695190429688,straight
755,37,3432326,-1090.432360145764,disengaged,0.0,2824.14453125,-50.60417175292969,-62.70090866088867,straight
756,37,3434934,-986.0983579142123,disengaged,0.0,2824.14453125,-50.60417175292969,-62.70090866088867,straight
757,37,3436504,-1595.99576455419,crash,0.0,1901.0068359375,-8.155035018920898,75.52539825439453,straight
758,37,3440651,-1126.3396479564935,disengaged,0.0,1901.0068359375,-8.155035018920898,75.52539825439453,straight
759,37,3446651,-305.2830686743194,timeout,0.0,4812.11474609375,38.76698684692383,-157.8518829345703,straight
760,37,3448517,-1399.437894185384,disengaged,0.0,4812.11474609375,38.76698684692383,-157.8518829345703,straight
761,38,3452715,-1158.7457054917695,disengaged,0.0,3668.427734375,148.39111328125,142.47463989257812,straight
762,38,3455109,-1068.9652864279985,disengaged,0.0,3668.427734375,148.39111328125,142.47463989257812,straight
763,38,3459243,-1727.597829859309,disengaged,0.0,4020.38671875,156.73019409179688,124.97421264648438,straight
764,38,3462684,-2119.9899867637964,disengaged,0.0,4020.38671875,156.73019409179688,124.97421264648438,straight
765,38,3467304,-982.5577115165503,disengaged,0.0,3862.491455078125,138.3263397216797,150.38755798339844,straight
766,38,3473304,-190.95549693978415,timeout,0.0,3862.491455078125,138.3263397216797,150.38755798339844,straight
767,38,3479304,-179.48918109692332,timeout,0.0,3769.8056640625,157.22390747070312,137.7699432373047,straight
768,38,3481696,-1239.4653294300012,disengaged,0.0,3769.8056640625,157.22390747070312,137.7699432373047,straight
769,38,3485225,-1751.6535859252867,disengaged,0.0,3809.76708984375,146.7642822265625,118.20530700683594,straight
770,38,3488525,-1874.6433027357762,disengaged,0.0,3809.76708984375,146.7642822265625,118.20530700683594,straight
771,38,3489275,1555.9612156344108,win,0.01,3991.4931640625,166.76617431640625,148.22557067871094,bfm_angles
772,38,3490057,-958.4714549021443,loss,0.01,3991.4931640625,166.76617431640625,148.22557067871094,bfm_angles
773,38,3492482,-1393.1531879048114,crash,0.01,3658.28466796875,155.66143798828125,153.67916870117188,straight
774,38,3498482,-104.51936961819413,timeout,0.01,3658.28466796875,155.66143798828125,153.67916870117188,straight
775,38,3504482,3.139110769884785,timeout,0.01,2480.725830078125,5.599623203277588,17.132333755493164,straight
776,38,3507320,-870.1869053080059,disengaged,0.01,2480.725830078125,5.599623203277588,17.132333755493164,straight
777,38,3513320,-26.99209544776787,timeout,0.01,3710.777587890625,-85.58708953857422,30.13566780090332,straight
778,38,3517654,-936.6686965819524,disengaged,0.01,3710.777587890625,-85.58708953857422,30.13566780090332,straight
779,38,3518629,1565.3121858846243,win,0.02,4740.17919921875,-154.1139678955078,119.01092529296875,straight
780,38,3519646,1581.2581591005626,win,0.03,4740.17919921875,-154.1139678955078,119.01092529296875,straight
781,39,3523264,-829.3039458448121,disengaged,0.03,3922.8251953125,158.69264221191406,146.6796875,straight
782,39,3526728,-1133.1513897794491,crash,0.03,3922.8251953125,158.69264221191406,146.6796875,straight
783,39,3531413,-129.92479006377334,disengaged,0.03,4110.205078125,168.0427703857422,149.48179626464844,straight
784,39,3534463,-1086.3976780997752,disengaged,0.03,4110.205078125,168.0427703857422,149.48179626464844,straight
785,39,3535501,-955.2515957394528,loss,0.03,4151.79443359375,161.19309997558594,143.6427459716797,bfm_angles
786,39,3536325,-954.1548837904942,loss,0.03,4151.79443359375,161.19309997558594,143.6427459716797,bfm_angles
787,39,3541611,-1774.3783846235897,crash,0.03,3912.376220703125,178.40777587890625,170.8357391357422,straight
788,39,3547611,-280.89791607293773,timeout,0.03,3912.376220703125,178.40777587890625,170.8357391357422,straight
789,39,3548970,-983.3385285061638,loss,0.03,3993.13818359375,159.57943725585938,135.13282775878906,bfm_angles
790,39,3550057,-966.9922860020285,loss,0.03,3993.13818359375,159.57943725585938,135.13282775878906,bfm_angles
791,39,3551403,-1001.4999471336077,loss,0.03,3995.201171875,171.9669647216797,164.22268676757812,bfm_angles
792,39,3552712,-996.1005230494286,loss,0.03,3995.201171875,171.9669647216797,164.22268676757812,bfm_angles
793,39,3556586,-1030.159227612993,disengaged,0.03,3987.10205078125,154.6313018798828,127.34386444091797,straight
794,39,3562586,-652.5713622257778,timeout,0.03,3987.10205078125,154.6313018798828,127.34386444091797,straight
795,39,3564347,-1393.321969633109,crash,0.03,2256.02685546875,131.74032592773438,170.51873779296875,straight
796,39,3570347,-1470.3310116201155,timeout,0.03,2256.02685546875,131.74032592773438,170.51873779296875,straight
797,39,3573852,-1472.0143220262737,crash,0.03,3855.47021484375,105.88421630859375,-125.16648864746094,straight
798,39,3577813,-960.7955796787423,disengaged,0.03,3855.47021484375,105.88421630859375,-125.16648864746094,straight
799,39,3580692,-1103.8562604843048,disengaged,0.03,2872.47705078125,96.41799926757812,-66.23484802246094,straight
800,39,3583576,-1363.152732587407,disengaged,0.03,2872.47705078125,96.41799926757812,-66.23484802246094,straight
801,40,3589576,12.351168830121885,timeout,0.03,4007.881591796875,166.26783752441406,130.0791778564453,bfm_angles
802,40,3590524,1556.960167346335,win,0.04,4007.881591796875,166.26783752441406,130.0791778564453,bfm_angles
803,40,3592043,-1464.5141529284358,crash,0.04,4124.13818359375,175.8468780517578,157.259521484375,straight
804,40,3593534,-1472.2023969157253,crash,0.04,4124.13818359375,175.8468780517578,157.259521484375,straight
805,40,3599534,-11.969355310597999,timeout,0.04,4101.1669921875,168.23548889160156,136.61436462402344,straight
806,40,3605534,-25.145925630926705,timeout,0.04,4101.1669921875,168.23548889160156,136.61436462402344,straight
807,40,3609312,-1223.6888469918513,disengaged,0.04,4145.6552734375,165.62852478027344,145.24447631835938,straight
808,40,3615312,-1012.4642474747859,timeout,0.04,4145.6552734375,165.62852478027344,145.24447631835938,straight
809,40,3621043,-1136.7379477223772,disengaged,0.04,3976.803466796875,162.7653045654297,146.91650390625,straight
810,40,3627043,-156.91117385776664,timeout,0.04,3976.803466796875,162.7653045654297,146.91650390625,straight
811,40,3632332,-1138.6779093899834,disengaged,0.04,3927.0244140625,178.9732666015625,165.87742614746094,straight
812,40,3638304,-1077.7829285107882,disengaged,0.04,3927.0244140625,178.9732666015625,165.87742614746094,straight
813,40,3644304,-308.64828083745465,timeout,0.04,4280.85498046875,167.96844482421875,156.4317626953125,straight
814,40,3650304,-996.1530469398521,timeout,0.04,4280.85498046875,167.96844482421875,156.4317626953125,straight
815,40,3652954,-1165.512477652185,disengaged,0.04,3666.406005859375,157.06439208984375,6.671487808227539,straight
816,40,3655511,-1152.1023195883943,disengaged,0.04,3666.406005859375,157.06439208984375,6.671487808227539,straight
817,40,3657989,-1472.6268717571202,disengaged,0.04,2477.08544921875,-123.7554702758789,-154.25901794433594,straight
818,40,3660166,-1159.7216382554989,disengaged,0.04,2477.08544921875,-123.7554702758789,-154.25901794433594,straight
819,40,3663016,-1092.2242031309006,disengaged,0.04,4341.4951171875,129.91909790039062,5.158877849578857,straight
820,40,3666003,-1036.5868630428645,disengaged,0.04,4341.4951171875,129.91909790039062,5.158877849578857,straight
821,41,3669765,-1125.0057499462725,disengaged,0.04,3988.81298828125,-177.8805694580078,159.13137817382812,straight
822,41,3673908,-1766.0337312812853,disengaged,0.04,3988.81298828125,-177.8805694580078,159.13137817382812,straight
823,41,3678487,-1065.869688035084,disengaged,0.04,3903.37109375,-179.64634704589844,149.20106506347656,straight
824,41,3684487,-637.4558552983225,timeout,0.04,3903.37109375,-179.64634704589844,149.20106506347656,straight
825,41,3688091,-1028.9995613348144,disengaged,0.04,4232.4921875,177.95811462402344,176.04576110839844,straight
826,41,3691487,-1214.532336398949,disengaged,0.04,4232.4921875,177.95811462402344,176.04576110839844,straight
827,41,3692663,-1048.2849470074602,loss,0.04,4056.365234375,175.25875854492188,145.28512573242188,bfm_angles
828,41,3694928,-1189.1516138085144,loss,0.04,4056.365234375,175.25875854492188,145.28512573242188,bfm_angles
829,41,3700928,-350.491895526345,timeout,0.04,4102.53369140625,175.3225555419922,149.72442626953125,bfm_angles
830,41,3706928,-87.82101238657872,timeout,0.04,4102.53369140625,175.3225555419922,149.72442626953125,bfm_angles
831,41,3709475,-1243.546657717813,disengaged,0.04,3890.594482421875,-178.33042907714844,155.56544494628906,straight
832,41,3711641,-1499.8452197709203,crash,0.04,3890.594482421875,-178.33042907714844,155.56544494628906,straight
833,41,3717641,-39.16104014567634,timeout,0.04,4070.138916015625,-179.55393981933594,169.59426879882812,bfm_angles
834,41,3722312,-981.42550309496,loss,0.04,4070.138916015625,-179.55393981933594,169.59426879882812,bfm_angles
835,41,3728312,118.03508299273862,timeout,0.04,2487.922607421875,51.0862922668457,44.19272994995117,straight
836,41,3731982,-707.0129294922236,disengaged,0.04,2487.922607421875,51.0862922668457,44.19272994995117,straight
837,41,3735920,-1921.1106138725243,disengaged,0.04,2829.410400390625,86.94206237792969,6.211864948272705,straight
838,41,3740327,-2159.552795558836,disengaged,0.04,2829.410400390625,86.94206237792969,6.211864948272705,straight
839,41,3746327,-251.26936278816413,timeout,0.04,3567.17529296875,47.61049270629883,131.46131896972656,straight
840,41,3749184,-1034.470018365867,disengaged,0.04,3567.17529296875,47.61049270629883,131.46131896972656,straight
841,42,3750275,-949.183188916095,loss,0.04,4172.5791015625,177.11744689941406,158.75228881835938,bfm_angles
842,42,3755237,-1432.3577364261857,crash,0.04,4172.5791015625,177.11744689941406,158.75228881835938,bfm_angles
843,42,3757592,-1502.8165184353402,crash,0.04,4110.8671875,-176.29440307617188,145.58506774902344,straight
844,42,3763592,-167.77831979932057,timeout,0.04,4110.8671875,-176.29440307617188,145.58506774902344,straight
845,42,3765855,-1509.9374749738008,crash,0.04,4258.54541015625,170.8623504638672,151.47470092773438,straight
846,42,3768331,-1568.919173413166,crash,0.04,4258.54541015625,170.8623504638672,151.47470092773438,straight
847,42,3773462,-2294.847730624435,crash,0.04,3993.539794921875,175.61331176757812,144.16610717773438,straight
848,42,3779462,-277.31722887768575,timeout,0.04,3993.539794921875,175.61331176757812,144.16610717773438,straight
849,42,3785462,148.18731683174056,timeout,0.04,4247.234375,-171.90232849121094,158.44287109375,straight
850,42,3791462,-673.8753108801101,timeout,0.04,4247.234375,-171.90232849121094,158.44287109375,straight
851,42,3797461,-1124.3110661915957,disengaged,0.04,4181.626953125,-174.42137145996094,136.14344787597656,straight
852,42,3803461,134.50453508866724,timeout,0.04,4181.626953125,-174.42137145996094,136.14344787597656,straight
853,42,3809461,137.8348123534587,timeout,0.04,3731.6103515625,170.7280731201172,134.49996948242188,straight
854,42,3815461,86.51044606658697,timeout,0.04,3731.6103515625,170.7280731201172,134.49996948242188,straight
855,42,3817175,-1068.4603748310885,disengaged,0.04,4368.09912109375,122.96632385253906,103.46333312988281,straight
856,42,3818795,-1078.706676484368,disengaged,0.04,4368.09912109375,122.96632385253906,103.46333312988281,straight
857,42,3820408,-1442.0694336167908,disengaged,0.04,4692.7255859375,36.918701171875,-103.09848022460938,straight
858,42,3822032,-1579.1059368262268,disengaged,0.04,4692.7255859375,36.918701171875,-103.09848022460938,straight
859,42,3824309,-1265.7097701068192,disengaged,0.04,2353.56787109375,-146.0295867919922,-86.79837036132812,straight
860,42,3826605,-1017.5629409891271,disengaged,0.04,2353.56787109375,-146.0295867919922,-86.79837036132812,straight
861,43,3829652,-1031.239409487913,disengaged,0.04,3988.54248046875,174.44015502929688,145.81105041503906,straight
862,43,3835652,-63.94163258016962,timeout,0.04,3988.54248046875,174.44015502929688,145.81105041503906,straight
863,43,3839489,-945.7786191026843,disengaged,0.04,3990.517578125,175.51351928710938,139.1004180908203,straight
864,43,3842555,-1083.53357677622,disengaged,0.04,3990.517578125,175.51351928710938,139.1004180908203,straight
865,43,3848555,-55.10789110304717,timeout,0.04,3912.406982421875,178.2696990966797,155.07582092285156,bfm_angles
866,43,3854555,73.81469734168246,timeout,0.04,3912.406982421875,178.2696990966797,155.07582092285156,bfm_angles
867,43,3860555,-199.51616763855213,timeout,0.04,3913.472900390625,178.14930725097656,158.22496032714844,straight
868,43,3865621,-1337.105649541009,disengaged,0.04,3913.472900390625,178.14930725097656,158.22496032714844,straight
869,43,3871621,90.66805159434026,timeout,0.04,4241.357421875,148.847412109375,136.0697479248047,bfm_angles
870,43,3872482,1568.75553888125,win,0.05,4241.357421875,148.847412109375,136.0697479248047,bfm_angles
871,43,3875525,-1005.4404561532157,disengaged,0.04,4147.1650390625,-173.59640502929688,138.81246948242188,straight
872,43,3881525,-197.9660825704666,timeout,0.04,4147.1650390625,-173.59640502929688,138.81246948242188,straight
873,43,3885206,-1039.0397768872067,disengaged,0.04,3893.156005859375,163.30026245117188,133.81289672851562,straight
874,43,3888370,-1071.6789178611828,disengaged,0.04,3893.156005859375,163.30026245117188,133.81289672851562,straight
875,43,3890443,-1206.1947871032835,disengaged,0.04,3064.43310546875,137.31260681152344,64.18132781982422,straight
876,43,3892417,-1185.3758311283216,disengaged,0.04,3064.43310546875,137.31260681152344,64.18132781982422,straight
877,43,3894392,-1218.548573530406,disengaged,0.04,3828.43017578125,138.18524169921875,-170.8798370361328,straight
878,43,3896236,-1218.780354564288,disengaged,0.04,3828.43017578125,138.18524169921875,-170.8798370361328,straight
879,43,3897927,-1082.8485492812936,disengaged,0.03,1929.670654296875,149.16648864746094,44.09644317626953,straight
880,43,3900282,-1257.8099281861867,disengaged,0.02,1929.670654296875,149.16648864746094,44.09644317626953,straight
881,44,3903043,-1063.8559021520239,loss,0.02,3938.669189453125,169.0271453857422,138.81455993652344,bfm_angles
882,44,3909043,-46.378092576286555,timeout,0.02,3938.669189453125,169.0271453857422,138.81455993652344,bfm_angles
883,44,3915043,-513.0701239637165,timeout,0.02,4198.3935546875,-165.59561157226562,157.36712646484375,straight
884,44,3921043,-239.33977967302425,timeout,0.02,4198.3935546875,-165.59561157226562,157.36712646484375,straight
885,44,3923208,-1155.8983994913542,loss,0.02,3948.18408203125,176.4441680908203,130.5961151123047,bfm_angles
886,44,3925955,-1159.977250984363,loss,0.02,3948.18408203125,176.4441680908203,130.5961151123047,bfm_angles
887,44,3931955,-109.35692591405028,timeout,0.02,3790.4990234375,166.6209716796875,148.6631622314453,straight
888,44,3937867,-2870.426294770128,disengaged,0.02,3790.4990234375,166.6209716796875,148.6631622314453,straight
889,44,3943867,137.66460560430448,timeout,0.02,3924.98583984375,171.43511962890625,143.9183349609375,straight
890,44,3946775,-1185.1719317645461,disengaged,0.02,3924.98583984375,171.43511962890625,143.9183349609375,straight
891,44,3949259,-1052.360337929946,disengaged,0.02,3964.26708984375,168.7169189453125,140.40591430664062,straight
892,44,3951745,-1129.721017961674,disengaged,0.02,3964.26708984375,168.7169189453125,140.40591430664062,straight
893,44,3954485,-1060.552610510097,disengaged,0.02,3976.6728515625,170.70558166503906,152.85374450683594,straight
894,44,3957126,-1066.1705128429994,disengaged,0.02,3976.6728515625,170.70558166503906,152.85374450683594,straight
895,44,3958810,-1073.4050768816696,disengaged,0.02,3859.6845703125,65.37469482421875,124.62194061279297,straight
896,44,3960931,-1117.0855002897058,disengaged,0.02,3859.6845703125,65.37469482421875,124.62194061279297,straight
897,44,3966931,209.1983276107649,timeout,0.02,4804.908203125,-70.56381225585938,174.18505859375,straight
898,44,3968761,-1239.2300011797051,disengaged,0.02,4804.908203125,-70.56381225585938,174.18505859375,straight
899,44,3972315,-54.05002152915836,loss,0.02,4321.41015625,-137.174560546875,74.79252624511719,straight
900,44,3978315,358.19270566678654,timeout,0.02,4321.41015625,-137.174560546875,74.79252624511719,straight
901,45,3979242,-948.5817244076165,loss,0.02,3910.791748046875,178.71807861328125,153.444091796875,bfm_angles
902,45,3983246,-885.581163027978,loss,0.01,3910.791748046875,178.71807861328125,153.444091796875,bfm_angles
903,45,3984185,-948.1293049252134,loss,0.01,4165.9501953125,173.75177001953125,138.71388244628906,bfm_angles
904,45,3988804,-878.788253332009,loss,0.01,4165.9501953125,173.75177001953125,138.71388244628906,bfm_angles
905,45,3989619,-950.1339223955702,loss,0.01,3985.216064453125,171.33810424804688,129.14768981933594,bfm_angles
906,45,3991910,-927.7175627015922,loss,0.01,3985.216064453125,171.33810424804688,129.14768981933594,bfm_angles
907,45,3992756,-949.8570366133454,loss,0.01,4118.9501953125,164.6459197998047,136.85621643066406,bfm_angles
908,45,3995208,-930.4828687112123,loss,0.01,4118.9501953125,164.6459197998047,136.85621643066406,bfm_angles
909,45,4001208,355.61309385456644,timeout,0.01,3840.90869140625,176.35848999023438,146.80892944335938,straight
910,45,4003938,-1040.9565017744826,disengaged,0.01,3840.90869140625,176.35848999023438,146.80892944335938,straight
911,45,4009938,-42.401923331975084,timeout,0.01,4094.94873046875,165.29815673828125,144.5782012939453,bfm_angles
912,45,4013196,-893.8850120889765,loss,0.01,4094.94873046875,165.29815673828125,144.5782012939453,bfm_angles
913,45,4019196,-7.590819311998464,timeout,0.01,3983.889892578125,161.86293029785156,134.6015625,straight
914,45,4025196,90.77868068934382,timeout,0.01,3983.889892578125,161.86293029785156,134.6015625,straight
915,45,4031196,177.7691172837692,timeout,0.01,2672.1552734375,8.418498039245605,-65.00706481933594,straight
916,45,4035812,-611.7972168278076,disengaged,0.01,2672.1552734375,8.418498039245605,-65.00706481933594,straight
917,45,4036304,-990.5987787409324,loss,0.01,2753.552490234375,116.84797668457031,-88.51690673828125,bfm_angles
918,45,4036810,-984.1053780345097,loss,0.01,2753.552490234375,116.84797668457031,-88.51690673828125,bfm_angles
919,45,4038832,-1919.468421004619,disengaged,0.01,2016.3338623046875,-13.373554229736328,179.99588012695312,straight
920,45,4040554,-1435.1591123106464,disengaged,0.01,2016.3338623046875,-13.373554229736328,179.99588012695312,straight
921,46,4046348,-1229.2022739357676,crash,0.01,4126.5068359375,178.01919555664062,151.21099853515625,straight
922,46,4052080,-1339.8829514445133,crash,0.01,4126.5068359375,178.01919555664062,151.21099853515625,straight
923,46,4058080,270.6951310537203,timeout,0.01,4025.408447265625,-176.46981811523438,160.78704833984375,straight
924,46,4064080,-27.361367378896723,timeout,0.01,4025.408447265625,-176.46981811523438,160.78704833984375,straight
925,46,4068051,-941.1587467778029,loss,0.01,4011.491455078125,164.1277313232422,141.31307983398438,bfm_angles
926,46,4070541,-974.4187160887544,loss,0.01,4011.491455078125,164.1277313232422,141.31307983398438,bfm_angles
927,46,4076541,41.441138436929066,timeout,0.01,3933.03662109375,170.02134704589844,133.4636688232422,straight
928,46,4079044,-991.7628400030238,disengaged,0.01,3933.03662109375,170.02134704589844,133.4636688232422,straight
929,46,4085044,-404.03742251477564,timeout,0.01,3908.86083984375,160.80441284179688,141.6661834716797,straight
930,46,4091044,-997.4223628771089,timeout,0.01,3908.86083984375,160.80441284179688,141.6661834716797,straight
931,46,4095795,-1523.9737487423595,crash,0.01,4002.010009765625,170.56637573242188,143.14212036132812,straight
932,46,4101795,-556.0100911110645,timeout,0.01,4002.010009765625,170.56637573242188,143.14212036132812,straight
933,46,4107320,-1495.7283206602215,disengaged,0.01,3827.13037109375,160.11097717285156,141.70204162597656,straight
934,46,4113320,-353.7931979134658,timeout,0.01,3827.13037109375,160.11097717285156,141.70204162597656,straight
935,46,4113896,-1024.161668147899,loss,0.01,4988.7587890625,-146.7737274169922,-29.540910720825195,bfm_angles
936,46,4114493,1493.7867616213075,win,0.02,4988.7587890625,-146.7737274169922,-29.540910720825195,bfm_angles
937,46,4116978,-1009.3516070126581,disengaged,0.02,2763.271728515625,-132.25857543945312,-128.1772003173828,straight
938,46,4120388,-1130.34546631813,disengaged,0.02,2763.271728515625,-132.25857543945312,-128.1772003173828,straight
939,46,4121910,2325.375903941963,win,0.03,2609.357177734375,-30.409502029418945,-21.434850692749023,straight
940,46,4123408,2362.2073373975813,win,0.04,2609.357177734375,-30.409502029418945,-21.434850692749023,straight
941,47,4126341,-989.3906713004143,loss,0.04,4007.8505859375,173.69970703125,140.52792358398438,bfm_angles
942,47,4129215,-984.9745158578496,loss,0.04,4007.8505859375,173.69970703125,140.52792358398438,bfm_angles
943,47,4135215,-633.6795886357944,timeout,0.04,3990.701416015625,171.44808959960938,148.6474609375,straight
944,47,4141215,-1338.3775536002438,timeout,0.04,3990.701416015625,171.44808959960938,148.6474609375,straight
945,47,4143306,-1113.4371535887858,loss,0.04,4071.52734375,177.80426025390625,145.181396484375,bfm_angles
946,47,4146471,-962.7812193096287,loss,0.04,4071.52734375,177.80426025390625,145.181396484375,bfm_angles
947,47,4150726,-1492.9954943493221,disengaged,0.04,3946.94482421875,167.25613403320312,150.96719360351562,straight
948,47,4154869,-1474.0958967637612,disengaged,0.04,3946.94482421875,167.25613403320312,150.96719360351562,straight
949,47,4157847,-957.9752118787537,loss,0.04,3964.37158203125,174.0753631591797,142.8206787109375,bfm_angles
950,47,4161251,-946.213663723084,loss,0.04,3964.37158203125,174.0753631591797,142.8206787109375,bfm_angles
951,47,4165542,-1430.8049249020546,disengaged,0.04,3905.046875,177.98033142089844,147.61611938476562,straight
952,47,4170717,-2020.3532283684483,crash,0.04,3905.046875,177.98033142089844,147.61611938476562,straight
953,47,4173389,-1294.8634585831587,loss,0.04,3992.532958984375,168.62294006347656,147.0189971923828,bfm_angles
954,47,4176189,-979.4688970411547,loss,0.04,3992.532958984375,168.62294006347656,147.0189971923828,bfm_angles
955,47,4178631,-1564.5823222275512,crash,0.04,3693.879150390625,171.14703369140625,158.7075958251953,straight
956,47,4183800,-2355.347735030955,disengaged,0.04,3693.879150390625,171.14703369140625,158.7075958251953,straight
957,47,4185307,-1458.0288590574446,crash,0.04,3517.845947265625,121.92745971679688,98.89518737792969,straight
958,47,4186783,-1446.1029374142827,crash,0.04,3517.845947265625,121.92745971679688,98.89518737792969,straight
959,47,4192783,-298.13297917830994,timeout,0.04,4309.1630859375,123.10983276367188,-141.78407287597656,straight
960,47,4195918,-1693.355661970126,disengaged,0.04,4309.1630859375,123.10983276367188,-141.78407287597656,straight
961,48,4201918,-22.389785268032828,timeout,0.04,3782.62109375,178.8622589111328,152.8920135498047,straight
962,48,4207754,-2029.706776153501,crash,0.04,3782.62109375,178.8622589111328,152.8920135498047,straight
963,48,4213754,908.3264554525338,timeout,0.04,4091.438232421875,-175.22059631347656,149.14942932128906,straight
964,48,4217497,-1877.9923807083983,disengaged,0.04,4091.438232421875,-175.22059631347656,149.14942932128906,straight
965,48,4223497,812.3202692486542,timeout,0.04,4023.556640625,176.05311584472656,136.3622283935547,straight
966,48,4226685,-1489.8732125781614,crash,0.04,4023.556640625,176.05311584472656,136.3622283935547,straight
967,48,4232685,-502.3028131134609,timeout,0.04,4001.669189453125,172.08595275878906,144.55157470703125,straight
968,48,4238685,-628.3128906424325,timeout,0.04,4001.669189453125,172.08595275878906,144.55157470703125,straight
969,48,4244685,-1048.3465571815257,timeout,0.04,4072.972412109375,-174.9561767578125,147.85047912597656,straight
970,48,4250685,463.5316697108489,timeout,0.03,4072.972412109375,-174.9561767578125,147.85047912597656,straight
971,48,4256685,-613.9564085080107,timeout,0.03,4278.09228515625,174.9632110595703,136.06678771972656,straight
972,48,4262685,335.1834870441988,timeout,0.03,4278.09228515625,174.9632110595703,136.06678771972656,straight
973,48,4268685,338.238591553685,timeout,0.03,4054.6005859375,178.23765563964844,160.17901611328125,straight
974,48,4274685,107.07576125349138,timeout,0.03,4054.6005859375,178.23765563964844,160.17901611328125,straight
975,48,4275911,-1032.7708895398823,loss,0.03,3050.65283203125,1.8887312412261963,-126.5888442993164,bfm_angles
976,48,4277129,-958.4642352133026,loss,0.03,3050.65283203125,1.8887312412261963,-126.5888442993164,bfm_angles
977,48,4283129,49.052925741165325,timeout,0.03,2285.17529296875,-100.99800872802734,-42.1829948425293,bfm_angles
978,48,4285195,-1051.5019531662315,loss,0.03,2285.17529296875,-100.99800872802734,-42.1829948425293,bfm_angles
979,48,4289845,-1180.652475829554,disengaged,0.03,3793.326904296875,-22.647502899169922,-103.96670532226562,straight
980,48,4294870,-1187.5915078017267,disengaged,0.03,3793.326904296875,-22.647502899169922,-103.96670532226562,straight
981,49,4300870,273.6166469488997,timeout,0.03,4065.81298828125,-175.84669494628906,164.1527557373047,straight
982,49,4306870,-133.47973190074103,timeout,0.03,4065.81298828125,-175.84669494628906,164.1527557373047,straight
983,49,4312870,-27.45223276588735,timeout,0.03,4104.81884765625,-175.7361602783203,146.39212036132812,straight
984,49,4316223,-1096.308437737981,disengaged,0.03,4104.81884765625,-175.7361602783203,146.39212036132812,straight
985,49,4322223,181.08460771560425,timeout,0.03,3941.8193359375,-177.37222290039062,152.45480346679688,straight
986,49,4328223,8.580361940788269,timeout,0.03,3941.8193359375,-177.37222290039062,152.45480346679688,straight
987,49,4330091,-1234.0296059063614,loss,0.03,4100.990234375,167.65220642089844,138.26438903808594,bfm_angles
988,49,4331940,-1118.3682275488716,loss,0.03,4100.990234375,167.65220642089844,138.26438903808594,bfm_angles
989,49,4335327,-1041.0442572886125,disengaged,0.03,3858.901611328125,175.99513244628906,146.00880432128906,straight
990,49,4341327,57.72170742981785,timeout,0.03,3858.901611328125,175.99513244628906,146.00880432128906,straight
991,49,4344477,-1072.7729007374278,disengaged,0.03,4065.38037109375,165.88446044921875,137.3371124267578,straight
992,49,4348158,-1080.6283851376825,disengaged,0.03,4065.38037109375,165.88446044921875,137.3371124267578,straight
993,49,4351892,-900.0627127584429,loss,0.03,4167.22509765625,174.0568084716797,144.95135498046875,bfm_angles
994,49,4356927,-954.4920636725894,loss,0.03,4167.22509765625,174.0568084716797,144.95135498046875,bfm_angles
995,49,4362927,-446.32630087632253,timeout,0.03,3259.369384765625,21.755651473999023,148.70680236816406,straight
996,49,4368927,-474.67414986759314,timeout,0.03,3259.369384765625,21.755651473999023,148.70680236816406,straight
997,49,4370448,1577.7437033601814,win,0.04,4180.45703125,-39.32968521118164,-171.3255615234375,bfm_angles
998,49,4372006,-947.4351220612085,loss,0.04,4180.45703125,-39.32968521118164,-171.3255615234375,bfm_angles
999,49,4378006,171.97628630898953,timeout,0.04,3624.468994140625,21.264400482177734,-121.08333587646484,straight
1000,49,4384006,16.37447577492151,timeout,0.04,3624.468994140625,21.264400482177734,-121.08333587646484,straight
1001,50,4390006,221.34449335510638,timeout,0.04,4041.583740234375,-165.78839111328125,159.74766540527344,straight
1002,50,4394475,1968.3263502612015,win,0.05,4041.583740234375,-165.78839111328125,159.74766540527344,straight
1003,50,4400475,702.230469203251,timeout,0.05,3804.478515625,-175.76702880859375,155.84617614746094,straight
1004,50,4406475,783.5740644931537,timeout,0.05,3804.478515625,-175.76702880859375,155.84617614746094,straight
1005,50,4407700,-1026.8918127641482,loss,0.05,4269.08984375,-165.0054168701172,169.1988067626953,bfm_angles
1006,50,4408772,-950.7063711437579,loss,0.05,4269.08984375,-165.0054168701172,169.1988067626953,bfm_angles
1007,50,4409904,-957.7421198333254,loss,0.05,4013.62353515625,178.7764892578125,163.7979278564453,bfm_angles
1008,50,4411238,-1511.9306021258594,loss,0.05,4013.62353515625,178.7764892578125,163.7979278564453,bfm_angles
1009,50,4417238,483.2140759527567,timeout,0.05,3779.23828125,-176.52796936035156,149.72242736816406,straight
1010,50,4423238,468.4530177823103,timeout,0.05,3779.23828125,-176.52796936035156,149.72242736816406,straight
1011,50,4424647,-1034.1600190458742,loss,0.05,4068.935302734375,171.25241088867188,148.14706420898438,straight
1012,50,4426048,-1025.3155344051518,loss,0.05,4068.935302734375,171.25241088867188,148.14706420898438,straight
1013,50,4427194,-977.0273665346003,loss,0.05,3727.679443359375,172.59640502929688,148.0684356689453,bfm_angles
1014,50,4428340,-989.2030816625957,loss,0.05,3727.679443359375,172.59640502929688,148.0684356689453,bfm_angles
1015,50,4428611,1507.9295206738395,win,0.06,2042.067626953125,116.02367401123047,-54.258052825927734,straight
1016,50,4428886,1511.6199370203537,win,0.07,2042.067626953125,116.02367401123047,-54.258052825927734,straight
1017,50,4434886,996.954751993949,timeout,0.07,4711.10693359375,146.5813446044922,61.49785232543945,straight
1018,50,4440886,1056.4797032294055,timeout,0.07,4711.10693359375,146.5813446044922,61.49785232543945,straight
1019,50,4446886,-38.40298534543325,timeout,0.07,2924.51708984375,124.16228485107422,89.80045318603516,bfm_angles
1020,50,4452886,35.588364037640495,timeout,0.07,2924.51708984375,124.16228485107422,89.80045318603516,bfm_angles
1021,51,4454230,-1003.063535469394,loss,0.07,4205.66357421875,176.59872436523438,148.5457763671875,bfm_angles
1022,51,4455629,-974.26450111869,loss,0.07,4205.66357421875,176.59872436523438,148.5457763671875,bfm_angles
1023,51,4461629,1110.0086645480685,timeout,0.07,4079.60205078125,-162.7761993408203,171.07489013671875,straight
1024,51,4467629,-50.66973561766929,timeout,0.07,4079.60205078125,-162.7761993408203,171.07489013671875,straight
1025,51,4473629,228.46546018671648,timeout,0.07,3951.61962890625,-175.99952697753906,152.84239196777344,straight
1026,51,4479629,76.35340283379834,timeout,0.07,3951.61962890625,-175.99952697753906,152.84239196777344,straight
1027,51,4485629,62.36102037651725,timeout,0.07,4453.4248046875,-154.2612762451172,169.8648681640625,straight
1028,51,4491629,-111.54831601503919,timeout,0.07,4453.4248046875,-154.2612762451172,169.8648681640625,straight
1029,51,4494835,-1097.304803122883,loss,0.07,3889.99853515625,-158.38368225097656,157.3880615234375,bfm_angles
1030,51,4498596,-1183.2770665131018,loss,0.07,3889.99853515625,-158.38368225097656,157.3880615234375,bfm_angles
1031,51,4504596,481.70776080700006,timeout,0.07,3901.6630859375,-168.52545166015625,169.65679931640625,straight
1032,51,4507988,-1104.7559757386937,disengaged,0.07,3901.6630859375,-168.52545166015625,169.65679931640625,straight
1033,51,4513988,351.36750671531513,timeout,0.07,4364.015625,-169.7928466796875,175.6764373779297,straight
1034,51,4519670,-1505.217115241969,crash,0.07,4364.015625,-169.7928466796875,175.6764373779297,straight
1035,51,4521385,-1077.5986434150645,disengaged,0.07,4338.337890625,-10.283090591430664,90.31620788574219,straight
1036,51,4523107,-1105.01084499463,disengaged,0.06,4338.337890625,-10.283090591430664,90.31620788574219,straight
1037,51,4529107,1176.9485141870814,timeout,0.06,3030.02587890625,-18.593036651611328,-69.0256118774414,straight
1038,51,4535107,1513.2118489319655,timeout,0.06,3030.02587890625,-18.593036651611328,-69.0256118774414,straight
1039,51,4541107,-458.9604844919329,timeout,0.05,4510.0263671875,-117.24089813232422,-57.69307327270508,straight
1040,51,4546316,-2512.2423311895354,crash,0.04,4510.0263671875,-117.24089813232422,-57.69307327270508,straight
1041,52,4552316,-1048.0228904009225,timeout,0.04,3960.982421875,-168.50088500976562,156.40432739257812,straight
1042,52,4558316,-722.5241241811875,timeout,0.04,3960.982421875,-168.50088500976562,156.40432739257812,straight
1043,52,4560114,-974.2281944583575,loss,0.04,4001.31640625,-168.53945922851562,172.30734252929688,bfm_angles
1044,52,4561217,-982.5422690252923,loss,0.04,4001.31640625,-168.53945922851562,172.30734252929688,bfm_angles
1045,52,4567217,1188.8346878092168,timeout,0.04,4082.58056640625,-159.38970947265625,162.82302856445312,straight
1046,52,4572355,-1191.1297600414928,disengaged,0.04,4082.58056640625,-159.38970947265625,162.82302856445312,straight
1047,52,4578355,302.5611333030587,timeout,0.04,4041.741455078125,-138.35723876953125,175.30235290527344,straight
1048,52,4584355,161.9644607964264,timeout,0.04,4041.741455078125,-138.35723876953125,175.30235290527344,straight
1049,52,4585379,-1088.7191223043947,loss,0.04,3889.37939453125,-158.04986572265625,172.00088500976562,bfm_angles
1050,52,4586445,-1072.5935763990722,loss,0.04,3889.37939453125,-158.04986572265625,172.00088500976562,bfm_angles
1051,52,4590994,-2062.2450490928973,disengaged,0.04,4100.630859375,-161.93609619140625,167.0414276123047,straight
1052,52,4596994,-909.7823749295958,timeout,0.04,4100.630859375,-161.93609619140625,167.0414276123047,straight
1053,52,4602994,-1121.211247747965,timeout,0.04,4138.00341796875,176.52578735351562,157.60948181152344,straight
1054,52,4607528,-1572.2277841915954,disengaged,0.04,4138.00341796875,176.52578735351562,157.60948181152344,straight
1055,52,4609339,-1004.7020354456794,loss,0.04,3790.10888671875,46.674346923828125,15.914541244506836,bfm_angles
1056,52,4614265,-1005.3286805582916,loss,0.04,3790.10888671875,46.674346923828125,15.914541244506836,bfm_angles
1057,52,4619235,-1495.2374580197018,crash,0.04,2612.310791015625,127.35924530029297,7.229212284088135,bfm_angles
1058,52,4621068,-944.6190276830852,loss,0.04,2612.310791015625,127.35924530029297,7.229212284088135,bfm_angles
1059,52,4622885,-1068.5394660936338,loss,0.04,2890.97509765625,9.065860748291016,136.39248657226562,bfm_angles
1060,52,4624749,-1004.9777595152133,loss,0.04,2890.97509765625,9.065860748291016,136.39248657226562,bfm_angles
1061,53,4630749,-232.67786484894637,timeout,0.04,4190.6875,-156.1890411376953,167.6376495361328,straight
1062,53,4635441,-2146.2567576087827,disengaged,0.04,4190.6875,-156.1890411376953,167.6376495361328,straight
1063,53,4640479,-1716.2201649548274,disengaged,0.04,4272.9755859375,-165.1431427001953,175.06463623046875,straight
1064,53,4645153,-1211.2156782123152,disengaged,0.04,4272.9755859375,-165.1431427001953,175.06463623046875,straight
1065,53,4648834,-1012.4640406848524,disengaged,0.04,4108.70166015625,-150.14083862304688,157.9943084716797,straight
1066,53,4651939,-990.4041007122495,disengaged,0.04,4108.70166015625,-150.14083862304688,157.9943084716797,straight
1067,53,4655583,-1168.7541426470793,disengaged,0.04,4268.552734375,-151.21585083007812,171.63804626464844,straight
1068,53,4658322,-1010.7829061204616,disengaged,0.04,4268.552734375,-151.21585083007812,171.63804626464844,straight
1069,53,4661527,-1113.7424768773822,disengaged,0.04,4019.918212890625,-144.4348602294922,169.50213623046875,straight
1070,53,4664763,-1029.3093492163255,disengaged,0.04,4019.918212890625,-144.4348602294922,169.50213623046875,straight
1071,53,4668739,-1791.4618771380358,disengaged,0.04,3978.240478515625,-149.5287628173828,170.53273010253906,straight
1072,53,4674739,-766.1491791214518,timeout,0.04,3978.240478515625,-149.5287628173828,170.53273010253906,straight
1073,53,4678030,-1021.3753441443489,disengaged,0.04,3791.11572265625,-164.9071044921875,150.56719970703125,straight
1074,53,4681343,-1008.268803420668,disengaged,0.04,3791.11572265625,-164.9071044921875,150.56719970703125,straight
1075,53,4685882,-953.9360202454586,loss,0.04,3906.801025390625,26.26278305053711,82.2990493774414,bfm_angles
1076,53,4689583,1678.297921975924,win,0.05,3906.801025390625,26.26278305053711,82.2990493774414,bfm_angles
1077,53,4692182,-1097.288220920085,disengaged,0.05,3132.7939453125,22.495107650756836,-93.29229736328125,straight
1078,53,4694536,-1079.7933538954098,disengaged,0.05,3132.7939453125,22.495107650756836,-93.29229736328125,straight
1079,53,4699067,-843.6690078943129,disengaged,0.05,3514.059814453125,-14.750727653503418,30.79083251953125,straight
1080,53,4705067,276.66521158140984,timeout,0.05,3514.059814453125,-14.750727653503418,30.79083251953125,straight
1081,54,4708837,-1099.1227434091147,disengaged,0.05,4066.880126953125,-158.98123168945312,165.58096313476562,straight
1082,54,4713338,-1248.1106800293849,disengaged,0.05,4066.880126953125,-158.98123168945312,165.58096313476562,straight
1083,54,4719332,-1144.790414766353,disengaged,0.05,3937.978515625,-149.70816040039062,142.8966064453125,straight
1084,54,4725332,-87.2547766148311,timeout,0.05,3937.978515625,-149.70816040039062,142.8966064453125,straight
1085,54,4728737,-1029.215835983437,loss,0.05,3925.573486328125,-158.36671447753906,156.40328979492188,bfm_angles
1086,54,4731773,-1005.7164643335277,loss,0.05,3925.573486328125,-158.36671447753906,156.40328979492188,bfm_angles
1087,54,4737773,86.54823399744761,timeout,0.05,4405.3388671875,-149.96221923828125,159.05206298828125,straight
1088,54,4743773,86.00735930331592,timeout,0.05,4405.3388671875,-149.96221923828125,159.05206298828125,straight
1089,54,4749773,-43.76682432632558,timeout,0.05,4199.625,-166.84036254882812,156.34539794921875,straight
1090,54,4755773,-831.8000001472407,timeout,0.05,4199.625,-166.84036254882812,156.34539794921875,straight
1091,54,4761773,-76.15720653727404,timeout,0.05,4192.51123046875,-152.7714080810547,179.25926208496094,straight
1092,54,4767773,-168.27843729935313,timeout,0.05,4192.51123046875,-152.7714080810547,179.25926208496094,straight
1093,54,4773773,114.28334540007202,timeout,0.05,4033.917724609375,-165.3895721435547,158.79559326171875,straight
1094,54,4779773,-389.9119303679083,timeout,0.05,4033.917724609375,-165.3895721435547,158.79559326171875,straight
1095,54,4784691,-937.5662554230219,loss,0.05,5044.17138671875,87.81767272949219,8.817621231079102,bfm_angles
1096,54,4788079,-875.9512069686527,loss,0.05,5044.17138671875,87.81767272949219,8.817621231079102,bfm_angles
1097,54,4794079,917.1154873639975,timeout,0.04,2086.564697265625,143.978759765625,51.995018005371094,straight
1098,54,4800079,526.7967772778862,timeout,0.04,2086.564697265625,143.978759765625,51.995018005371094,straight
1099,54,4806079,267.6839774745355,timeout,0.04,4094.788330078125,1.27125883102417,59.043792724609375,straight
1100,54,4812079,455.4172788491621,timeout,0.04,4094.788330078125,1.27125883102417,59.043792724609375,straight
1101,55,4815167,-1406.5801930979417,crash,0.04,4216.1591796875,-166.6078643798828,147.44314575195312,straight
1102,55,4818082,-1344.5532331485158,crash,0.03,4216.1591796875,-166.6078643798828,147.44314575195312,straight
1103,55,4824082,188.92332325628277,timeout,0.03,4270.3046875,-154.65054321289062,157.3571014404297,straight
1104,55,4830082,288.5258137637192,timeout,0.03,4270.3046875,-154.65054321289062,157.3571014404297,straight
1105,55,4835631,-791.5598089226378,loss,0.03,3952.308349609375,-148.9977569580078,163.717529296875,bfm_angles
1106,55,4839482,-941.0758102882914,loss,0.03,3952.308349609375,-148.9977569580078,163.717529296875,bfm_angles
1107,55,4845482,211.42455344858516,timeout,0.03,4266.2568359375,-152.39903259277344,155.48495483398438,straight
1108,55,4851482,219.80679916855325,timeout,0.03,4266.2568359375,-152.39903259277344,155.48495483398438,straight
1109,55,4854746,-912.5399982258239,loss,0.03,4239.99755859375,-142.56195068359375,150.30848693847656,bfm_angles
1110,55,4858919,-886.5032392672163,loss,0.03,4239.99755859375,-142.56195068359375,150.30848693847656,bfm_angles
1111,55,4862413,-1368.1646623302815,crash,0.03,4463.05810546875,-162.99334716796875,170.6272430419922,straight
1112,55,4865441,-1385.1788799049991,crash,0.03,4463.05810546875,-162.99334716796875,170.6272430419922,straight
1113,55,4869179,-1134.9645129852745,disengaged,0.03,4154.025390625,-155.96836853027344,145.23146057128906,straight
1114,55,4872214,-1599.4773789641677,crash,0.03,4154.025390625,-155.96836853027344,145.23146057128906,straight
1115,55,4872793,-982.6580800905035,loss,0.02,4351.03662109375,-159.2163543701172,-72.71173095703125,bfm_angles
1116,55,4873394,-985.1306328812407,loss,0.01,4351.03662109375,-159.2163543701172,-72.71173095703125,bfm_angles
1117,55,4877763,-846.077077319693,loss,0.01,3405.5830078125,-73.74406433105469,16.67688751220703,bfm_angles
1118,55,4882383,-864.1107089585744,loss,0.01,3405.5830078125,-73.74406433105469,16.67688751220703,bfm_angles
1119,55,4888383,484.20825834717493,timeout,0.01,3888.37060546875,-93.69281005859375,-110.8318099975586,straight
1120,55,4894383,-99.60722030704297,timeout,0.01,3888.37060546875,-93.69281005859375,-110.8318099975586,straight
1121,56,4897138,-1550.7127003063315,crash,0.01,4105.12646484375,-140.7246551513672,156.1490936279297,straight
1122,56,4900304,-1579.2847914436081,crash,0.01,4105.12646484375,-140.7246551513672,156.1490936279297,straight
1123,56,4905723,-1648.2718342629942,crash,0.01,3907.0517578125,-153.7591094970703,146.0946807861328,straight
1124,56,4909171,-1583.6346322128356,crash,0.01,3907.0517578125,-153.7591094970703,146.0946807861328,straight
1125,56,4915171,-63.52685060202474,timeout,0.01,3988.15087890625,-145.9996795654297,161.3677520751953,straight
1126,56,4920362,-1540.5367074727928,crash,0.01,3988.15087890625,-145.9996795654297,161.3677520751953,straight
1127,56,4924412,-1035.7464578221836,loss,0.01,4094.397216796875,-142.0010528564453,137.78646850585938,bfm_angles
1128,56,4925698,-948.9299160852655,loss,0.01,4094.397216796875,-142.0010528564453,137.78646850585938,bfm_angles
1129,56,4927035,-955.7222784032913,loss,0.01,4008.274169921875,-160.39706420898438,126.55291748046875,bfm_angles
1130,56,4927935,-966.7004581504622,loss,0.01,4008.274169921875,-160.39706420898438,126.55291748046875,bfm_angles
1131,56,4933935,84.63128722629364,timeout,0.01,4092.093017578125,-149.22396850585938,146.99339294433594,straight
1132,56,4936851,-1169.255386590778,loss,0.01,4092.093017578125,-149.22396850585938,146.99339294433594,straight
1133,56,4938112,-951.176967063771,loss,0.01,4191.76171875,-149.9907684326172,153.73826599121094,bfm_angles
1134,56,4939479,-943.5743234751707,loss,0.01,4191.76171875,-149.9907684326172,153.73826599121094,bfm_angles
1135,56,4940322,-1050.7594299511427,loss,0.01,4825.078125,-105.74517822265625,-56.36699295043945,bfm_angles
1136,56,4942373,-1075.8450193998015,loss,0.01,4825.078125,-105.74517822265625,-56.36699295043945,bfm_angles
1137,56,4943268,2048.933640693519,win,0.02,2995.450927734375,-123.67855834960938,15.538086891174316,straight
1138,56,4943895,1778.6516065374312,win,0.03,2995.450927734375,-123.67855834960938,15.538086891174316,straight
1139,56,4949895,-854.8733829445474,timeout,0.03,4429.6396484375,136.32821655273438,94.69257354736328,straight
1140,56,4955895,-1246.2337246299326,timeout,0.03,4429.6396484375,136.32821655273438,94.69257354736328,straight
1141,57,4960122,-1057.6886264153334,disengaged,0.03,4263.2998046875,-172.35487365722656,121.22402954101562,straight
1142,57,4963415,-1039.2862477834024,disengaged,0.03,4263.2998046875,-172.35487365722656,121.22402954101562,straight
1143,57,4968487,-1035.0665935822317,disengaged,0.03,4144.71923828125,-158.40933227539062,136.1202850341797,straight
1144,57,4973098,-1023.0112977201776,disengaged,0.03,4144.71923828125,-158.40933227539062,136.1202850341797,straight
1145,57,4976324,-1047.4435718938655,disengaged,0.03,4035.62353515625,-174.44070434570312,121.79776763916016,straight
1146,57,4979254,-1103.150103111156,disengaged,0.03,4035.62353515625,-174.44070434570312,121.79776763916016,straight
1147,57,4982851,-1072.9159659263157,disengaged,0.03,4059.279541015625,-176.52940368652344,121.20195770263672,straight
1148,57,4985801,-1035.7030251838214,disengaged,0.03,4059.279541015625,-176.52940368652344,121.20195770263672,straight
1149,57,4989275,-1002.7806700461484,disengaged,0.03,4195.6259765625,-167.10427856445312,126.6982192993164,straight
1150,57,4995275,259.4886071987987,timeout,0.03,4195.6259765625,-167.10427856445312,126.6982192993164,straight
1151,57,5001275,189.06519345412073,timeout,0.03,4258.2333984375,-149.96163940429688,115.69319152832031,straight
1152,57,5007275,125.69182392189326,timeout,0.03,4258.2333984375,-149.96163940429688,115.69319152832031,straight
1153,57,5010199,-1389.4519594423898,crash,0.03,4193.5673828125,-157.9302215576172,141.8673858642578,bfm_angles
1154,57,5012138,-936.9636241910106,loss,0.03,4193.5673828125,-157.9302215576172,141.8673858642578,bfm_angles
1155,57,5018138,498.13058146482524,timeout,0.03,4904.56396484375,123.47508239746094,-100.917724609375,straight
1156,57,5024138,1193.9332668343325,timeout,0.03,4904.56396484375,123.47508239746094,-100.917724609375,straight
1157,57,5030138,509.1374648543511,timeout,0.03,3223.322265625,71.02759552001953,28.30307960510254,straight
1158,57,5034503,-524.3303078002425,disengaged,0.03,3223.322265625,71.02759552001953,28.30307960510254,straight
1159,57,5040503,423.4164611891637,timeout,0.03,5042.71044921875,39.50601577758789,74.62053680419922,straight
1160,57,5046503,374.80608464571765,timeout,0.03,5042.71044921875,39.50601577758789,74.62053680419922,straight
1161,58,5052503,-1.2558869649410718,timeout,0.03,3901.275390625,-160.14634704589844,123.88883972167969,straight
1162,58,5058503,392.9569910380474,timeout,0.03,3901.275390625,-160.14634704589844,123.88883972167969,straight
1163,58,5064503,106.06670044807198,timeout,0.03,4021.57568359375,-172.1279754638672,115.7161636352539,straight
1164,58,5066431,1997.8425309032552,win,0.04,4021.57568359375,-172.1279754638672,115.7161636352539,straight
1165,58,5072431,168.8319764972833,timeout,0.04,3958.219482421875,-169.95814514160156,123.46018981933594,straight
1166,58,5078431,566.9394061282543,timeout,0.04,3958.219482421875,-169.95814514160156,123.46018981933594,straight
1167,58,5084431,741.4053955755802,timeout,0.04,4029.316650390625,-173.33999633789062,112.11570739746094,straight
1168,58,5090431,468.96948550891904,timeout,0.04,4029.316650390625,-173.33999633789062,112.11570739746094,straight
1169,58,5096431,739.7368317622037,timeout,0.04,4229.25732421875,-161.29840087890625,118.847412109375,straight
1170,58,5102431,1073.583017004415,timeout,0.04,4229.25732421875,-161.29840087890625,118.847412109375,straight
1171,58,5105162,-1095.0204835651994,loss,0.04,4236.51318359375,-171.1318817138672,123.78755950927734,bfm_angles
1172,58,5107551,-957.3156726311814,loss,0.04,4236.51318359375,-171.1318817138672,123.78755950927734,bfm_angles
1173,58,5113551,787.6719492263428,timeout,0.04,3899.79541015625,-177.15164184570312,130.83486938476562,straight
1174,58,5119534,2387.137445903746,win,0.05,3899.79541015625,-177.15164184570312,130.83486938476562,straight
1175,58,5122539,-987.1614203435969,loss,0.05,1908.71875,52.33131408691406,114.81559753417969,bfm_angles
1176,58,5127257,-967.7583200181484,loss,0.04,1908.71875,52.33131408691406,114.81559753417969,bfm_angles
1177,58,5133257,114.85367530926102,timeout,0.04,3552.982177734375,-98.5353012084961,33.186275482177734,straight
1178,58,5139257,205.84407607535164,timeout,0.04,3552.982177734375,-98.5353012084961,33.186275482177734,straight
1179,58,5144403,2579.7048108347894,win,0.05,4086.0693359375,129.01687622070312,151.37803649902344,straight
1180,58,5149739,2454.5608771577777,win,0.06,4086.0693359375,129.01687622070312,151.37803649902344,straight
1181,59,5155739,470.83723185434576,timeout,0.06,3958.302490234375,-166.37893676757812,122.6329345703125,straight
1182,59,5161739,994.4021981834999,timeout,0.06,3958.302490234375,-166.37893676757812,122.6329345703125,straight
1183,59,5162446,-950.9541140358591,loss,0.06,4160.6884765625,165.90567016601562,113.8774185180664,bfm_angles
1184,59,5164947,-1021.4203971342396,loss,0.06,4160.6884765625,165.90567016601562,113.8774185180664,bfm_angles
1185,59,5165500,-967.4970047967794,loss,0.06,3992.5830078125,-179.38661193847656,101.78961944580078,bfm_angles
1186,59,5166062,-970.3163109091728,loss,0.06,3992.5830078125,-179.38661193847656,101.78961944580078,bfm_angles
1187,59,5166640,-967.3450346155203,loss,0.06,3753.645751953125,166.73971557617188,110.96110534667969,bfm_angles
1188,59,5167265,-961.4433952730889,loss,0.06,3753.645751953125,166.73971557617188,110.96110534667969,bfm_angles
1189,59,5173265,1501.7029293860885,timeout,0.06,4101.3896484375,-178.7073211669922,120.48120880126953,straight
1190,59,5177077,170.14671931004045,loss,0.06,4101.3896484375,-178.7073211669922,120.48120880126953,straight
1191,59,5179289,2695.9595135872587,win,0.07,3774.85498046875,171.80783081054688,104.49921417236328,straight
1192,59,5185289,2004.2132270046425,timeout,0.07,3774.85498046875,171.80783081054688,104.49921417236328,straight
1193,59,5190049,3906.6841423154474,win,0.08,4020.824951171875,-173.7659149169922,114.98600006103516,straight
1194,59,5196049,1425.1477211110068,timeout,0.08,4020.824951171875,-173.7659149169922,114.98600006103516,straight
1195,59,5202049,-291.79245505269,timeout,0.08,4073.347412109375,-112.26203155517578,88.76737213134766,bfm_angles
1196,59,5202589,1559.4746290335615,win,0.09,4073.347412109375,-112.26203155517578,88.76737213134766,bfm_angles
1197,59,5206234,-2209.8786858122294,disengaged,0.09,3364.736572265625,-120.75027465820312,-114.08670043945312,straight
1198,59,5212234,618.32986113758,timeout,0.09,3364.736572265625,-120.75027465820312,-114.08670043945312,straight
1199,59,5218234,1126.1023090264116,timeout,0.09,2699.67919921875,158.26776123046875,38.652305603027344,straight
1200,59,5224234,1151.303778478447,timeout,0.09,2699.67919921875,158.26776123046875,38.652305603027344,straight
1201,60,5227993,2410.294328566759,win,0.1,3875.8701171875,152.15721130371094,106.22251892089844,straight
1202,60,5233993,476.5804466002078,timeout,0.1,3875.8701171875,152.15721130371094,106.22251892089844,straight
1203,60,5239993,693.7217671987643,timeout,0.1,3746.77392578125,167.6830596923828,127.87006378173828,straight
1204,60,5245821,2654.0089510978814,win,0.11,3746.77392578125,167.6830596923828,127.87006378173828,straight
1205,60,5251821,620.4530025457856,timeout,0.11,4082.89404296875,158.5176239013672,118.81845092773438,straight
1206,60,5256095,2270.902116782123,win,0.12,4082.89404296875,158.5176239013672,118.81845092773438,straight
1207,60,5256691,1554.5598141195662,win,0.13,3992.935546875,153.6341094970703,108.66791534423828,bfm_angles
1208,60,5257287,1553.2834217694665,win,0.14,3992.935546875,153.6341094970703,108.66791534423828,bfm_angles
1209,60,5263287,-253.42220759649427,timeout,0.14,4178.505859375,163.3742218017578,126.83734130859375,bfm_angles
1210,60,5269287,-287.0325417957119,timeout,0.14,4178.505859375,163.3742218017578,126.83734130859375,bfm_angles
1211,60,5269887,-960.3554252124613,loss,0.14,3976.826904296875,166.90853881835938,111.70978546142578,bfm_angles
1212,60,5270482,-961.1787268321268,loss,0.14,3976.826904296875,166.90853881835938,111.70978546142578,bfm_angles
1213,60,5276310,2343.173986902364,win,0.15,3953.1787109375,166.71212768554688,116.5129623413086,straight
1214,60,5281950,-153.62425922418583,loss,0.15,3953.1787109375,166.71212768554688,116.5129623413086,straight
1215,60,5287950,-261.3849891019731,timeout,0.15,4836.35009765625,-82.80474090576172,-24.456193923950195,bfm_angles
1216,60,5290113,-983.0778406518064,loss,0.15,4836.35009765625,-82.80474090576172,-24.456193923950195,bfm_angles
1217,60,5296113,907.4788115445932,timeout,0.15,2574.9248046875,22.423398971557617,53.73284149169922,straight
1218,60,5297727,2128.2671048097345,win,0.16,2574.9248046875,22.423398971557617,53.73284149169922,straight
1219,60,5303727,1229.5190693406325,timeout,0.16,2205.024658203125,-162.8941192626953,-18.668886184692383,straight
1220,60,5307535,3757.847440178758,win,0.17,2205.024658203125,-162.8941192626953,-18.668886184692383,straight
1221,61,5313535,918.5776973717252,timeout,0.17,3941.02392578125,168.52796936035156,119.16437530517578,turn4
1222,61,5319535,-188.5671425102533,timeout,0.17,3941.02392578125,168.52796936035156,119.16437530517578,turn4
1223,61,5325535,907.7931315237756,timeout,0.17,3752.93798828125,-172.2344970703125,125.36083984375,turn4
1224,61,5331535,-1529.8938721966103,timeout,0.17,3752.93798828125,-172.2344970703125,125.36083984375,turn4
1225,61,5337535,-449.2581126926594,timeout,0.17,3750.6474609375,156.86297607421875,98.35700988769531,turn4
1226,61,5343535,-1526.2798471578776,timeout,0.17,3750.6474609375,156.86297607421875,98.35700988769531,turn4
1227,61,5349535,-1494.5466917680235,timeout,0.17,4129.412109375,164.83013916015625,117.25823211669922,turn4
1228,61,5355535,-480.11035342661273,timeout,0.17,4129.412109375,164.83013916015625,117.25823211669922,turn4
1229,61,5357617,-968.6411253389264,loss,0.17,3743.10546875,170.8855743408203,109.24075317382812,bfm_angles
1230,61,5359804,-984.387733821279,loss,0.17,3743.10546875,170.8855743408203,109.24075317382812,bfm_angles
1231,61,5365804,321.9363428235866,timeout,0.17,4047.777099609375,155.19056701660156,118.8118896484375,turn4
1232,61,5371804,5.623021395907905,timeout,0.17,4047.777099609375,155.19056701660156,118.8118896484375,turn4
1233,61,5373598,-1037.9431903600696,loss,0.17,4006.028076171875,146.4062042236328,101.39138793945312,turn4
1234,61,5379598,-723.8897046744469,timeout,0.17,4006.028076171875,146.4062042236328,101.39138793945312,turn4
1235,61,5380995,-835.0725743927006,loss,0.17,2432.645263671875,-51.69796371459961,-61.75899124145508,bfm_angles
1236,61,5382689,-822.3800982291052,loss,0.17,2432.645263671875,-51.69796371459961,-61.75899124145508,bfm_angles
1237,61,5384130,1692.9916437671027,win,0.17,3199.787841796875,-159.27252197265625,82.85893249511719,turn4
1238,61,5385025,1775.4625035129854,win,0.17,3199.787841796875,-159.27252197265625,82.85893249511719,turn4
1239,61,5391025,-944.3346749916733,timeout,0.17,4722.8056640625,53.551666259765625,-138.03817749023438,turn4
1240,61,5397025,108.84407815499225,timeout,0.17,4722.8056640625,53.551666259765625,-138.03817749023438,turn4
1241,62,5399218,-1066.7014965119397,loss,0.17,3875.76513671875,150.01327514648438,113.7635726928711,bfm_angles
1242,62,5405218,-175.59686546528934,timeout,0.17,3875.76513671875,150.01327514648438,113.7635726928711,bfm_angles
1243,62,5407360,-1057.0433518073291,loss,0.17,3760.064453125,156.72601318359375,106.31971740722656,bfm_angles
1244,62,5409779,-1077.3858246593875,loss,0.17,3760.064453125,156.72601318359375,106.31971740722656,bfm_angles
1245,62,5412748,1502.4550974996284,win,0.18,3714.89501953125,159.77020263671875,102.89073944091797,turn4
1246,62,5418748,-153.28498265960116,timeout,0.18,3714.89501953125,159.77020263671875,102.89073944091797,turn4
1247,62,5424748,-419.739708314708,timeout,0.18,3585.547119140625,148.09042358398438,116.4715805053711,turn4
1248,62,5430748,333.92160780166813,timeout,0.18,3585.547119140625,148.09042358398438,116.4715805053711,turn4
1249,62,5436748,-1590.7479945645962,timeout,0.18,3929.18310546875,155.863037109375,117.45513153076172,turn4
1250,62,5442748,-1227.2153985931916,timeout,0.18,3929.18310546875,155.863037109375,117.45513153076172,turn4
1251,62,5448748,-158.7005347321977,timeout,0.18,3992.374755859375,157.61962890625,105.70609283447266,turn4
1252,62,5454748,-978.4783720283408,timeout,0.18,3992.374755859375,157.61962890625,105.70609283447266,turn4
1253,62,5460748,100.10162966920696,timeout,0.18,3863.2587890625,157.08529663085938,94.40328216552734,turn4
1254,62,5466748,-1194.6468447425855,timeout,0.18,3863.2587890625,157.08529663085938,94.40328216552734,turn4
1255,62,5472748,810.320506879963,timeout,0.18,2738.544677734375,-41.276031494140625,75.84456634521484,turn4
1256,62,5478748,-113.27454954018924,timeout,0.18,2738.544677734375,-41.276031494140625,75.84456634521484,turn4
1257,62,5484748,53.92430772334633,timeout,0.18,4980.75146484375,177.83990478515625,127.49493408203125,turn4
1258,62,5490748,-712.7074032591503,timeout,0.18,4980.75146484375,177.83990478515625,127.49493408203125,turn4
1259,62,5491343,1509.7695114542244,win,0.19,4561.82763671875,-159.55393981933594,-50.81616973876953,bfm_angles
1260,62,5491887,-1019.597364604877,loss,0.19,4561.82763671875,-159.55393981933594,-50.81616973876953,bfm_angles
1261,63,5497887,630.3242335679575,timeout,0.19,3915.32373046875,150.95603942871094,108.66697692871094,straight
1262,63,5503887,916.508090959377,timeout,0.19,3915.32373046875,150.95603942871094,108.66697692871094,straight
1263,63,5507658,-1392.2813295069705,crash,0.19,3832.0302734375,146.6172637939453,107.08177947998047,bfm_angles
1264,63,5512361,-1383.0069361324704,crash,0.18,3832.0302734375,146.6172637939453,107.08177947998047,bfm_angles
1265,63,5517756,-1355.8982007946352,loss,0.18,3735.43994140625,157.74459838867188,110.33116912841797,bfm_angles
1266,63,5523756,-224.5243241519881,timeout,0.18,3735.43994140625,157.74459838867188,110.33116912841797,bfm_angles
1267,63,5529756,988.203420336185,timeout,0.18,3900.1865234375,145.0428924560547,112.26303100585938,straight
1268,63,5535756,776.1045019235116,timeout,0.18,3900.1865234375,145.0428924560547,112.26303100585938,straight
1269,63,5541756,395.1449166271359,timeout,0.18,4048.019775390625,155.0154571533203,100.34574890136719,straight
1270,63,5546105,-1304.1046918465643,disengaged,0.18,4048.019775390625,155.0154571533203,100.34574890136719,straight
1271,63,5552105,-141.19886284086604,timeout,0.18,3898.69921875,146.49549865722656,119.20674896240234,bfm_angles
1272,63,5558105,-432.2999485779422,timeout,0.18,3898.69921875,146.49549865722656,119.20674896240234,bfm_angles
1273,63,5564105,-168.79232021238704,timeout,0.18,3898.97216796875,152.95565795898438,109.97795867919922,bfm_angles
1274,63,5570105,-23.674122890844387,timeout,0.17,3898.97216796875,152.95565795898438,109.97795867919922,bfm_angles
1275,63,5576105,817.1148325648098,timeout,0.17,3817.33203125,12.001572608947754,-24.407581329345703,straight
1276,63,5582105,951.9751234996232,timeout,0.17,3817.33203125,12.001572608947754,-24.407581329345703,straight
1277,63,5588105,489.93475745927856,timeout,0.17,4845.0087890625,7.244253158569336,-50.90476989746094,straight
1278,63,5594105,463.8524925552564,timeout,0.17,4845.0087890625,7.244253158569336,-50.90476989746094,straight
1279,63,5594287,1545.2536765520679,win,0.17,1951.7003173828125,130.44900512695312,-6.998302936553955,straight
1280,63,5594469,1544.9480445390727,win,0.17,1951.7003173828125,130.44900512695312,-6.998302936553955,straight
1281,64,5595208,-958.4475997778025,loss,0.17,3466.26318359375,160.3785858154297,125.55113220214844,bfm_angles
1282,64,5595940,-962.2118187245974,loss,0.17,3466.26318359375,160.3785858154297,125.55113220214844,bfm_angles
1283,64,5600664,-1142.4986077703275,disengaged,0.17,3619.4326171875,169.43724060058594,125.2679214477539,straight
1284,64,5606299,-1321.0433687986756,disengaged,0.17,3619.4326171875,169.43724060058594,125.2679214477539,straight
1285,64,5612299,-333.93972557848133,timeout,0.17,3709.69580078125,151.76683044433594,119.38751220703125,straight
1286,64,5617227,-1119.7378820836373,disengaged,0.17,3709.69580078125,151.76683044433594,119.38751220703125,straight
1287,64,5622141,-1432.7058987528185,crash,0.17,3868.4228515625,169.9087371826172,118.01004028320312,straight
1288,64,5625058,-1027.525904567642,disengaged,0.17,3868.4228515625,169.9087371826172,118.01004028320312,straight
1289,64,5630720,-1430.7533934601975,disengaged,0.17,3612.5400390625,163.2285614013672,102.65492248535156,straight
1290,64,5632909,-1073.0513904842776,disengaged,0.17,3612.5400390625,163.2285614013672,102.65492248535156,straight
1291,64,5633501,-959.8112553607647,loss,0.16,3774.979736328125,156.15765380859375,110.02873992919922,bfm_angles
1292,64,5634083,-961.7862078185727,loss,0.16,3774.979736328125,156.15765380859375,110.02873992919922,bfm_angles
1293,64,5636364,-1044.9313817216175,disengaged,0.15,3661.97216796875,162.6189727783203,99.1436767578125,straight
1294,64,5638630,-1075.8532996464526,disengaged,0.15,3661.97216796875,162.6189727783203,99.1436767578125,straight
1295,64,5642800,-639.7331996922499,disengaged,0.15,3053.41015625,-20.379484176635742,33.47087097167969,straight
1296,64,5648800,680.0769813349266,timeout,0.14,3053.41015625,-20.379484176635742,33.47087097167969,straight
1297,64,5650797,-1213.987619951803,loss,0.14,4108.26171875,-95.40357971191406,-75.01467895507812,bfm_angles
1298,64,5653015,-1361.1968047587661,loss,0.14,4108.26171875,-95.40357971191406,-75.01467895507812,bfm_angles
1299,64,5657897,-1274.9237881547265,disengaged,0.14,2958.707763671875,172.02322387695312,-123.99042510986328,straight
1300,64,5660297,-1086.7438435806948,disengaged,0.14,2958.707763671875,172.02322387695312,-123.99042510986328,straight
1301,65,5666297,-170.2471509191085,timeout,0.13,3740.37548828125,169.34228515625,113.40821838378906,straight
1302,65,5672297,-182.17292677023082,timeout,0.13,3740.37548828125,169.34228515625,113.40821838378906,straight
1303,65,5672946,-960.7683555524331,loss,0.13,3728.202392578125,160.31214904785156,114.01374816894531,bfm_angles
1304,65,5673579,-964.3179416061408,loss,0.12,3728.202392578125,160.31214904785156,114.01374816894531,bfm_angles
1305,65,5676517,-1151.9872068224345,disengaged,0.12,3615.419921875,158.2765655517578,108.46907806396484,straight
1306,65,5682517,158.55539412083786,timeout,0.11,3615.419921875,158.2765655517578,108.46907806396484,straight
1307,65,5683047,-961.0012650617425,loss,0.1,3430.577880859375,152.21847534179688,88.54310607910156,bfm_angles
1308,65,5683598,-978.967497402216,loss,0.09,3430.577880859375,152.21847534179688,88.54310607910156,bfm_angles
1309,65,5684233,-964.9512204451007,loss,0.09,3562.05908203125,152.67889404296875,106.93334197998047,bfm_angles
1310,65,5684843,-967.1167305852324,loss,0.09,3562.05908203125,152.67889404296875,106.93334197998047,bfm_angles
1311,65,5690843,604.1448577028314,timeout,0.09,3785.50341796875,163.37840270996094,111.48106384277344,straight
1312,65,5693388,-1022.9435145761374,disengaged,0.09,3785.50341796875,163.37840270996094,111.48106384277344,straight
1313,65,5696654,-1271.8188537622418,disengaged,0.08,3623.48193359375,163.87379455566406,143.35435485839844,straight
1314,65,5699421,-1015.4971236367228,disengaged,0.08,3623.48193359375,163.87379455566406,143.35435485839844,straight
1315,65,5705421,191.36990987808065,timeout,0.08,2291.640380859375,22.597579956054688,5.65584135055542,straight
1316,65,5711421,561.6315752468277,timeout,0.08,2291.640380859375,22.597579956054688,5.65584135055542,straight
1317,65,5716377,-863.9157777441644,loss,0.08,3198.0439453125,99.69343566894531,11.477250099182129,bfm_angles
1318,65,5722377,92.58245474928853,timeout,0.07,3198.0439453125,99.69343566894531,11.477250099182129,bfm_angles
1319,65,5725897,-1007.0091914038594,disengaged,0.07,4152.4658203125,-120.46809387207031,123.44514465332031,straight
1320,65,5731897,325.56674117081064,timeout,0.06,4152.4658203125,-120.46809387207031,123.44514465332031,straight
1321,66,5737897,-49.21671210154253,timeout,0.06,3581.59814453125,153.85508728027344,113.38090515136719,straight
1322,66,5740102,-988.686477200638,disengaged,0.06,3581.59814453125,153.85508728027344,113.38090515136719,straight
1323,66,5746102,-181.87106094232445,timeout,0.06,3308.5927734375,153.39161682128906,106.80117797851562,bfm_angles
1324,66,5752102,-172.98114694109915,timeout,0.06,3308.5927734375,153.39161682128906,106.80117797851562,bfm_angles
1325,66,5758102,137.1661331743136,timeout,0.06,3478.484619140625,167.2138671875,114.35184478759766,straight
1326,66,5760831,-1376.074979292323,disengaged,0.06,3478.484619140625,167.2138671875,114.35184478759766,straight
1327,66,5763213,-1107.518520508415,disengaged,0.06,3593.070068359375,162.9360809326172,128.88681030273438,straight
1328,66,5765774,-1059.170350595497,disengaged,0.06,3593.070068359375,162.9360809326172,128.88681030273438,straight
1329,66,5768282,-1061.125487050108,disengaged,0.06,3523.212890625,173.2256622314453,130.1278839111328,straight
1330,66,5771017,-1246.0718528699451,disengaged,0.06,3523.212890625,173.2256622314453,130.1278839111328,straight
1331,66,5777017,214.73279372432168,timeout,0.06,3619.4873046875,172.95741271972656,116.83763885498047,straight
1332,66,5779988,-1139.0662117373531,disengaged,0.06,3619.4873046875,172.95741271972656,116.83763885498047,straight
1333,66,5785988,-88.49149344088359,timeout,0.06,3527.10302734375,165.0517120361328,123.26351165771484,bfm_angles
1334,66,5791988,-8.995587920394867,timeout,0.06,3527.10302734375,165.0517120361328,123.26351165771484,bfm_angles
1335,66,5797988,-199.60720573075642,timeout,0.06,2280.481689453125,52.76837158203125,139.54644775390625,straight
1336,66,5803988,-260.5359340281838,timeout,0.06,2280.481689453125,52.76837158203125,139.54644775390625,straight
1337,66,5809988,-10.011730076762825,timeout,0.05,2412.122314453125,158.06285095214844,59.66073989868164,straight
1338,66,5815988,17.834423257537,timeout,0.04,2412.122314453125,158.06285095214844,59.66073989868164,straight
1339,66,5820752,-2160.9709723599535,crash,0.04,4679.6455078125,35.217018127441406,100.12512969970703,bfm_angles
1340,66,5821964,-912.3325393150395,loss,0.04,4679.6455078125,35.217018127441406,100.12512969970703,bfm_angles
1341,67,5823902,-1027.8926829186858,disengaged,0.04,3413.399658203125,156.38357543945312,116.26875305175781,straight
1342,67,5826339,-1058.5547345854397,disengaged,0.04,3413.399658203125,156.38357543945312,116.26875305175781,straight
1343,67,5832339,-15.40159827078399,timeout,0.04,3239.21630859375,149.037841796875,117.1807632446289,straight
1344,67,5838339,-39.482354285601794,timeout,0.04,3239.21630859375,149.037841796875,117.1807632446289,straight
1345,67,5841093,-1047.3142757416667,disengaged,0.03,3536.479248046875,-177.24453735351562,126.46973419189453,straight
1346,67,5844534,-1035.8120909955408,disengaged,0.03,3536.479248046875,-177.24453735351562,126.46973419189453,straight
1347,67,5847956,-1090.968294146182,disengaged,0.03,3289.4931640625,172.8631591796875,122.88449096679688,straight
1348,67,5850119,-1131.3091050163682,disengaged,0.03,3289.4931640625,172.8631591796875,122.88449096679688,straight
1349,67,5856119,-529.5743885330721,timeout,0.03,3431.284912109375,159.305419921875,124.7787857055664,bfm_angles
1350,67,5862119,-1118.4672381516937,timeout,0.03,3431.284912109375,159.305419921875,124.7787857055664,bfm_angles
1351,67,5868119,-1281.886174374298,timeout,0.03,3523.91943359375,-177.99913024902344,111.51983642578125,bfm_angles
1352,67,5874119,-417.8842401553568,timeout,0.03,3523.91943359375,-177.99913024902344,111.51983642578125,bfm_angles
1353,67,5876235,-1080.8336143719325,disengaged,0.03,3336.445068359375,160.5858154296875,116.79106140136719,straight
1354,67,5878603,-1111.7780466086003,disengaged,0.03,3336.445068359375,160.5858154296875,116.79106140136719,straight
1355,67,5883251,3871.6517636269564,win,0.04,2946.6083984375,71.82718658447266,-41.04222869873047,straight
1356,67,5889251,2161.933228646518,timeout,0.04,2946.6083984375,71.82718658447266,-41.04222869873047,straight
1357,67,5895251,-18.182725210512263,timeout,0.04,4001.0361328125,-48.35837173461914,68.61845397949219,straight
1358,67,5901251,186.01513881055203,timeout,0.04,4001.0361328125,-48.35837173461914,68.61845397949219,straight
1359,67,5903747,-1138.3383478501912,disengaged,0.03,1993.825439453125,-142.37380981445312,-172.9939727783203,straight
1360,67,5909747,124.55875503417685,timeout,0.03,1993.825439453125,-142.37380981445312,-172.9939727783203,straight
1361,68,5915747,-304.2499332109257,timeout,0.03,3249.03466796875,-175.98899841308594,135.75241088867188,bfm_angles
1362,68,5921747,-324.384752647285,timeout,0.03,3249.03466796875,-175.98899841308594,135.75241088867188,bfm_angles
1363,68,5923431,-1000.7908365367264,loss,0.03,3414.0009765625,176.972412109375,132.49806213378906,bfm_angles
1364,68,5925176,-993.1048902236555,loss,0.03,3414.0009765625,176.972412109375,132.49806213378906,bfm_angles
1365,68,5928641,-1165.4088219672615,disengaged,0.03,3497.59765625,177.80162048339844,123.5253677368164,straight
1366,68,5931750,-1128.3268826077158,disengaged,0.03,3497.59765625,177.80162048339844,123.5253677368164,straight
1367,68,5934033,-1127.8233809428611,disengaged,0.03,3172.44775390625,155.47341918945312,132.75416564941406,straight
1368,68,5936309,-1132.503928372796,disengaged,0.03,3172.44775390625,155.47341918945312,132.75416564941406,straight
1369,68,5942309,-35.74675497977815,timeout,0.03,3439.23974609375,159.94512939453125,125.07830810546875,straight
1370,68,5948309,-272.19621305915655,timeout,0.03,3439.23974609375,159.94512939453125,125.07830810546875,straight
1371,68,5950821,-1141.274629072293,disengaged,0.03,3248.6884765625,173.2257080078125,131.37576293945312,straight
1372,68,5953523,-1076.9019269790267,disengaged,0.03,3248.6884765625,173.2257080078125,131.37576293945312,straight
1373,68,5956049,-1122.39244280511,disengaged,0.03,3461.49072265625,157.73333740234375,121.43701171875,straight
1374,68,5958229,-1153.7031835259913,disengaged,0.03,3461.49072265625,157.73333740234375,121.43701171875,straight
1375,68,5964229,592.4634831742815,timeout,0.03,4583.05712890625,-29.590667724609375,-24.67673110961914,straight
1376,68,5970229,803.6186159148776,timeout,0.03,4583.05712890625,-29.590667724609375,-24.67673110961914,straight
1377,68,5974206,-1077.5816389259485,disengaged,0.03,4401.328125,-0.7752082943916321,70.3910140991211,straight
1378,68,5977578,-1101.56583740731,disengaged,0.03,4401.328125,-0.7752082943916321,70.3910140991211,straight
1379,68,5979015,-979.2541565370952,loss,0.02,2676.3564453125,148.11717224121094,173.1306610107422,bfm_angles
1380,68,5980720,-976.910328865638,loss,0.01,2676.3564453125,148.11717224121094,173.1306610107422,bfm_angles
1381,69,5982401,-991.2782769077793,loss,0.01,2884.85107421875,133.39495849609375,98.78988647460938,bfm_angles
1382,69,5987152,-1610.3998765816204,crash,0.01,2884.85107421875,133.39495849609375,98.78988647460938,bfm_angles
1383,69,5989212,-1160.9434930617817,disengaged,0.01,3135.9423828125,136.39434814453125,115.19447326660156,straight
1384,69,5991110,-1172.069207055454,disengaged,0.01,3135.9423828125,136.39434814453125,115.19447326660156,straight
1385,69,5993605,-1167.3194951366368,disengaged,0.01,3480.81982421875,172.30963134765625,94.96084594726562,straight
1386,69,5999605,863.247288718148,timeout,0.01,3480.81982421875,172.30963134765625,94.96084594726562,straight
1387,69,6005605,103.47914899272531,timeout,0.01,3393.4296875,-177.30482482910156,113.02269744873047,straight
1388,69,6011605,14.034905399800003,timeout,0.01,3393.4296875,-177.30482482910156,113.02269744873047,straight
1389,69,6017605,-1261.5001403656795,timeout,0.01,3336.38720703125,-172.78977966308594,130.42591857910156,bfm_angles
1390,69,6019226,-979.7537981908646,loss,0.01,3336.38720703125,-172.78977966308594,130.42591857910156,bfm_angles
1391,69,6025226,-56.20200612038587,timeout,0.01,3628.1826171875,163.41517639160156,119.64549255371094,straight
1392,69,6031226,12.999997280330298,timeout,0.01,3628.1826171875,163.41517639160156,119.64549255371094,straight
1393,69,6037226,-230.55052254220598,timeout,0.01,3037.941162109375,-179.06396484375,132.5614776611328,bfm_angles
1394,69,6042166,-2109.0136601705435,crash,0.01,3037.941162109375,-179.06396484375,132.5614776611328,bfm_angles
1395,69,6043672,2036.1229048476034,win,0.02,4377.1357421875,-102.38521575927734,-28.593460083007812,straight
1396,69,6045481,2264.479115938428,win,0.03,4377.1357421875,-102.38521575927734,-28.593460083007812,straight
1397,69,6049038,2851.0718673613555,win,0.04,2189.372314453125,-4.132723331451416,-120.71147918701172,straight
1398,69,6055038,-204.02953679449703,timeout,0.04,2189.372314453125,-4.132723331451416,-120.71147918701172,straight
1399,69,6061038,301.5630758843643,timeout,0.04,4024.935546875,-90.18848419189453,-100.279541015625,straight
1400,69,6067038,-112.96808737023447,timeout,0.04,4024.935546875,-90.18848419189453,-100.279541015625,straight
1401,70,6072732,3811.607271120415,win,0.05,3536.462158203125,152.62771606445312,91.15492248535156,straight
1402,70,6078732,2259.125991128443,timeout,0.05,3536.462158203125,152.62771606445312,91.15492248535156,straight
1403,70,6084732,1234.2041429264086,timeout,0.05,3276.333984375,-170.84254455566406,112.76668548583984,straight
1404,70,6090732,1305.386050270863,timeout,0.05,3276.333984375,-170.84254455566406,112.76668548583984,straight
1405,70,6096732,1043.1930195223074,timeout,0.05,3339.416259765625,163.86476135253906,106.63414764404297,straight
1406,70,6102732,1338.1417410484662,timeout,0.05,3339.416259765625,163.86476135253906,106.63414764404297,straight
1407,70,6108732,1099.2073414018403,timeout,0.05,3345.596923828125,170.8903350830078,103.2398910522461,straight
1408,70,6112199,128.25824589302113,loss,0.05,3345.596923828125,170.8903350830078,103.2398910522461,straight
1409,70,6118199,902.0081718748373,timeout,0.05,3399.53369140625,177.94703674316406,106.50125885009766,straight
1410,70,6124199,1250.830608259081,timeout,0.05,3399.53369140625,177.94703674316406,106.50125885009766,straight
1411,70,6130199,267.084840947555,timeout,0.05,3272.0693359375,178.95225524902344,134.51080322265625,straight
1412,70,6134573,-2055.172438227424,crash,0.05,3272.0693359375,178.95225524902344,134.51080322265625,straight
1413,70,6137271,-1147.8394674486092,disengaged,0.05,3011.529296875,168.61669921875,103.05497741699219,straight
1414,70,6140222,2443.388833800692,win,0.06,3011.529296875,168.61669921875,103.05497741699219,straight
1415,70,6146222,-299.37153626885265,timeout,0.06,3165.769775390625,-69.13573455810547,-128.8648681640625,straight
1416,70,6152222,-257.83789751752715,timeout,0.06,3165.769775390625,-69.13573455810547,-128.8648681640625,straight
1417,70,6155283,2277.439159821769,win,0.07,4957.79931640625,124.74967956542969,51.869590759277344,straight
1418,70,6157273,2164.1955980540333,win,0.08,4957.79931640625,124.74967956542969,51.869590759277344,straight
1419,70,6158146,1553.4489495188727,win,0.09,4746.78466796875,52.037418365478516,-74.57813262939453,bfm_angles
1420,70,6158971,1550.6421397946854,win,0.1,4746.78466796875,52.037418365478516,-74.57813262939453,bfm_angles
1421,71,6163322,3372.370485449207,win,0.11,3109.66015625,178.84481811523438,103.3575439453125,straight
1422,71,6169322,915.9909783522061,timeout,0.11,3109.66015625,178.84481811523438,103.3575439453125,straight
1423,71,6173298,2437.2065347954895,win,0.12,3059.05517578125,-173.5825958251953,109.94236755371094,straight
1424,71,6176826,2680.8983310355416,win,0.13,3059.05517578125,-173.5825958251953,109.94236755371094,straight
1425,71,6182826,228.33033730344377,timeout,0.13,3205.96337890625,-175.54095458984375,115.78797912597656,straight
1426,71,6186555,2559.4922860921874,win,0.14,3205.96337890625,-175.54095458984375,115.78797912597656,straight
1427,71,6192555,1435.0300319789894,timeout,0.14,3392.73095703125,166.14529418945312,69.4013442993164,straight
1428,71,6198555,908.3559916370016,timeout,0.14,3392.73095703125,166.14529418945312,69.4013442993164,straight
1429,71,6202676,-872.1714849322525,disengaged,0.14,3276.234375,170.36251831054688,105.24565887451172,straight
1430,71,6206750,-908.9149655332398,disengaged,0.14,3276.234375,170.36251831054688,105.24565887451172,straight
1431,71,6212750,1746.1785338533646,timeout,0.14,3075.389892578125,-167.95562744140625,80.53461456298828,straight
1432,71,6218750,1828.032117196901,timeout,0.14,3075.389892578125,-167.95562744140625,80.53461456298828,straight
1433,71,6221784,2670.931618920795,win,0.15,3274.26611328125,178.33349609375,73.04085540771484,straight
1434,71,6227784,2177.603617970784,timeout,0.15,3274.26611328125,178.33349609375,73.04085540771484,straight
1435,71,6233784,-14.201889620850128,timeout,0.15,5041.6025390625,-43.019561767578125,104.48197937011719,straight
1436,71,6239784,-32.457800612264364,timeout,0.15,5041.6025390625,-43.019561767578125,104.48197937011719,straight
1437,71,6245784,571.9443527089455,timeout,0.15,3201.33935546875,77.83686828613281,102.29413604736328,straight
1438,71,6251784,403.80135663964364,timeout,0.15,3201.33935546875,77.83686828613281,102.29413604736328,straight
1439,71,6253763,-1092.8782746807638,disengaged,0.15,4657.353515625,80.77190399169922,145.201416015625,straight
1440,71,6255568,-1052.5224209000012,disengaged,0.15,4657.353515625,80.77190399169922,145.201416015625,straight
1441,72,6261355,-1063.6890040796766,loss,0.15,3461.296875,-132.5711669921875,124.29785919189453,bfm_angles
1442,72,6267355,-84.33145722734474,timeout,0.15,3461.296875,-132.5711669921875,124.29785919189453,bfm_angles
1443,72,6269120,2409.05921240151,win,0.16,3033.935302734375,136.61688232421875,72.48907470703125,straight
1444,72,6271459,2918.820145669313,win,0.17,3033.935302734375,136.61688232421875,72.48907470703125,straight
1445,72,6273679,-925.8948394906206,loss,0.17,2987.811767578125,157.64566040039062,108.37244415283203,bfm_angles
1446,72,6277750,-994.2714504981365,loss,0.17,2987.811767578125,157.64566040039062,108.37244415283203,bfm_angles
1447,72,6283750,997.986705600178,timeout,0.17,3170.343017578125,169.6670379638672,82.278564453125,straight
1448,72,6285705,2165.569760491091,win,0.18,3170.343017578125,169.6670379638672,82.278564453125,straight
1449,72,6290581,3429.8565620608065,win,0.19,3388.568603515625,163.047607421875,100.67052459716797,straight
1450,72,6293024,-1083.6922244726964,disengaged,0.19,3388.568603515625,163.047607421875,100.67052459716797,straight
1451,72,6295253,-1061.5320592758433,disengaged,0.19,3152.1767578125,138.1645050048828,112.63623809814453,straight
1452,72,6298276,-966.2075511857637,disengaged,0.19,3152.1767578125,138.1645050048828,112.63623809814453,straight
1453,72,6304276,912.9400813731048,timeout,0.19,2940.824951171875,-172.9966278076172,97.88343811035156,straight
1454,72,6306951,-1114.1180173020311,disengaged,0.19,2940.824951171875,-172.9966278076172,97.88343811035156,straight
1455,72,6311017,-1062.7619047646042,disengaged,0.18,4824.44775390625,174.5779266357422,-153.72366333007812,straight
1456,72,6317017,-153.67647752405324,timeout,0.18,4824.44775390625,174.5779266357422,-153.72366333007812,straight
1457,72,6321812,-1287.753515694821,loss,0.18,1953.50830078125,-177.0069122314453,-149.4816131591797,bfm_angles
1458,72,6325294,-1332.9125206273252,loss,0.18,1953.50830078125,-177.0069122314453,-149.4816131591797,bfm_angles
1459,72,6328182,-996.4277070993428,disengaged,0.18,3575.232666015625,152.31283569335938,141.4367218017578,straight
1460,72,6331403,-1005.6737170441027,disengaged,0.18,3575.232666015625,152.31283569335938,141.4367218017578,straight
1461,73,6336973,-918.1502499689253,loss,0.18,3240.751953125,-176.6534423828125,96.41547393798828,bfm_angles
1462,73,6337451,-965.3049205144123,loss,0.18,3240.751953125,-176.6534423828125,96.41547393798828,bfm_angles
1463,73,6339926,-977.6482699709999,loss,0.18,3160.19970703125,-143.15335083007812,126.5618896484375,bfm_angles
1464,73,6343452,-934.2918724219551,loss,0.18,3160.19970703125,-143.15335083007812,126.5618896484375,bfm_angles
1465,73,6344528,1944.9314901499324,win,0.19,3269.94482421875,-83.48605346679688,63.63666915893555,straight
1466,73,6350528,1387.3967702000725,timeout,0.19,3269.94482421875,-83.48605346679688,63.63666915893555,straight
1467,73,6356528,128.6422859132899,timeout,0.19,3137.251220703125,-167.01405334472656,102.54255676269531,straight
1468,73,6360086,2699.9705999094977,win,0.2,3137.251220703125,-167.01405334472656,102.54255676269531,straight
1469,73,6363335,-962.2814081476822,disengaged,0.2,3289.31005859375,-141.27305603027344,88.9260025024414,straight
1470,73,6363844,-962.4271915938799,loss,0.2,3289.31005859375,-141.27305603027344,88.9260025024414,straight
1471,73,6369844,1086.2843479159758,timeout,0.2,3161.83154296875,-129.79986572265625,82.6875991821289,straight
1472,73,6370337,1564.4119732668678,win,0.21,3161.83154296875,-129.79986572265625,82.6875991821289,straight
1473,73,6370804,1573.6612905186967,win,0.22,3398.3056640625,-137.02149963378906,11.474437713623047,straight
1474,73,6371250,1579.0523231568582,win,0.23,3398.3056640625,-137.02149963378906,11.474437713623047,straight
1475,73,6373527,-1107.3050186316707,disengaged,0.23,3063.20751953125,17.8636474609375,-113.60954284667969,straight
1476,73,6379527,68.0013256323267,timeout,0.23,3063.20751953125,17.8636474609375,-113.60954284667969,straight
1477,73,6384720,1729.9417844580455,win,0.24,2667.847900390625,124.84337615966797,178.72682189941406,straight
1478,73,6390720,241.10685161001442,timeout,0.24,2667.847900390625,124.84337615966797,178.72682189941406,straight
1479,73,6391328,-952.3455954996662,loss,0.24,4176.7783203125,159.6835174560547,-105.91523742675781,bfm_angles
1480,73,6391942,-952.5839054741887,loss,0.24,4176.7783203125,159.6835174560547,-105.91523742675781,bfm_angles
1481,74,6392289,-968.4882769283795,loss,0.24,3137.4541015625,-162.4644012451172,59.9044189453125,straight
1482,74,6392639,-968.0198841105174,loss,0.24,3137.4541015625,-162.4644012451172,59.9044189453125,straight
1483,74,6393090,-972.8491990364225,loss,0.24,3205.05126953125,-148.710693359375,88.5517349243164,bfm_angles
1484,74,6393541,-970.6941740311449,loss,0.24,3205.05126953125,-148.710693359375,88.5517349243164,bfm_angles
1485,74,6397511,1944.1701317292739,win,0.25,3124.44677734375,127.18746948242188,116.00955200195312,straight
1486,74,6402228,2295.0476886316114,win,0.26,3124.44677734375,127.18746948242188,116.00955200195312,straight
1487,74,6404634,2752.014848051019,win,0.27,3017.150390625,146.65354919433594,68.2178726196289,straight
1488,74,6406877,2591.4432790105757,win,0.28,3017.150390625,146.65354919433594,68.2178726196289,straight
1489,74,6411174,-1935.1066403201137,crash,0.28,3289.78173828125,-169.16726684570312,93.9216537475586,straight
1490,74,6417174,208.83249632361031,timeout,0.28,3289.78173828125,-169.16726684570312,93.9216537475586,straight
1491,74,6423174,-184.44614406840768,timeout,0.28,3027.885498046875,-80.31803894042969,102.15230560302734,bfm_angles
1492,74,6423978,-954.2367605891559,loss,0.28,3027.885498046875,-80.31803894042969,102.15230560302734,bfm_angles
1493,74,6429978,155.11511153956826,timeout,0.28,3141.521728515625,169.01858520507812,123.51567077636719,straight
1494,74,6432184,1802.3180241476857,win,0.29,3141.521728515625,169.01858520507812,123.51567077636719,straight
1495,74,6438184,-340.52035235946585,timeout,0.28,4349.16357421875,-87.74002075195312,174.10476684570312,bfm_angles
1496,74,6441563,-1072.176113491325,loss,0.27,4349.16357421875,-87.74002075195312,174.10476684570312,bfm_angles
1497,74,6447563,-477.5526635639649,timeout,0.26,4798.10302734375,-8.753442764282227,-20.596899032592773,straight
1498,74,6451444,-1996.6131471998478,crash,0.26,4798.10302734375,-8.753442764282227,-20.596899032592773,straight
1499,74,6451735,1546.8561298054497,win,0.27,2351.243408203125,102.05963134765625,-55.42178726196289,bfm_angles
1500,74,6457246,-952.9321531739625,loss,0.27,2351.243408203125,102.05963134765625,-55.42178726196289,bfm_angles
1501,75,6459274,2171.7029214925865,win,0.27,3316.34765625,-165.78610229492188,85.73992156982422,straight
1502,75,6465274,1064.6293425197712,timeout,0.27,3316.34765625,-165.78610229492188,85.73992156982422,straight
1503,75,6466487,1903.7267316864836,win,0.28,2934.087890625,157.62086486816406,46.2879753112793,straight
1504,75,6467872,2058.9583155597966,win,0.29,2934.087890625,157.62086486816406,46.2879753112793,straight
1505,75,6468418,1622.1164480719567,win,0.3,3019.8720703125,-120.37659454345703,35.69095993041992,straight
1506,75,6468965,1617.8095522996732,win,0.31,3019.8720703125,-120.37659454345703,35.69095993041992,straight
1507,75,6470726,2454.9997383825003,win,0.32,3052.00048828125,77.48456573486328,34.004364013671875,straight
1508,75,6473098,2847.3932563632407,win,0.33,3052.00048828125,77.48456573486328,34.004364013671875,straight
1509,75,6479098,906.5321654314963,timeout,0.33,3088.95849609375,-25.870086669921875,86.37688446044922,straight
1510,75,6482773,2910.955135382811,win,0.34,3088.95849609375,-25.870086669921875,86.37688446044922,straight
1511,75,6488773,-36.1812781261497,timeout,0.34,3104.78466796875,133.5535125732422,48.19544219970703,bfm_angles
1512,75,6494773,1.3702984452942535,timeout,0.34,3104.78466796875,133.5535125732422,48.19544219970703,bfm_angles
1513,75,6496251,2321.863533424348,win,0.35,2935.89111328125,-39.9714469909668,44.580726623535156,straight
1514,75,6498491,2732.9511211839217,win,0.35,2935.89111328125,-39.9714469909668,44.580726623535156,straight
1515,75,6503620,3358.286531153205,win,0.36,3564.83837890625,56.833152770996094,-130.26011657714844,straight
1516,75,6508760,3369.7281622097535,win,0.37,3564.83837890625,56.833152770996094,-130.26011657714844,straight
1517,75,6512623,2742.198639629048,win,0.37,4117.1005859375,98.13983154296875,-140.55421447753906,straight
1518,75,6515548,2746.672194903236,win,0.37,4117.1005859375,98.13983154296875,-140.55421447753906,straight
1519,75,6521548,313.94326866825696,timeout,0.36,3383.804931640625,-145.8977813720703,173.96241760253906,straight
1520,75,6527548,398.37904115804986,timeout,0.35,3383.804931640625,-145.8977813720703,173.96241760253906,straight
1521,76,6533548,271.8327199252952,timeout,0.34,3005.581298828125,-53.77543640136719,21.302080154418945,turn4
1522,76,6534266,1660.8773758459427,win,0.35,3005.581298828125,-53.77543640136719,21.302080154418945,turn4
1523,76,6540266,50.534368180778536,timeout,0.34,2948.95654296875,89.28193664550781,43.05184555053711,turn4
1524,76,6546266,2.0620424363121943,timeout,0.33,2948.95654296875,89.28193664550781,43.05184555053711,turn4
1525,76,6552266,204.88838740730966,timeout,0.33,3180.07470703125,-29.794845581054688,4.723979949951172,turn4
1526,76,6553156,1700.8520000702872,win,0.33,3180.07470703125,-29.794845581054688,4.723979949951172,turn4
1527,76,6559156,182.59329106570462,timeout,0.33,3149.939697265625,-57.58113098144531,-22.86673927307129,turn4
1528,76,6563008,2932.353856058311,win,0.34,3149.939697265625,-57.58113098144531,-22.86673927307129,turn4
1529,76,6566676,2617.377811087217,win,0.35,3005.34228515625,-56.54857635498047,30.722150802612305,turn4
1530,76,6572676,290.92205614336524,timeout,0.35,3005.34228515625,-56.54857635498047,30.722150802612305,turn4
1531,76,6572953,1539.767082958508,win,0.36,3029.765625,163.0,27.058303833007812,turn4
1532,76,6573231,1540.6179146710322,win,0.37,3029.765625,163.0,27.058303833007812,turn4
1533,76,6573878,1740.9415237106737,win,0.37,3137.463134765625,168.6793212890625,-9.742813110351562,turn4
1534,76,6574505,1734.8969923808709,win,0.38,3137.463134765625,168.6793212890625,-9.742813110351562,turn4
1535,76,6580505,-761.3707261195339,timeout,0.38,4623.56103515625,-131.76861572265625,-94.32913208007812,bfm_angles
1536,76,6586505,-185.8906227098529,timeout,0.38,4623.56103515625,-131.76861572265625,-94.32913208007812,bfm_angles
1537,76,6592198,-725.8662010022208,disengaged,0.38,3681.728271484375,34.88201141357422,64.04203796386719,turn4
1538,76,6597800,-833.0311214136744,disengaged,0.38,3681.728271484375,34.88201141357422,64.04203796386719,turn4
1539,76,6603800,148.01299640696288,timeout,0.38,3062.4189453125,43.63424301147461,106.85936737060547,turn4
1540,76,6609264,-1527.0469163951475,disengaged,0.38,3062.4189453125,43.63424301147461,106.85936737060547,turn4
1541,77,6615264,452.87341207127633,timeout,0.38,2764.958984375,-72.39501190185547,-7.744510173797607,turn4
1542,77,6621264,-389.7766900526376,timeout,0.38,2764.958984375,-72.39501190185547,-7.744510173797607,turn4
1543,77,6621565,1549.2016581114083,win,0.38,3238.470947265625,168.5699920654297,17.907135009765625,turn4
1544,77,6627565,-3.7030435313408927,timeout,0.37,3238.470947265625,168.5699920654297,17.907135009765625,turn4
1545,77,6633565,-1122.7002375555514,timeout,0.37,3087.37353515625,45.5846061706543,23.9466495513916,turn4
1546,77,6639565,278.07456395074075,timeout,0.37,3087.37353515625,45.5846061706543,23.9466495513916,turn4
1547,77,6640112,1598.1418160936248,win,0.38,3140.06298828125,-61.442230224609375,19.64419174194336,bfm_angles
1548,77,6640666,1599.0933207096546,win,0.38,3140.06298828125,-61.442230224609375,19.64419174194336,bfm_angles
1549,77,6641943,1585.5106211394016,win,0.38,3127.72021484375,-26.885883331298828,-101.08939361572266,turn4
1550,77,6647943,-61.51995992063708,timeout,0.38,3127.72021484375,-26.885883331298828,-101.08939361572266,turn4
1551,77,6648257,1554.4402506480494,win,0.39,3314.4921875,169.63677978515625,9.174501419067383,turn4
1552,77,6654257,725.5839368518103,timeout,0.39,3314.4921875,169.63677978515625,9.174501419067383,turn4
1553,77,6660257,451.21864131526127,timeout,0.39,3157.8076171875,128.0066680908203,29.776674270629883,turn4
1554,77,6661652,1950.3874460447066,win,0.4,3157.8076171875,128.0066680908203,29.776674270629883,turn4
1555,77,6667652,-205.27214276329966,timeout,0.4,3617.118896484375,-178.25367736816406,-31.50570297241211,turn4
1556,77,6668060,1539.06314226056,win,0.41,3617.118896484375,-178.25367736816406,-31.50570297241211,turn4
1557,77,6669243,-1052.3483998773445,loss,0.41,2108.525390625,123.98983764648438,-142.37245178222656,bfm_angles
1558,77,6670644,-1042.4708297599338,loss,0.41,2108.525390625,123.98983764648438,-142.37245178222656,bfm_angles
1559,77,6676644,49.267819644420065,timeout,0.41,4115.1064453125,-113.57247161865234,-169.3689422607422,turn4
1560,77,6682644,-452.15606936889935,timeout,0.41,4115.1064453125,-113.57247161865234,-169.3689422607422,turn4
1561,78,6684776,-971.3940208151608,loss,0.41,3122.1953125,-36.729270935058594,-106.24610137939453,bfm_angles
1562,78,6685862,-953.2944432432176,loss,0.41,3122.1953125,-36.729270935058594,-106.24610137939453,bfm_angles
1563,78,6691862,620.9214586881487,timeout,0.41,3101.39208984375,-5.123812675476074,-48.8806037902832,turn4
1564,78,6697862,-609.9295900878308,timeout,0.41,3101.39208984375,-5.123812675476074,-48.8806037902832,turn4
1565,78,6703862,521.3093953255176,timeout,0.4,3188.09765625,-52.08329772949219,-6.866165637969971,turn4
1566,78,6709862,-92.9462167543192,timeout,0.4,3188.09765625,-52.08329772949219,-6.866165637969971,turn4
1567,78,6715862,-498.54760440569646,timeout,0.4,3305.8828125,-100.74751281738281,-82.55805969238281,turn4
1568,78,6721862,-1704.9475341122752,timeout,0.39,3305.8828125,-100.74751281738281,-82.55805969238281,turn4
1569,78,6724193,2109.949353931252,win,0.4,3028.1015625,-62.446861267089844,-17.410154342651367,turn4
1570,78,6730193,-272.7886230795954,timeout,0.4,3028.1015625,-62.446861267089844,-17.410154342651367,turn4
1571,78,6732394,-837.7873000133335,loss,0.4,3285.844482421875,-51.375274658203125,-45.60245895385742,bfm_angles
1572,78,6738394,17.39962716911622,timeout,0.39,3285.844482421875,-51.375274658203125,-45.60245895385742,bfm_angles
1573,78,6744394,322.5174036373687,timeout,0.38,2860.4609375,84.48260498046875,-1.2507898807525635,turn4
1574,78,6750394,2.435820016762668,timeout,0.37,2860.4609375,84.48260498046875,-1.2507898807525635,turn4
1575,78,6756394,-61.831096032591596,timeout,0.37,2415.7861328125,-87.40420532226562,-133.24551391601562,bfm_angles
1576,78,6762394,-146.54307186718896,timeout,0.37,2415.7861328125,-87.40420532226562,-133.24551391601562,bfm_angles
1577,78,6768394,-186.2513544268567,timeout,0.36,4714.71044921875,51.38168716430664,26.273054122924805,turn4
1578,78,6774394,-108.55587448638256,timeout,0.36,4714.71044921875,51.38168716430664,26.273054122924805,turn4
1579,78,6780394,-229.71683504693348,timeout,0.36,3497.8642578125,143.6832733154297,129.63526916503906,turn4
1580,78,6786394,156.14197357277914,timeout,0.36,3497.8642578125,143.6832733154297,129.63526916503906,turn4
1581,79,6792394,891.4494800972292,timeout,0.36,3112.4658203125,-12.145031929016113,-55.63349151611328,straight
1582,79,6794935,2670.5821826567794,win,0.37,3112.4658203125,-12.145031929016113,-55.63349151611328,straight
1583,79,6795738,1734.7600155292957,win,0.38,3247.32177734375,128.002197265625,6.478990077972412,straight
1584,79,6796507,1717.1993858758244,win,0.39,3247.32177734375,128.002197265625,6.478990077972412,straight
1585,79,6799157,2381.7145123604782,win,0.39,3302.88623046875,-62.5916633605957,-56.29857635498047,straight
1586,79,6805157,2820.4202702382668,timeout,0.38,3302.88623046875,-62.5916633605957,-56.29857635498047,straight
1587,79,6806442,2112.3571042559824,win,0.38,3124.978515625,-46.91257095336914,-12.350056648254395,straight
1588,79,6808345,2357.359353310264,win,0.38,3124.978515625,-46.91257095336914,-12.350056648254395,straight
1589,79,6814345,517.1939247616417,timeout,0.38,3329.01416015625,-46.0827751159668,-78.23597717285156,straight
1590,79,6820345,401.95138437901585,timeout,0.38,3329.01416015625,-46.0827751159668,-78.23597717285156,straight
1591,79,6826331,-1753.093077919988,crash,0.38,3247.1318359375,-20.394956588745117,-52.4761962890625,straight
1592,79,6829437,2738.4871193389326,win,0.39,3247.1318359375,-20.394956588745117,-52.4761962890625,straight
1593,79,6835024,-1090.5830749549477,disengaged,0.39,3126.671875,46.28057861328125,33.530967712402344,straight
1594,79,6841024,-173.91432341529259,timeout,0.38,3126.671875,46.28057861328125,33.530967712402344,straight
1595,79,6847024,-559.4814462225859,timeout,0.38,4788.84814453125,0.1737624853849411,-73.07490539550781,straight
1596,79,6853024,-262.8418690340322,timeout,0.38,4788.84814453125,0.1737624853849411,-73.07490539550781,straight
1597,79,6854147,1572.6482374835396,win,0.39,4342.2626953125,-37.854434967041016,-114.30006408691406,bfm_angles
1598,79,6855239,1584.5419756202987,win,0.4,4342.2626953125,-37.854434967041016,-114.30006408691406,bfm_angles
1599,79,6855943,1664.8047038008315,win,0.4,2989.241455078125,-90.43547821044922,52.319419860839844,straight
1600,79,6856614,1639.6328021959268,win,0.41,2989.241455078125,-90.43547821044922,52.319419860839844,straight
1601,80,6857528,1708.404353603939,win,0.41,2991.87646484375,-34.1412239074707,-30.83160400390625,turn4
1602,80,6862480,-1291.2139468796508,crash,0.41,2991.87646484375,-34.1412239074707,-30.83160400390625,turn4
1603,80,6868356,-1912.4918833658753,crash,0.4,3266.69970703125,102.9920654296875,57.866878509521484,bfm_angles
1604,80,6874356,-86.77742612511841,timeout,0.39,3266.69970703125,102.9920654296875,57.866878509521484,bfm_angles
1605,80,6880356,332.42150703681864,timeout,0.38,3220.08447265625,-55.73872375488281,-47.11763381958008,turn4
1606,80,6886356,363.0673420874821,timeout,0.37,3220.08447265625,-55.73872375488281,-47.11763381958008,turn4
1607,80,6892356,-39.1355018353965,timeout,0.36,3178.13330078125,-138.02662658691406,-36.01621627807617,turn4
1608,80,6896973,-1180.020274160432,disengaged,0.35,3178.13330078125,-138.02662658691406,-36.01621627807617,turn4
1609,80,6902162,-1576.9364181444082,disengaged,0.35,3265.995361328125,-175.40818786621094,-42.452911376953125,turn4
1610,80,6908162,239.96154159367723,timeout,0.34,3265.995361328125,-175.40818786621094,-42.452911376953125,turn4
1611,80,6908893,1737.9461617340191,win,0.35,3229.1943359375,-176.1420440673828,-4.283069133758545,turn4
1612,80,6914893,408.5581276519484,timeout,0.35,3229.1943359375,-176.1420440673828,-4.283069133758545,turn4
1613,80,6920893,312.6698639313988,timeout,0.34,3397.144287109375,169.1006622314453,-32.335304260253906,turn4
1614,80,6926893,801.1195731564682,timeout,0.33,3397.144287109375,169.1006622314453,-32.335304260253906,turn4
1615,80,6932098,-1188.7649564770475,disengaged,0.32,3057.762451171875,-96.39183807373047,-57.999874114990234,turn4
1616,80,6935424,-1100.3716655144217,disengaged,0.31,3057.762451171875,-96.39183807373047,-57.999874114990234,turn4
1617,80,6941424,-951.2501686409132,timeout,0.3,4780.1669921875,-144.00465393066406,-126.85929870605469,bfm_angles
1618,80,6947424,-50.89663721999527,timeout,0.29,4780.1669921875,-144.00465393066406,-126.85929870605469,bfm_angles
1619,80,6953424,-346.5401747328305,timeout,0.29,4884.76904296875,-116.98713684082031,-129.93438720703125,turn4
1620,80,6956526,-1113.065595110813,disengaged,0.29,4884.76904296875,-116.98713684082031,-129.93438720703125,turn4
1621,81,6962526,289.94148352016333,timeout,0.29,2990.32958984375,103.42318725585938,128.58030700683594,turn4
1622,81,6966499,-1306.8342200196944,disengaged,0.28,2990.32958984375,103.42318725585938,128.58030700683594,turn4
1623,81,6972499,-332.05125936185624,timeout,0.28,3082.78173828125,151.3637237548828,121.85032653808594,turn4
1624,81,6974859,2168.776217406532,win,0.29,3082.78173828125,151.3637237548828,121.85032653808594,turn4
1625,81,6980859,568.4639356493495,timeout,0.29,2959.6611328125,162.82676696777344,1.6588752269744873,turn4
1626,81,6982173,1610.2538863211203,win,0.29,2959.6611328125,162.82676696777344,1.6588752269744873,turn4
1627,81,6982560,1551.0569249906825,win,0.3,3416.134033203125,111.76473236083984,-38.43401336669922,turn4
1628,81,6988560,1132.3744105748801,timeout,0.29,3416.134033203125,111.76473236083984,-38.43401336669922,turn4
1629,81,6994560,-854.0671477761298,timeout,0.28,3119.1552734375,-71.4576416015625,-45.525447845458984,turn4
1630,81,7000560,-37.09381350846503,timeout,0.28,3119.1552734375,-71.4576416015625,-45.525447845458984,turn4
1631,81,7006074,-1318.579884774744,disengaged,0.27,3319.2822265625,13.872556686401367,-52.36526870727539,turn4
1632,81,7012074,84.47500199877184,timeout,0.26,3319.2822265625,13.872556686401367,-52.36526870727539,turn4
1633,81,7015562,-1100.8760638541785,disengaged,0.25,3335.56396484375,132.83038330078125,-27.670734405517578,turn4
1634,81,7021562,13.453317368286436,timeout,0.24,3335.56396484375,132.83038330078125,-27.670734405517578,turn4
1635,81,7027562,493.35453173629236,timeout,0.24,1965.6400146484375,-151.39149475097656,-118.7911605834961,turn4
1636,81,7033562,-990.3959541229542,timeout,0.24,1965.6400146484375,-151.39149475097656,-118.7911605834961,turn4
1637,81,7034410,1567.9919800253524,win,0.25,2823.5458984375,20.898841857910156,-120.26527404785156,bfm_angles
1638,81,7037596,-973.21049461851,loss,0.25,2823.5458984375,20.898841857910156,-120.26527404785156,bfm_angles
1639,81,7043596,-13.759349950476285,timeout,0.25,3108.034912109375,19.701904296875,111.35260009765625,turn4
1640,81,7047964,-1292.3791724587895,disengaged,0.25,3108.034912109375,19.701904296875,111.35260009765625,turn4
1641,82,7048362,-955.5829445213415,loss,0.25,3344.449951171875,-103.60215759277344,50.752010345458984,bfm_angles
1642,82,7048761,-960.8999491123515,loss,0.25,3344.449951171875,-103.60215759277344,50.752010345458984,bfm_angles
1643,82,7051173,-1043.028254123732,loss,0.24,3082.308349609375,-101.92766571044922,133.7835693359375,bfm_angles
1644,82,7057173,-150.8481908162986,timeout,0.24,3082.308349609375,-101.92766571044922,133.7835693359375,bfm_angles
1645,82,7057611,-968.9145020942565,loss,0.24,3220.81640625,151.6909637451172,71.20779418945312,turn4
1646,82,7058031,-967.6955058811143,loss,0.24,3220.81640625,151.6909637451172,71.20779418945312,turn4
1647,82,7058395,1570.3039232183792,win,0.24,3414.923828125,-170.597900390625,39.95345687866211,turn4
1648,82,7064395,1451.815770956804,timeout,0.23,3414.923828125,-170.597900390625,39.95345687866211,turn4
1649,82,7070395,748.2048689717459,timeout,0.22,3121.420166015625,-13.7559814453125,-4.350369453430176,turn4
1650,82,7076395,305.5127633387034,timeout,0.22,3121.420166015625,-13.7559814453125,-4.350369453430176,turn4
1651,82,7082395,43.21907163210381,timeout,0.21,3457.19091796875,154.82513427734375,44.34823226928711,turn4
1652,82,7086705,-571.7156156978465,disengaged,0.21,3457.19091796875,154.82513427734375,44.34823226928711,turn4
1653,82,7092705,-74.29698867405536,timeout,0.21,3413.7421875,-92.90951538085938,-138.29574584960938,turn4
1654,82,7094931,-1144.9462489642297,disengaged,0.2,3413.7421875,-92.90951538085938,-138.29574584960938,turn4
1655,82,7097083,-994.626049263803,loss,0.2,4783.2509765625,-106.88362884521484,-62.904502868652344,bfm_angles
1656,82,7098059,-995.049588525888,loss,0.19,4783.2509765625,-106.88362884521484,-62.904502868652344,bfm_angles
1657,82,7104059,-97.7771197085995,timeout,0.19,3411.298828125,117.90492248535156,-177.87657165527344,turn4
1658,82,7106316,-1091.1599431228417,disengaged,0.19,3411.298828125,117.90492248535156,-177.87657165527344,turn4
1659,82,7109526,-1118.4714322998884,disengaged,0.19,3594.29833984375,86.26754760742188,-87.72960662841797,turn4
1660,82,7112751,-1093.3864686530128,disengaged,0.19,3594.29833984375,86.26754760742188,-87.72960662841797,turn4
1661,83,7118751,198.29185381898537,timeout,0.19,3393.416259765625,4.565552234649658,127.90642547607422,bfm_angles
1662,83,7124751,224.99207258820653,timeout,0.19,3393.416259765625,4.565552234649658,127.90642547607422,bfm_angles
1663,83,7125086,1551.6499516065016,win,0.2,3354.77880859375,171.3998260498047,29.233169555664062,straight
1664,83,7129128,2286.3474370634626,win,0.21,3354.77880859375,171.3998260498047,29.233169555664062,straight
1665,83,7135128,-1490.5391042142871,timeout,0.21,3223.762451171875,137.07717895507812,104.96598052978516,straight
1666,83,7137518,2140.748262532912,win,0.22,3223.762451171875,137.07717895507812,104.96598052978516,straight
1667,83,7142148,2035.1722193589308,win,0.23,3657.856201171875,-5.363839626312256,120.9117660522461,straight
1668,83,7148148,-52.53031297096469,timeout,0.23,3657.856201171875,-5.363839626312256,120.9117660522461,straight
1669,83,7152749,2653.41357179227,win,0.23,3117.2333984375,-177.69464111328125,46.81028366088867,straight
1670,83,7155901,2006.390056534713,win,0.24,3117.2333984375,-177.69464111328125,46.81028366088867,straight
1671,83,7157389,2015.441517844958,win,0.25,3215.93896484375,-124.5215072631836,-77.16295623779297,straight
1672,83,7158869,2039.204080705028,win,0.26,3215.93896484375,-124.5215072631836,-77.16295623779297,straight
1673,83,7161665,2019.580300410556,win,0.27,3243.534423828125,107.63101959228516,151.7025146484375,straight
1674,83,7164351,1854.2941118186277,win,0.28,3243.534423828125,107.63101959228516,151.7025146484375,straight
1675,83,7169944,-1630.8807892702548,crash,0.28,4813.78662109375,-80.85092163085938,70.15304565429688,bfm_angles
1676,83,7171280,-888.956994394395,loss,0.28,4813.78662109375,-80.85092163085938,70.15304565429688,bfm_angles
1677,83,7172782,1940.9564542091948,win,0.29,2718.99072265625,81.06983184814453,-119.20962524414062,straight
1678,83,7174203,1878.579667952504,win,0.3,2718.99072265625,81.06983184814453,-119.20962524414062,straight
1679,83,7174834,-930.2731480656056,loss,0.3,3783.15966796875,-109.27268981933594,-68.1854248046875,bfm_angles
1680,83,7175405,1573.1853334102411,win,0.31,3783.15966796875,-109.27268981933594,-68.1854248046875,bfm_angles
1681,84,7181405,172.98903399941116,timeout,0.31,3275.64013671875,93.12350463867188,131.25259399414062,turn4
1682,84,7187405,-496.8164521254154,timeout,0.3,3275.64013671875,93.12350463867188,131.25259399414062,turn4
1683,84,7193405,-455.68681123514074,timeout,0.29,3359.49365234375,27.361955642700195,144.8949737548828,turn4
1684,84,7197564,-1224.4160535782032,disengaged,0.28,3359.49365234375,27.361955642700195,144.8949737548828,turn4
1685,84,7197936,1552.7004552963708,win,0.28,3712.744140625,176.1081085205078,48.74250793457031,bfm_angles
1686,84,7198313,1549.3910247240883,win,0.29,3712.744140625,176.1081085205078,48.74250793457031,bfm_angles
1687,84,7198730,1565.3340094653397,win,0.29,3602.96142578125,-169.15550231933594,-57.66679763793945,turn4
1688,84,7204730,-791.5163422526631,timeout,0.28,3602.96142578125,-169.15550231933594,-57.66679763793945,turn4
1689,84,7205103,1551.063644187096,win,0.29,3565.214111328125,-130.8089599609375,16.207508087158203,turn4
1690,84,7211103,1256.0189293688472,timeout,0.29,3565.214111328125,-130.8089599609375,16.207508087158203,turn4
1691,84,7217103,392.3412653801515,timeout,0.29,3205.869140625,7.051167011260986,154.3372802734375,turn4
1692,84,7223103,280.1175913928563,timeout,0.28,3205.869140625,7.051167011260986,154.3372802734375,turn4
1693,84,7224602,1690.4015012736788,win,0.29,3277.71044921875,109.72347259521484,72.00814056396484,turn4
1694,84,7230602,1150.047639661559,timeout,0.29,3277.71044921875,109.72347259521484,72.00814056396484,turn4
1695,84,7236602,-769.5958407078383,timeout,0.29,3361.918701171875,66.40765380859375,176.370361328125,turn4
1696,84,7242602,-600.6342462793476,timeout,0.29,3361.918701171875,66.40765380859375,176.370361328125,turn4
1697,84,7243356,-1015.6589424220651,loss,0.28,1941.908203125,148.74551391601562,-147.74964904785156,bfm_angles
1698,84,7244578,-1025.7134519506694,loss,0.27,1941.908203125,148.74551391601562,-147.74964904785156,bfm_angles
1699,84,7248869,-887.9556861313038,loss,0.26,3647.223388671875,80.92324829101562,120.97605895996094,bfm_angles
1700,84,7254560,-855.4808475087126,loss,0.25,3647.223388671875,80.92324829101562,120.97605895996094,bfm_angles
1701,85,7254915,1554.5708157240035,win,0.25,3492.396484375,-160.8708038330078,-17.87173843383789,turn4
1702,85,7260915,883.398593277418,timeout,0.25,3492.396484375,-160.8708038330078,-17.87173843383789,turn4
1703,85,7266915,-1927.660748417794,timeout,0.25,3349.72607421875,-142.32241821289062,135.67156982421875,turn4
1704,85,7271499,-1332.0462722897419,disengaged,0.25,3349.72607421875,-142.32241821289062,135.67156982421875,turn4
1705,85,7272462,-996.0098701521122,loss,0.25,3586.0849609375,167.1859893798828,17.780052185058594,bfm_angles
1706,85,7273452,-961.6886946173446,loss,0.25,3586.0849609375,167.1859893798828,17.780052185058594,bfm_angles
1707,85,7275186,1604.550624547112,win,0.26,3358.9501953125,-174.02540588378906,118.2748794555664,turn4
1708,85,7281186,-161.7070226875387,timeout,0.26,3358.9501953125,-174.02540588378906,118.2748794555664,turn4
1709,85,7287186,100.05301880049426,timeout,0.26,3595.94482421875,24.592939376831055,36.243045806884766,turn4
1710,85,7288340,1699.0512352363126,win,0.27,3595.94482421875,24.592939376831055,36.243045806884766,turn4
1711,85,7294340,-366.3979247369006,timeout,0.26,3337.6806640625,-171.87289428710938,151.8031768798828,turn4
1712,85,7300340,-212.3161263813663,timeout,0.26,3337.6806640625,-171.87289428710938,151.8031768798828,turn4
1713,85,7306340,333.583700777974,timeout,0.26,3539.96435546875,-114.59019470214844,-15.75362491607666,turn4
1714,85,7312340,431.2132461549426,timeout,0.26,3539.96435546875,-114.59019470214844,-15.75362491607666,turn4
1715,85,7318340,-74.97525612501269,timeout,0.26,4773.5224609375,-14.788782119750977,141.19461059570312,turn4
1716,85,7320491,-1084.162706251198,disengaged,0.26,4773.5224609375,-14.788782119750977,141.19461059570312,turn4
1717,85,7326491,-322.36831979709456,timeout,0.26,4934.033203125,14.990582466125488,77.00762939453125,turn4
1718,85,7332491,509.49622478617533,timeout,0.26,4934.033203125,14.990582466125488,77.00762939453125,turn4
1719,85,7332958,1561.5686361247401,win,0.27,4206.13134765625,-135.36715698242188,13.713859558105469,bfm_angles
1720,85,7338958,-136.67402037292794,timeout,0.27,4206.13134765625,-135.36715698242188,13.713859558105469,bfm_angles
1721,86,7339313,1554.5539247430904,win,0.28,3242.11083984375,167.9930419921875,13.691551208496094,bfm_angles
1722,86,7339668,1553.5257220636774,win,0.29,3242.11083984375,167.9930419921875,13.691551208496094,bfm_angles
1723,86,7340040,1571.4508588002222,win,0.3,3630.785400390625,163.8326416015625,-16.571243286132812,turn4
1724,86,7346040,897.2452044355292,timeout,0.29,3630.785400390625,163.8326416015625,-16.571243286132812,turn4
1725,86,7352040,277.5580253532809,timeout,0.29,3380.32275390625,-39.466575622558594,69.43707275390625,turn4
1726,86,7352764,1571.8238433434894,win,0.29,3380.32275390625,-39.466575622558594,69.43707275390625,turn4
1727,86,7358764,1323.686842701563,timeout,0.28,3583.650390625,-163.3216094970703,79.5076904296875,turn4
1728,86,7364764,-733.4046955492303,timeout,0.28,3583.650390625,-163.3216094970703,79.5076904296875,turn4
1729,86,7365144,1559.2142638599003,win,0.29,3409.4169921875,-174.18276977539062,56.367919921875,turn4
1730,86,7365513,1558.5917843956531,win,0.3,3409.4169921875,-174.18276977539062,56.367919921875,turn4
1731,86,7365914,-964.9562261624502,loss,0.3,3630.781494140625,165.3338623046875,56.02088165283203,bfm_angles
1732,86,7366301,-963.2760614112055,loss,0.3,3630.781494140625,165.3338623046875,56.02088165283203,bfm_angles
1733,86,7372301,-221.37281990679784,timeout,0.3,3376.61376953125,89.6903305053711,122.85053253173828,turn4
1734,86,7378301,-135.55044389926528,timeout,0.3,3376.61376953125,89.6903305053711,122.85053253173828,turn4
1735,86,7379971,-1029.1308394769026,loss,0.3,1905.816650390625,61.53041458129883,-131.01168823242188,bfm_angles
1736,86,7381588,-1036.7372569463805,loss,0.3,1905.816650390625,61.53041458129883,-131.01168823242188,bfm_angles
1737,86,7387588,214.46638938904908,timeout,0.29,4888.69482421875,-44.444698333740234,71.97793579101562,turn4
1738,86,7393588,-278.4274097101039,timeout,0.29,4888.69482421875,-44.444698333740234,71.97793579101562,turn4
1739,86,7399588,762.7655316396575,timeout,0.29,4436.240234375,-16.528902053833008,-160.50765991210938,turn4
1740,86,7405588,140.10613091713435,timeout,0.29,4436.240234375,-16.528902053833008,-160.50765991210938,turn4
1741,87,7406763,1707.4444405053787,win,0.3,3522.83984375,77.3609390258789,35.595516204833984,turn4
1742,87,7408040,1729.4704305540997,win,0.31,3522.83984375,77.3609390258789,35.595516204833984,turn4
1743,87,7414040,39.83507437610837,timeout,0.31,3311.62548828125,-119.34290313720703,80.60696411132812,turn4
1744,87,7420040,521.3086430103518,timeout,0.31,3311.62548828125,-119.34290313720703,80.60696411132812,turn4
1745,87,7426040,85.78268345050358,timeout,0.31,3409.205810546875,157.27301025390625,124.4942398071289,bfm_angles
1746,87,7432040,-163.14497070794812,timeout,0.31,3409.205810546875,157.27301025390625,124.4942398071289,bfm_angles
1747,87,7432393,1548.5174497482396,win,0.31,3556.98388671875,147.28782653808594,8.554243087768555,bfm_angles
1748,87,7434547,-1033.5431343603732,loss,0.31,3556.98388671875,147.28782653808594,8.554243087768555,bfm_angles
1749,87,7440547,1394.2504471811942,timeout,0.31,3447.325927734375,-128.615966796875,-24.534894943237305,turn4
1750,87,7446547,-18.31175650772129,timeout,0.31,3447.325927734375,-128.615966796875,-24.534894943237305,turn4
1751,87,7446940,-970.6825615071244,loss,0.31,3571.34814453125,166.36117553710938,-2.9448258876800537,bfm_angles
1752,87,7449237,-1742.300316366923,crash,0.31,3571.34814453125,166.36117553710938,-2.9448258876800537,bfm_angles
1753,87,7455237,-143.65898185264862,timeout,0.31,3293.52392578125,-122.45548248291016,103.72289276123047,turn4
1754,87,7461237,165.26332689207317,timeout,0.31,3293.52392578125,-122.45548248291016,103.72289276123047,turn4
1755,87,7467237,315.6964219176369,timeout,0.31,2612.18603515625,31.728933334350586,-130.89535522460938,turn4
1756,87,7473237,-300.823068811567,timeout,0.31,2612.18603515625,31.728933334350586,-130.89535522460938,turn4
1757,87,7476194,-1556.6825795709244,crash,0.31,3540.472900390625,54.797096252441406,91.4286880493164,bfm_angles
1758,87,7477180,1585.698413494516,win,0.32,3540.472900390625,54.797096252441406,91.4286880493164,bfm_angles
1759,87,7483180,298.0972514675735,timeout,0.32,4808.07568359375,47.722293853759766,178.7728271484375,turn4
1760,87,7489180,121.7426951450698,timeout,0.32,4808.07568359375,47.722293853759766,178.7728271484375,turn4
1761,88,7495180,-211.9689970156447,timeout,0.32,3386.63623046875,153.13455200195312,72.52737426757812,turn4
1762,88,7501180,46.586710755011204,timeout,0.32,3386.63623046875,153.13455200195312,72.52737426757812,turn4
1763,88,7507180,-210.87434065077238,timeout,0.31,3474.43359375,176.3572235107422,176.78138732910156,bfm_angles
1764,88,7513180,-150.30086612882224,timeout,0.3,3474.43359375,176.3572235107422,176.78138732910156,bfm_angles
1765,88,7519180,155.34567519086963,timeout,0.3,3736.03125,168.62631225585938,115.32803344726562,turn4
1766,88,7525180,971.3748253609181,timeout,0.29,3736.03125,168.62631225585938,115.32803344726562,turn4
1767,88,7525626,1543.5521821059897,win,0.29,3688.73681640625,-104.60137939453125,39.10507583618164,turn4
1768,88,7531626,334.189606832271,timeout,0.29,3688.73681640625,-104.60137939453125,39.10507583618164,turn4
1769,88,7532294,1614.83547768627,win,0.29,3459.633056640625,-68.05107879638672,-38.457149505615234,turn4
1770,88,7538294,347.2908394674136,timeout,0.28,3459.633056640625,-68.05107879638672,-38.457149505615234,turn4
1771,88,7544294,298.7312196610704,timeout,0.27,3668.52490234375,-47.05482482910156,-23.54830551147461,turn4
1772,88,7550294,247.8363091115851,timeout,0.26,3668.52490234375,-47.05482482910156,-23.54830551147461,turn4
1773,88,7556294,1728.4343093404048,timeout,0.25,3404.9736328125,150.5211181640625,-13.880390167236328,turn4
1774,88,7558202,2386.3189322173494,win,0.25,3404.9736328125,150.5211181640625,-13.880390167236328,turn4
1775,88,7563668,-1236.5383917048316,disengaged,0.25,4653.05419921875,-71.6893539428711,-125.92857360839844,turn4
1776,88,7569668,-59.2224531230944,timeout,0.25,4653.05419921875,-71.6893539428711,-125.92857360839844,turn4
1777,88,7569920,1531.5073804961066,win,0.25,2774.69921875,-158.19801330566406,16.234758377075195,turn4
1778,88,7570174,1530.6006504974985,win,0.25,2774.69921875,-158.19801330566406,16.234758377075195,turn4
1779,88,7576174,-84.26833184679062,timeout,0.25,3833.136962890625,-65.3370590209961,-145.50453186035156,turn4
1780,88,7582174,-88.35833177659396,timeout,0.24,3833.136962890625,-65.3370590209961,-145.50453186035156,turn4
1781,89,7588174,46.428718169545725,timeout,0.24,3551.5849609375,-78.55074310302734,155.134521484375,bfm_angles
1782,89,7594174,15.69044462961367,timeout,0.24,3551.5849609375,-78.55074310302734,155.134521484375,bfm_angles
1783,89,7600174,-134.35869384959818,timeout,0.24,3603.00927734375,-51.66896057128906,133.36997985839844,turn4
1784,89,7606174,-254.51360880665388,timeout,0.24,3603.00927734375,-51.66896057128906,133.36997985839844,turn4
1785,89,7606499,1543.947198202651,win,0.24,3174.41259765625,142.80091857910156,24.644968032836914,turn4
1786,89,7606825,1544.5895934542468,win,0.24,3174.41259765625,142.80091857910156,24.644968032836914,turn4
1787,89,7612825,-168.57579678858127,timeout,0.23,3683.48193359375,-117.55516815185547,136.1598663330078,turn4
1788,89,7618825,526.1379495626671,timeout,0.23,3683.48193359375,-117.55516815185547,136.1598663330078,turn4
1789,89,7619416,1627.9655222830793,win,0.23,3512.06103515625,-62.72951126098633,2.606640100479126,turn4
1790,89,7620888,1838.4701255796936,win,0.24,3512.06103515625,-62.72951126098633,2.606640100479126,turn4
1791,89,7621213,1555.3210930452906,win,0.25,3410.626708984375,159.5435028076172,-27.70079803466797,turn4
1792,89,7623477,2482.8929715186655,win,0.26,3410.626708984375,159.5435028076172,-27.70079803466797,turn4
1793,89,7629477,249.1246554749379,timeout,0.25,3532.54248046875,-130.15298461914062,-10.98538875579834,turn4
1794,89,7635477,381.43337835148157,timeout,0.25,3532.54248046875,-130.15298461914062,-10.98538875579834,turn4
1795,89,7636659,1673.3855532442658,win,0.26,2751.04150390625,175.08770751953125,53.190826416015625,turn4
1796,89,7636938,1537.2316492459408,win,0.27,2751.04150390625,175.08770751953125,53.190826416015625,turn4
1797,89,7642938,-92.46736593276003,timeout,0.27,1917.9639892578125,93.12835693359375,-96.1755599975586,turn4
1798,89,7644608,1814.2216779645782,win,0.28,1917.9639892578125,93.12835693359375,-96.1755599975586,turn4
1799,89,7650608,98.84781649422541,timeout,0.28,3342.211181640625,-62.960777282714844,-59.08147430419922,turn4
1800,89,7656608,49.139216261959625,timeout,0.28,3342.211181640625,-62.960777282714844,-59.08147430419922,turn4
1801,90,7662608,560.5121947581816,timeout,0.27,3485.3935546875,-177.2020263671875,-59.54523468017578,turn6
1802,90,7663128,1644.5046687814643,win,0.28,3485.3935546875,-177.2020263671875,-59.54523468017578,turn6
1803,90,7668631,-891.711272363206,loss,0.28,3369.83642578125,-140.7402801513672,-134.6693878173828,bfm_angles
1804,90,7673196,-921.2457332475968,loss,0.28,3369.83642578125,-140.7402801513672,-134.6693878173828,bfm_angles
1805,90,7673670,1561.5423370308965,win,0.29,3638.302978515625,117.57929992675781,35.85141372680664,bfm_angles
1806,90,7674132,1563.4772918155725,win,0.3,3638.302978515625,117.57929992675781,35.85141372680664,bfm_angles
1807,90,7674765,1599.6501120230291,win,0.3,3710.114990234375,-40.25897979736328,-5.753294467926025,turn6
1808,90,7680765,240.3997157301815,timeout,0.3,3710.114990234375,-40.25897979736328,-5.753294467926025,turn6
1809,90,7681207,1564.3940207091925,win,0.31,3858.98583984375,116.35574340820312,23.28695297241211,turn6
1810,90,7687207,110.87114102595909,timeout,0.3,3858.98583984375,116.35574340820312,23.28695297241211,turn6
1811,90,7693207,-46.68660759111064,timeout,0.3,3517.62353515625,5.5301127433776855,2.7758073806762695,turn6
1812,90,7693974,1658.5606557825038,win,0.31,3517.62353515625,5.5301127433776855,2.7758073806762695,turn6
1813,90,7694368,-970.7792336778509,loss,0.31,3540.710205078125,-134.83067321777344,14.238097190856934,bfm_angles
1814,90,7697261,-940.5612452042956,loss,0.31,3540.710205078125,-134.83067321777344,14.238097190856934,bfm_angles
1815,90,7700819,-855.9634529673888,loss,0.31,3766.8203125,-72.40080261230469,0.48109152913093567,bfm_angles
1816,90,7701402,1600.5706376354306,win,0.32,3766.8203125,-72.40080261230469,0.48109152913093567,bfm_angles
1817,90,7707402,242.01677850611807,timeout,0.32,3283.649169921875,-70.98182678222656,159.52951049804688,turn6
1818,90,7713402,-354.7114921091626,timeout,0.32,3283.649169921875,-70.98182678222656,159.52951049804688,turn6
1819,90,7713647,1530.9571529496327,win,0.32,2064.02587890625,112.64373016357422,-61.72463607788086,turn6
1820,90,7719647,411.0083241633139,timeout,0.32,2064.02587890625,112.64373016357422,-61.72463607788086,turn6
1821,91,7720288,1600.6590754700399,win,0.32,3512.22802734375,-56.01779556274414,-40.2717399597168,turn6
1822,91,7726288,-50.57711076388503,timeout,0.31,3512.22802734375,-56.01779556274414,-40.2717399597168,turn6
1823,91,7726981,1596.6875365645506,win,0.31,3657.787109375,-19.407306671142578,5.889585018157959,bfm_angles
1824,91,7727704,1636.1848194255374,win,0.32,3657.787109375,-19.407306671142578,5.889585018157959,bfm_angles
1825,91,7733704,212.37322370118684,timeout,0.32,3666.9501953125,-66.37830352783203,-27.37742042541504,turn6
1826,91,7734833,1709.4640909944171,win,0.32,3666.9501953125,-66.37830352783203,-27.37742042541504,turn6
1827,91,7740833,504.2171519428024,timeout,0.32,3423.713134765625,-66.23161315917969,-49.777198791503906,turn6
1828,91,7746833,200.35219148573734,timeout,0.32,3423.713134765625,-66.23161315917969,-49.777198791503906,turn6
1829,91,7747218,1560.9152834804781,win,0.32,3941.3046875,168.09080505371094,-17.932861328125,bfm_angles
1830,91,7747612,1564.5598466750268,win,0.32,3941.3046875,168.09080505371094,-17.932861328125,bfm_angles
1831,91,7748108,-953.924336884915,loss,0.32,3833.3779296875,127.94513702392578,41.10134506225586,bfm_angles
1832,91,7748585,-962.4852354452931,loss,0.32,3833.3779296875,127.94513702392578,41.10134506225586,bfm_angles
1833,91,7750493,1590.2830732399048,win,0.33,3414.3984375,31.552215576171875,-169.9265899658203,bfm_angles
1834,91,7756493,-191.61841576236515,timeout,0.33,3414.3984375,31.552215576171875,-169.9265899658203,bfm_angles
1835,91,7758618,1788.6452031813299,win,0.34,4983.72509765625,-168.21157836914062,120.55831146240234,turn6
1836,91,7760698,1707.7557060530312,win,0.35,4983.72509765625,-168.21157836914062,120.55831146240234,turn6
1837,91,7761598,1912.9181205624977,win,0.36,2627.7060546875,129.27732849121094,-40.983463287353516,turn6
1838,91,7761898,1537.5590010702751,win,0.37,2627.7060546875,129.27732849121094,-40.983463287353516,turn6
1839,91,7763190,1884.037149913204,win,0.38,5084.32373046875,-173.13546752929688,42.688140869140625,turn6
1840,91,7764494,1900.7173855546707,win,0.39,5084.32373046875,-173.13546752929688,42.688140869140625,turn6
1841,92,7765213,1616.0236005390036,win,0.39,3779.1181640625,-27.753938674926758,23.706857681274414,bfm_energy
1842,92,7765935,1612.9656779845889,win,0.39,3779.1181640625,-27.753938674926758,23.706857681274414,bfm_energy
1843,92,7771935,-141.8231687996198,timeout,0.39,3695.71044921875,137.52377319335938,44.9410514831543,bfm_angles
1844,92,7774235,-1107.549340109853,loss,0.39,3695.71044921875,137.52377319335938,44.9410514831543,bfm_angles
1845,92,7774972,1613.7286036360556,win,0.4,3796.89892578125,-22.479949951171875,25.742006301879883,bfm_energy
1846,92,7775731,1616.5340559314654,win,0.41,3796.89892578125,-22.479949951171875,25.742006301879883,bfm_energy
1847,92,7781731,-156.48161414957588,timeout,0.4,3545.1708984375,93.11998748779297,110.98133087158203,bfm_energy
1848,92,7787731,-178.52486495759223,timeout,0.4,3545.1708984375,93.11998748779297,110.98133087158203,bfm_energy
1849,92,7788349,1602.3062426826789,win,0.41,3594.23779296875,-51.269412994384766,-16.43206024169922,bfm_angles
1850,92,7788967,1605.3887909890284,win,0.42,3594.23779296875,-51.269412994384766,-16.43206024169922,bfm_angles
1851,92,7794967,-61.93623401112071,timeout,0.42,3505.32470703125,-25.6790828704834,-71.62960052490234,bfm_angles
1852,92,7796006,1642.6969147733819,win,0.43,3505.32470703125,-25.6790828704834,-71.62960052490234,bfm_angles
1853,92,7802006,-196.64891916539145,timeout,0.43,4047.87255859375,138.6364288330078,154.7279052734375,bfm_energy
1854,92,7808006,-198.65150817356837,timeout,0.43,4047.87255859375,138.6364288330078,154.7279052734375,bfm_energy
1855,92,7809920,-975.7719217670096,loss,0.43,4062.662353515625,-118.94832611083984,-34.54032897949219,bfm_energy
1856,92,7810387,1568.936717615591,win,0.44,4062.662353515625,-118.94832611083984,-34.54032897949219,bfm_energy
1857,92,7811188,1602.046128139732,win,0.45,3373.828125,-1.539495587348938,65.64969635009766,bfm_energy
1858,92,7811963,1551.4119014064484,win,0.45,3373.828125,-1.539495587348938,65.64969635009766,bfm_energy
1859,92,7812289,1545.9455912282635,win,0.46,2934.401123046875,161.63661193847656,-61.62431335449219,bfm_energy
1860,92,7818289,-193.59701205485496,timeout,0.46,2934.401123046875,161.63661193847656,-61.62431335449219,bfm_energy
1861,93,7818704,-971.9059109294722,loss,0.46,3439.6708984375,165.42298889160156,68.05331420898438,bfm_angles
1862,93,7819107,-969.2539181946664,loss,0.46,3439.6708984375,165.42298889160156,68.05331420898438,bfm_angles
1863,93,7819560,1559.179260468948,win,0.47,3483.346435546875,-116.59634399414062,60.60888671875,bfm_angles
1864,93,7819981,1550.1883712583176,win,0.48,3483.346435546875,-116.59634399414062,60.60888671875,bfm_angles
1865,93,7825981,-146.72385530353174,timeout,0.48,3560.6298828125,-151.85391235351562,157.95909118652344,bfm_angles
1866,93,7831981,-114.29962419436718,timeout,0.48,3560.6298828125,-151.85391235351562,157.95909118652344,bfm_angles
1867,93,7832673,1606.840038653196,win,0.48,3863.96142578125,-65.31221008300781,-44.756404876708984,bfm_angles
1868,93,7833361,1603.8742865309323,win,0.49,3863.96142578125,-65.31221008300781,-44.756404876708984,bfm_angles
1869,93,7839361,-366.47117184955016,timeout,0.48,3686.37646484375,62.38541030883789,92.36783599853516,bfm_angles
1870,93,7845361,-224.5656423946193,timeout,0.48,3686.37646484375,62.38541030883789,92.36783599853516,bfm_angles
1871,93,7851361,-210.90909930934893,timeout,0.48,3364.92822265625,-63.69343948364258,-129.89361572265625,bfm_angles
1872,93,7857361,-202.48689969068357,timeout,0.48,3364.92822265625,-63.69343948364258,-129.89361572265625,bfm_angles
1873,93,7858466,-1021.0112939791077,loss,0.48,3574.089599609375,6.823833465576172,160.2953643798828,bfm_angles
1874,93,7859589,1465.8883986305918,win,0.48,3574.089599609375,6.823833465576172,160.2953643798828,bfm_angles
1875,93,7865589,-165.11825510247823,timeout,0.48,3557.8359375,-85.91146087646484,-165.787841796875,bfm_angles
1876,93,7871589,-114.84365565547157,timeout,0.48,3557.8359375,-85.91146087646484,-165.787841796875,bfm_angles
1877,93,7877589,-186.75459093964284,timeout,0.47,3566.0927734375,-139.83204650878906,-106.2380599975586,bfm_angles
1878,93,7883589,-192.95100148236406,timeout,0.46,3566.0927734375,-139.83204650878906,-106.2380599975586,bfm_angles
1879,93,7889589,234.1790170322235,timeout,0.46,2130.966552734375,50.666236877441406,22.756023406982422,bfm_angles
1880,93,7895589,183.41611005001957,timeout,0.46,2130.966552734375,50.666236877441406,22.756023406982422,bfm_angles
1881,94,7895998,-971.236622079749,loss,0.46,3815.21826171875,150.67091369628906,5.325869560241699,bfm_angles
1882,94,7896386,1544.923826481132,win,0.47,3815.21826171875,150.67091369628906,5.325869560241699,bfm_angles
1883,94,7896850,1572.8716305967462,win,0.48,3708.27099609375,-112.20722961425781,6.61598014831543,bfm_angles
1884,94,7897343,1573.2825742558057,win,0.49,3708.27099609375,-112.20722961425781,6.61598014831543,bfm_angles
1885,94,7897791,-955.9749238679854,loss,0.48,3784.57275390625,-151.06837463378906,-57.0303840637207,bfm_angles
1886,94,7903146,-979.662809481648,loss,0.47,3784.57275390625,-151.06837463378906,-57.0303840637207,bfm_angles
1887,94,7903569,-955.1870388960191,loss,0.47,3725.055908203125,-116.71424865722656,24.727436065673828,bfm_angles
1888,94,7909569,-231.49735965705815,timeout,0.47,3725.055908203125,-116.71424865722656,24.727436065673828,bfm_angles
1889,94,7915569,-235.46432910508827,timeout,0.46,3726.96875,137.2307891845703,144.3669891357422,bfm_angles
1890,94,7919982,-1185.9312674778919,loss,0.45,3726.96875,137.2307891845703,144.3669891357422,bfm_angles
1891,94,7925982,-328.4676184896602,timeout,0.44,3597.972900390625,-155.30194091796875,156.93638610839844,bfm_angles
1892,94,7929735,-1149.5043890510965,loss,0.43,3597.972900390625,-155.30194091796875,156.93638610839844,bfm_angles
1893,94,7930378,1607.7074673766172,win,0.44,3854.373046875,80.49822998046875,28.018924713134766,bfm_angles
1894,94,7931051,1607.212126488309,win,0.45,3854.373046875,80.49822998046875,28.018924713134766,bfm_angles
1895,94,7936774,-1171.8358962058007,loss,0.44,3532.11328125,6.831426620483398,76.2091293334961,bfm_angles
1896,94,7942774,-315.70332828601306,timeout,0.43,3532.11328125,6.831426620483398,76.2091293334961,bfm_angles
1897,94,7945460,-1716.59434554965,crash,0.43,1927.95703125,125.82698059082031,-99.75638580322266,bfm_angles
1898,94,7951460,-267.5288920497475,timeout,0.42,1927.95703125,125.82698059082031,-99.75638580322266,bfm_angles
1899,94,7957291,-1305.7499128173356,loss,0.42,1913.897216796875,-116.93733978271484,139.40353393554688,bfm_angles
1900,94,7959859,-1066.6397899651488,loss,0.42,1913.897216796875,-116.93733978271484,139.40353393554688,bfm_angles
1901,95,7960368,1552.793983417414,win,0.43,3939.04296875,-164.34414672851562,89.35985565185547,bfm_angles
1902,95,7960881,1552.3737504484225,win,0.43,3939.04296875,-164.34414672851562,89.35985565185547,bfm_angles
1903,95,7966881,-266.12720339207857,timeout,0.43,3924.031494140625,-165.00140380859375,171.29116821289062,bfm_angles
1904,95,7972881,-266.9917555404509,timeout,0.43,3924.031494140625,-165.00140380859375,171.29116821289062,bfm_angles
1905,95,7978881,-107.5909552685834,timeout,0.42,3682.81005859375,-164.09686279296875,-92.38453674316406,bfm_angles
1906,95,7984881,-159.85587613233454,timeout,0.41,3682.81005859375,-164.09686279296875,-92.38453674316406,bfm_angles
1907,95,7985283,1552.3431285437036,win,0.41,3697.12744140625,-166.28414916992188,61.37263870239258,bfm_angles
1908,95,7985717,1562.5391441789063,win,0.42,3697.12744140625,-166.28414916992188,61.37263870239258,bfm_angles
1909,95,7991717,-378.83139722804464,timeout,0.41,3579.54736328125,-39.80889129638672,163.28118896484375,bfm_angles
1910,95,7997717,-501.5739976692522,timeout,0.41,3579.54736328125,-39.80889129638672,163.28118896484375,bfm_angles
1911,95,7999139,1604.1361302004775,win,0.42,3834.62744140625,177.76951599121094,67.46062469482422,bfm_angles
1912,95,7999571,1552.646351230636,win,0.42,3834.62744140625,177.76951599121094,67.46062469482422,bfm_angles
1913,95,8005571,-268.65072116323586,timeout,0.42,3767.61865234375,-68.7734375,-21.0638484954834,bfm_angles
1914,95,8006199,1586.425935453806,win,0.43,3767.61865234375,-68.7734375,-21.0638484954834,bfm_angles
1915,95,8007220,1576.5878512173697,win,0.44,4756.51513671875,69.0984878540039,76.10624694824219,bfm_angles
1916,95,8008207,1554.4393191121756,win,0.44,4756.51513671875,69.0984878540039,76.10624694824219,bfm_angles
1917,95,8009965,-1130.4435483499649,loss,0.44,4350.44287109375,-19.287933349609375,84.41445922851562,bfm_angles
1918,95,8015965,-341.3357319939639,timeout,0.44,4350.44287109375,-19.287933349609375,84.41445922851562,bfm_angles
1919,95,8016464,1675.9738338496823,win,0.44,1963.413330078125,34.117462158203125,-6.812038898468018,bfm_angles
1920,95,8017000,1661.222218032172,win,0.45,1963.413330078125,34.117462158203125,-6.812038898468018,bfm_angles
1921,96,8017848,1578.9369668984446,win,0.45,3914.956298828125,84.66914367675781,63.33049011230469,bfm_angles
1922,96,8018719,1599.6464299277125,win,0.46,3914.956298828125,84.66914367675781,63.33049011230469,bfm_angles
1923,96,8024719,55.65683873166412,timeout,0.45,3673.87548828125,-131.99026489257812,-0.6335391402244568,bfm_angles
1924,96,8025155,1572.6905837897048,win,0.45,3673.87548828125,-131.99026489257812,-0.6335391402244568,bfm_angles
1925,96,8025654,1577.7924210610618,win,0.46,3832.84619140625,-112.71698760986328,-22.648025512695312,bfm_angles
1926,96,8026121,-937.632554216467,loss,0.45,3832.84619140625,-112.71698760986328,-22.648025512695312,bfm_angles
1927,96,8032121,-1310.5644204311936,timeout,0.45,3790.90087890625,-1.0774565935134888,14.034788131713867,bfm_angles
1928,96,8036620,789.7193737799154,win,0.46,3790.90087890625,-1.0774565935134888,14.034788131713867,bfm_angles
1929,96,8039421,-1019.1082761731741,loss,0.45,3741.697265625,155.6118927001953,41.16359329223633,bfm_angles
1930,96,8039881,1560.0780852493458,win,0.45,3741.697265625,155.6118927001953,41.16359329223633,bfm_angles
1931,96,8040245,1538.0094798466616,win,0.46,3673.658203125,150.18663024902344,0.8315149545669556,bfm_angles
1932,96,8040640,1562.3430308468637,win,0.47,3673.658203125,150.18663024902344,0.8315149545669556,bfm_angles
1933,96,8043067,-975.5389185435968,loss,0.46,3812.6669921875,173.4207763671875,58.921688079833984,bfm_angles
1934,96,8043481,1546.0979949176967,win,0.47,3812.6669921875,173.4207763671875,58.921688079833984,bfm_angles
1935,96,8049481,-2836.413130091438,timeout,0.46,4077.8701171875,152.85491943359375,-176.9866180419922,bfm_angles
1936,96,8052140,-1825.4050667849244,crash,0.45,4077.8701171875,152.85491943359375,-176.9866180419922,bfm_angles
1937,96,8055014,-1573.4010662057576,crash,0.44,5068.0673828125,128.26846313476562,112.73328399658203,bfm_angles
1938,96,8057584,-1576.355958007824,crash,0.43,5068.0673828125,128.26846313476562,112.73328399658203,bfm_angles
1939,96,8058895,1555.8416513737293,win,0.43,3026.681640625,27.534343719482422,171.74789428710938,bfm_angles
1940,96,8060836,-900.9260582145624,loss,0.42,3026.681640625,27.534343719482422,171.74789428710938,bfm_angles
1941,97,8061531,1628.0250005745308,win,0.42,3482.40673828125,41.59064865112305,-10.30566120147705,bfm_angles
1942,97,8062196,1606.1880653277271,win,0.42,3482.40673828125,41.59064865112305,-10.30566120147705,bfm_angles
1943,97,8062613,1554.7439914163317,win,0.43,4003.304931640625,169.927734375,56.47454833984375,bfm_angles
1944,97,8063053,1560.9923937341807,win,0.44,4003.304931640625,169.927734375,56.47454833984375,bfm_angles
1945,97,8065692,-1635.6393563660472,crash,0.43,3501.373046875,128.99029541015625,155.79229736328125,bfm_angles
1946,97,8068066,-1551.5475209499841,crash,0.42,3501.373046875,128.99029541015625,155.79229736328125,bfm_angles
1947,97,8068464,1555.311645538596,win,0.43,3921.093017578125,161.54412841796875,-23.84440803527832,bfm_angles
1948,97,8068891,-954.8666598623099,loss,0.43,3921.093017578125,161.54412841796875,-23.84440803527832,bfm_angles
1949,97,8072362,-1535.0512109402998,crash,0.42,3510.58740234375,148.13766479492188,106.11328887939453,bfm_angles
1950,97,8075109,-1677.4525098599784,crash,0.41,3510.58740234375,148.13766479492188,106.11328887939453,bfm_angles
1951,97,8075606,1580.3661580497264,win,0.42,4142.38525390625,162.3789825439453,39.434600830078125,bfm_angles
1952,97,8076085,1569.5532634804513,win,0.42,4142.38525390625,162.3789825439453,39.434600830078125,bfm_angles
1953,97,8077007,1591.7613593417232,win,0.43,3669.2177734375,-19.317523956298828,-80.1409683227539,bfm_angles
1954,97,8077922,1577.8198307923567,win,0.44,3669.2177734375,-19.317523956298828,-80.1409683227539,bfm_angles
1955,97,8083922,-2600.965486996648,timeout,0.44,3678.265625,-155.20606994628906,148.27432250976562,bfm_angles
1956,97,8089922,-256.8800673606893,timeout,0.43,3678.265625,-155.20606994628906,148.27432250976562,bfm_angles
1957,97,8090545,1630.7794137502638,win,0.43,2542.79052734375,-78.25428009033203,-48.337276458740234,bfm_angles
1958,97,8091176,1622.699462757767,win,0.43,2542.79052734375,-78.25428009033203,-48.337276458740234,bfm_angles
1959,97,8091644,1551.7128902254176,win,0.43,4158.9404296875,164.37254333496094,64.63461303710938,bfm_angles
1960,97,8092119,1558.436506945265,win,0.44,4158.9404296875,164.37254333496094,64.63461303710938,bfm_angles
1961,98,8092747,1572.4165557658148,win,0.45,3716.444580078125,84.80403137207031,-87.12628173828125,bfm_angles
1962,98,8093383,1580.0792914880174,win,0.46,3716.444580078125,84.80403137207031,-87.12628173828125,bfm_angles
1963,98,8093736,1553.1487988494803,win,0.46,3540.32177734375,164.4744415283203,-22.15902328491211,bfm_angles
1964,98,8094086,1557.5004162618081,win,0.46,3540.32177734375,164.4744415283203,-22.15902328491211,bfm_angles
1965,98,8094439,1559.2935608546954,win,0.47,3565.95654296875,152.41758728027344,-23.392532348632812,bfm_angles
1966,98,8094800,1557.363518906836,win,0.48,3565.95654296875,152.41758728027344,-23.392532348632812,bfm_angles
1967,98,8095276,1580.0850287434039,win,0.48,3733.56103515625,-108.6034927368164,-1.7429324388504028,bfm_angles
1968,98,8096339,1616.8623462507771,win,0.48,3733.56103515625,-108.6034927368164,-1.7429324388504028,bfm_angles
1969,98,8096758,1550.1256675286256,win,0.49,3965.898193359375,-171.84097290039062,-26.647811889648438,bfm_angles
1970,98,8097173,1556.7316843084327,win,0.5,3965.898193359375,-171.84097290039062,-26.647811889648438,bfm_angles
1971,98,8097689,1574.2404101452148,win,0.51,3706.47216796875,81.69305419921875,-29.507801055908203,bfm_angles
1972,98,8098211,1573.3400744479877,win,0.52,3706.47216796875,81.69305419921875,-29.507801055908203,bfm_angles
1973,98,8098600,1557.260451308306,win,0.53,3848.619140625,-152.707763671875,-19.066423416137695,bfm_angles
1974,98,8099006,1544.1216809595405,win,0.53,3848.619140625,-152.707763671875,-19.066423416137695,bfm_angles
1975,98,8105006,-175.60839522869043,timeout,0.53,3682.061767578125,92.41117095947266,-162.73768615722656,bfm_angles
1976,98,8111006,-133.0568220591779,timeout,0.53,3682.061767578125,92.41117095947266,-162.73768615722656,bfm_angles
1977,98,8117006,-1167.3050498458524,timeout,0.53,4053.508056640625,-151.54237365722656,-167.40032958984375,bfm_angles
1978,98,8122340,-1802.709838205169,crash,0.53,4053.508056640625,-151.54237365722656,-167.40032958984375,bfm_angles
1979,98,8128320,-1983.8976466848035,crash,0.53,4094.76708984375,-142.77821350097656,154.33029174804688,bfm_angles
1980,98,8133426,-1997.227878720587,crash,0.53,4094.76708984375,-142.77821350097656,154.33029174804688,bfm_angles
1981,99,8134503,1591.0233569252102,win,0.54,3719.63134765625,-13.403949737548828,-118.81820678710938,bfm_angles
1982,99,8135579,1600.309271744999,win,0.54,3719.63134765625,-13.403949737548828,-118.81820678710938,bfm_angles
1983,99,8141579,-297.22647917080764,timeout,0.53,3685.949462890625,127.96031951904297,-141.4680938720703,bfm_angles
1984,99,8147579,-890.3544487514462,timeout,0.52,3685.949462890625,127.96031951904297,-141.4680938720703,bfm_angles
1985,99,8147952,1562.9361767002315,win,0.53,3782.669921875,-173.95697021484375,-6.949227333068848,bfm_angles
1986,99,8148329,1556.0866137095509,win,0.54,3782.669921875,-173.95697021484375,-6.949227333068848,bfm_angles
1987,99,8154329,-791.9248823799843,timeout,0.54,3790.14404296875,141.61590576171875,154.07533264160156,bfm_angles
1988,99,8160329,-584.5992178403877,timeout,0.54,3790.14404296875,141.61590576171875,154.07533264160156,bfm_angles
1989,99,8162088,1643.2525350090475,win,0.55,3587.5107421875,84.35015869140625,45.89588165283203,bfm_angles
1990,99,8162832,1617.1406321352313,win,0.56,3587.5107421875,84.35015869140625,45.89588165283203,bfm_angles
1991,99,8167825,-2307.3028504967874,crash,0.56,3669.7060546875,-162.56065368652344,-91.0198745727539,bfm_angles
1992,99,8171275,-1786.4785067350795,crash,0.56,3669.7060546875,-162.56065368652344,-91.0198745727539,bfm_angles
1993,99,8171923,-954.7574050020908,loss,0.55,4091.54736328125,-121.2625961303711,-85.73640441894531,bfm_angles
1994,99,8172570,-956.0977627389755,loss,0.54,4091.54736328125,-121.2625961303711,-85.73640441894531,bfm_angles
1995,99,8174580,1798.5284325725497,win,0.55,3145.1669921875,77.771240234375,76.16242980957031,bfm_angles
1996,99,8178413,-1716.3979517403295,crash,0.55,3145.1669921875,77.771240234375,76.16242980957031,bfm_angles
1997,99,8179251,1619.3765837984847,win,0.56,4127.6708984375,31.627899169921875,-11.636689186096191,bfm_angles
1998,99,8180061,1593.1875208796425,win,0.57,4127.6708984375,31.627899169921875,-11.636689186096191,bfm_angles
1999,99,8186061,-441.1331297185497,timeout,0.57,4424.96826171875,147.51222229003906,133.62660217285156,bfm_angles
2000,99,8192061,-42.7294897833439,timeout,0.57,4424.96826171875,147.51222229003906,133.62660217285156,bfm_angles
2001,100,8198061,-113.17487137297104,timeout,0.56,3545.16748046875,172.728759765625,-136.38523864746094,bfm_angles
2002,100,8204061,-161.48473262728908,timeout,0.55,3545.16748046875,172.728759765625,-136.38523864746094,bfm_angles
2003,100,8204586,1559.6128719828753,win,0.56,3813.349609375,-97.3582534790039,37.4505615234375,bfm_angles
2004,100,8205076,-969.9148267959335,loss,0.56,3813.349609375,-97.3582534790039,37.4505615234375,bfm_angles
2005,100,8211076,-64.27271567069363,timeout,0.56,3582.043212890625,54.64149475097656,154.5824737548828,bfm_angles
2006,100,8217076,-57.37058008053592,timeout,0.56,3582.043212890625,54.64149475097656,154.5824737548828,bfm_angles
2007,100,8217439,1546.907455375124,win,0.56,3720.61376953125,169.60679626464844,-0.30417680740356445,bfm_angles
2008,100,8217801,1553.996600770237,win,0.56,3720.61376953125,169.60679626464844,-0.30417680740356445,bfm_angles
2009,100,8218181,1549.0186589307511,win,0.57,3834.58203125,-172.99671936035156,34.06652069091797,bfm_angles
2010,100,8218556,1561.3561821197368,win,0.58,3834.58203125,-172.99671936035156,34.06652069091797,bfm_angles
2011,100,8218972,1558.6242877553582,win,0.58,3768.65576171875,130.8823699951172,-14.927592277526855,bfm_angles
2012,100,8219369,1554.2421808059028,win,0.58,3768.65576171875,130.8823699951172,-14.927592277526855,bfm_angles
2013,100,8219874,1579.6873187899917,win,0.59,3597.9755859375,-105.14918518066406,-39.191898345947266,bfm_angles
2014,100,8220358,1575.561780906544,win,0.59,3597.9755859375,-105.14918518066406,-39.191898345947266,bfm_angles
2015,100,8220793,1559.9804149363172,win,0.59,4271.54345703125,-145.46949768066406,14.315178871154785,bfm_angles
2016,100,8221214,1555.236457350486,win,0.59,4271.54345703125,-145.46949768066406,14.315178871154785,bfm_angles
2017,100,8221955,1536.7053733238988,win,0.6,1939.394287109375,30.224924087524414,-94.06582641601562,bfm_angles
2018,100,8227955,-240.19549832094634,timeout,0.6,1939.394287109375,30.224924087524414,-94.06582641601562,bfm_angles
2019,100,8228817,1578.8219584920118,win,0.6,2232.60546875,37.94097137451172,-150.0825958251953,bfm_angles
2020,100,8229665,1569.129165345577,win,0.6,2232.60546875,37.94097137451172,-150.0825958251953,bfm_angles
2021,101,8230069,1563.813851598437,win,0.6,4066.962890625,157.8634796142578,3.990262269973755,bfm_angles
2022,101,8236069,-82.8589546654996,timeout,0.59,4066.962890625,157.8634796142578,3.990262269973755,bfm_angles
2023,101,8236724,-973.7322776808754,loss,0.59,3959.41015625,-42.571922302246094,26.639841079711914,bfm_angles
2024,101,8242724,-727.6314696047064,timeout,0.58,3959.41015625,-42.571922302246094,26.639841079711914,bfm_angles
2025,101,8243326,1567.4864530763928,win,0.58,3790.931884765625,-70.14922332763672,83.3924331665039,bfm_angles
2026,101,8243937,1574.3215013256456,win,0.59,3790.931884765625,-70.14922332763672,83.3924331665039,bfm_angles
2027,101,8244380,1567.1469898153512,win,0.6,4195.16162109375,172.05442810058594,-44.30500411987305,bfm_angles
2028,101,8244804,1561.9265596153869,win,0.6,4195.16162109375,172.05442810058594,-44.30500411987305,bfm_angles
2029,101,8245242,1574.9067364152052,win,0.61,3942.53759765625,-177.31752014160156,38.26256561279297,bfm_angles
2030,101,8245634,1563.065637540589,win,0.61,3942.53759765625,-177.31752014160156,38.26256561279297,bfm_angles
2031,101,8248710,-1272.232309095736,loss,0.6,3680.351318359375,24.22634506225586,52.803279876708984,bfm_angles
2032,101,8254710,-274.9132007611846,timeout,0.59,3680.351318359375,24.22634506225586,52.803279876708984,bfm_angles
2033,101,8255115,1556.6209243995863,win,0.6,3921.642578125,171.62306213378906,52.355926513671875,bfm_angles
2034,101,8255520,1547.4880921795027,win,0.6,3921.642578125,171.62306213378906,52.355926513671875,bfm_angles
2035,101,8256894,1563.922852518721,win,0.61,4007.928955078125,23.755056381225586,137.1524658203125,bfm_angles
2036,101,8258278,1584.814234472216,win,0.62,4007.928955078125,23.755056381225586,137.1524658203125,bfm_angles
2037,101,8264278,-69.85843907218933,timeout,0.62,3885.19482421875,-111.64102172851562,-80.6987533569336,bfm_angles
2038,101,8270278,-68.69516148245928,timeout,0.62,3885.19482421875,-111.64102172851562,-80.6987533569336,bfm_angles
2039,101,8273831,-914.0079022499757,loss,0.61,2989.89306640625,64.21778869628906,86.48709869384766,bfm_angles
2040,101,8279831,-64.15554753851141,timeout,0.61,2989.89306640625,64.21778869628906,86.48709869384766,bfm_angles
2041,102,8285831,-80.42372834894795,timeout,0.6,3688.64208984375,177.1034698486328,98.21302795410156,bfm_angles
2042,102,8291831,-94.18423450043673,timeout,0.59,3688.64208984375,177.1034698486328,98.21302795410156,bfm_angles
2043,102,8292384,1567.900985471521,win,0.59,3810.259765625,-79.74219512939453,52.99604797363281,bfm_angles
2044,102,8292947,1555.8221482234014,win,0.59,3810.259765625,-79.74219512939453,52.99604797363281,bfm_angles
2045,102,8293952,1548.7696860046824,win,0.6,3950.03125,-23.552288055419922,94.91831970214844,bfm_angles
2046,102,8294943,1541.9228055641038,win,0.61,3950.03125,-23.552288055419922,94.91831970214844,bfm_angles
2047,102,8300943,-98.9902425462175,timeout,0.6,3795.30126953125,141.90638732910156,86.8156509399414,bfm_angles
2048,102,8306943,-91.80992405028157,timeout,0.6,3795.30126953125,141.90638732910156,86.8156509399414,bfm_angles
2049,102,8307555,1575.7849953719124,win,0.61,4174.9345703125,-90.55632781982422,14.176614761352539,bfm_angles
2050,102,8308147,1569.2356516382943,win,0.62,4174.9345703125,-90.55632781982422,14.176614761352539,bfm_angles
2051,102,8308751,1594.3822295666018,win,0.62,4057.86083984375,71.57832336425781,-6.527445316314697,bfm_angles
2052,102,8309362,1596.7700996181798,win,0.62,4057.86083984375,71.57832336425781,-6.527445316314697,bfm_angles
2053,102,8315362,-101.60339113457698,timeout,0.61,3703.190673828125,-160.94729614257812,113.88629913330078,bfm_angles
2054,102,8321362,-79.32682048169355,timeout,0.6,3703.190673828125,-160.94729614257812,113.88629913330078,bfm_angles
2055,102,8327362,-59.18540745799316,timeout,0.6,5097.43017578125,-170.62339782714844,-99.72039794921875,bfm_angles
2056,102,8333362,-56.91269146370181,timeout,0.6,5097.43017578125,-170.62339782714844,-99.72039794921875,bfm_angles
2057,102,8339362,-84.64822194664092,timeout,0.59,2038.724365234375,79.72091674804688,158.908447265625,bfm_angles
2058,102,8345362,-140.06789022111255,timeout,0.58,2038.724365234375,79.72091674804688,158.908447265625,bfm_angles
2059,102,8351362,-245.72734912348224,timeout,0.57,2640.78173828125,168.1042022705078,127.3012924194336,bfm_angles
2060,102,8357362,-198.9299900141402,timeout,0.56,2640.78173828125,168.1042022705078,127.3012924194336,bfm_angles
2061,103,8357772,1548.0064366490838,win,0.56,4047.156005859375,-159.67178344726562,4.666375637054443,bfm_angles
2062,103,8358181,1544.637535817883,win,0.56,4047.156005859375,-159.67178344726562,4.666375637054443,bfm_angles
2063,103,8358760,1556.0065579853465,win,0.56,4067.5986328125,-105.8203353881836,97.49699401855469,bfm_angles
2064,103,8359333,1560.5211382309994,win,0.56,4067.5986328125,-105.8203353881836,97.49699401855469,bfm_angles
2065,103,8360706,1561.0044233579329,win,0.56,3980.332275390625,-95.8252182006836,54.19649124145508,bfm_angles
2066,103,8361283,1558.45950797265,win,0.56,3980.332275390625,-95.8252182006836,54.19649124145508,bfm_angles
2067,103,8362344,1524.5820777477795,win,0.56,3615.607421875,22.656713485717773,109.97044372558594,bfm_angles
2068,103,8363984,1233.0385769301495,win,0.56,3615.607421875,22.656713485717773,109.97044372558594,bfm_angles
2069,103,8369984,-178.1353001082948,timeout,0.55,3855.28271484375,146.39878845214844,160.91348266601562,bfm_angles
2070,103,8375984,-119.6197784964081,timeout,0.54,3855.28271484375,146.39878845214844,160.91348266601562,bfm_angles
2071,103,8376436,1555.304954243098,win,0.54,3780.19580078125,-115.06324005126953,19.44407081604004,bfm_angles
2072,103,8376889,1562.637672001444,win,0.54,3780.19580078125,-115.06324005126953,19.44407081604004,bfm_angles
2073,103,8377348,1564.9455047953982,win,0.54,3937.7265625,-177.00308227539062,46.25437545776367,bfm_angles
2074,103,8377756,1556.1328393480105,win,0.54,3937.7265625,-177.00308227539062,46.25437545776367,bfm_angles
2075,103,8378546,1666.650371633452,win,0.55,3539.350830078125,-13.786911010742188,-6.640148162841797,bfm_angles
2076,103,8379316,1647.8858083250975,win,0.56,3539.350830078125,-13.786911010742188,-6.640148162841797,bfm_angles
2077,103,8379494,1535.1925009749802,win,0.57,2080.950927734375,140.0234375,4.045381546020508,bfm_angles
2078,103,8379673,1533.535996566721,win,0.58,2080.950927734375,140.0234375,4.045381546020508,bfm_angles
2079,103,8385673,-970.6393579233927,timeout,0.58,3408.425048828125,117.17937469482422,49.402252197265625,bfm_angles
2080,103,8391673,125.38039488916831,timeout,0.58,3408.425048828125,117.17937469482422,49.402252197265625,bfm_angles
2081,104,8392365,1560.5192646519613,win,0.58,4180.0126953125,-179.74954223632812,105.72321319580078,bfm_angles
2082,104,8398365,-109.3450228921316,timeout,0.57,4180.0126953125,-179.74954223632812,105.72321319580078,bfm_angles
2083,104,8399021,1617.2824981313045,win,0.58,3886.401123046875,-57.479854583740234,-9.613612174987793,bfm_angles
2084,104,8399677,1617.3782524828518,win,0.59,3886.401123046875,-57.479854583740234,-9.613612174987793,bfm_angles
2085,104,8405677,-173.68957473996997,timeout,0.58,3793.58984375,144.7382049560547,-119.80152130126953,bfm_angles
2086,104,8411677,-210.45183018407997,timeout,0.57,3793.58984375,144.7382049560547,-119.80152130126953,bfm_angles
2087,104,8412593,1551.4809438898606,win,0.58,4039.65673828125,-16.898418426513672,102.36727142333984,bfm_angles
2088,104,8413490,1559.09038256661,win,0.59,4039.65673828125,-16.898418426513672,102.36727142333984,bfm_angles
2089,104,8413986,1553.9657763861965,win,0.59,4010.438232421875,159.06358337402344,74.6734619140625,bfm_angles
2090,104,8414485,1553.49720236271,win,0.59,4010.438232421875,159.06358337402344,74.6734619140625,bfm_angles
2091,104,8420485,-1987.2915908291518,timeout,0.59,3711.426513671875,9.191873550415039,121.48125457763672,bfm_angles
2092,104,8426485,-123.10960904554395,timeout,0.59,3711.426513671875,9.191873550415039,121.48125457763672,bfm_angles
2093,104,8426987,1571.5697600861647,win,0.6,3926.849609375,140.78546142578125,48.722068786621094,bfm_angles
2094,104,8427456,1557.6489898292111,win,0.61,3926.849609375,140.78546142578125,48.722068786621094,bfm_angles
2095,104,8433456,-823.4549689381922,timeout,0.6,3671.324462890625,-125.07025146484375,-174.96466064453125,bfm_angles
2096,104,8439456,-87.71794126777618,timeout,0.6,3671.324462890625,-125.07025146484375,-174.96466064453125,bfm_angles
2097,104,8445456,-182.52615880826224,timeout,0.59,4728.67138671875,163.96327209472656,125.34959411621094,bfm_angles
2098,104,8451456,-190.50400428762234,timeout,0.58,4728.67138671875,163.96327209472656,125.34959411621094,bfm_angles
2099,104,8453575,1675.6184273737006,win,0.59,4308.2451171875,-2.7754156589508057,33.456268310546875,bfm_angles
2100,104,8459575,-61.11124678364191,timeout,0.59,4308.2451171875,-2.7754156589508057,33.456268310546875,bfm_angles
2101,105,8460212,1611.287634624046,win,0.6,3706.21435546875,66.78226470947266,9.601982116699219,bfm_angles
2102,105,8460841,1606.9030570396458,win,0.61,3706.21435546875,66.78226470947266,9.601982116699219,bfm_angles
2103,105,8462377,1575.9439393233395,win,0.61,3826.123779296875,2.5474328994750977,-179.09091186523438,bfm_angles
2104,105,8468377,-98.56141181449577,timeout,0.61,3826.123779296875,2.5474328994750977,-179.09091186523438,bfm_angles
2105,105,8468918,1558.6909047429062,win,0.62,4134.29638671875,-129.31646728515625,71.2220458984375,bfm_angles
2106,105,8469407,1554.318095504319,win,0.63,4134.29638671875,-129.31646728515625,71.2220458984375,bfm_angles
2107,105,8470059,-963.1064682613974,loss,0.62,4027.78369140625,-125.52853393554688,101.42894744873047,bfm_angles
2108,105,8471533,-917.3744353100526,loss,0.61,4027.78369140625,-125.52853393554688,101.42894744873047,bfm_angles
2109,105,8477533,-987.4229993553632,timeout,0.6,3573.67236328125,-38.03896713256836,-115.33062744140625,bfm_angles
2110,105,8478700,1582.243243071733,win,0.6,3573.67236328125,-38.03896713256836,-115.33062744140625,bfm_angles
2111,105,8479136,1555.3574013180441,win,0.6,3891.73193359375,155.774658203125,60.51456069946289,bfm_angles
2112,105,8479596,1556.5383343418425,win,0.6,3891.73193359375,155.774658203125,60.51456069946289,bfm_angles
2113,105,8480450,1562.2171489534767,win,0.6,3827.323974609375,-65.78788757324219,139.5486297607422,bfm_angles
2114,105,8481379,1556.7920978195752,win,0.6,3827.323974609375,-65.78788757324219,139.5486297607422,bfm_angles
2115,105,8481769,1597.2886980036994,win,0.6,2417.433837890625,84.27973175048828,3.1525893211364746,bfm_angles
2116,105,8482152,1596.9766896397857,win,0.6,2417.433837890625,84.27973175048828,3.1525893211364746,bfm_angles
2117,105,8488152,-195.15259136758323,timeout,0.59,2240.265380859375,35.745628356933594,73.06331634521484,bfm_angles
2118,105,8494152,-139.36281142247446,timeout,0.59,2240.265380859375,35.745628356933594,73.06331634521484,bfm_angles
2119,105,8500152,-180.29314885311615,timeout,0.58,4837.9658203125,33.1371955871582,164.31613159179688,bfm_angles
2120,105,8506152,43.32488885948769,timeout,0.57,4837.9658203125,33.1371955871582,164.31613159179688,bfm_angles
2121,106,8506823,1556.5323635371226,win,0.57,3798.142578125,108.22371673583984,-127.7062759399414,bfm_angles
2122,106,8512823,-39.94111959767547,timeout,0.57,3798.142578125,108.22371673583984,-127.7062759399414,bfm_angles
2123,106,8518823,-199.9295301102874,timeout,0.57,3749.63427734375,-139.76199340820312,-160.21530151367188,bfm_angles
2124,106,8524823,-136.23660715976854,timeout,0.57,3749.63427734375,-139.76199340820312,-160.21530151367188,bfm_angles
2125,106,8525682,1652.6839580004314,win,0.57,3867.13916015625,-15.183403015136719,-17.8837890625,bfm_angles
2126,106,8531682,-1312.4767519696686,timeout,0.56,3867.13916015625,-15.183403015136719,-17.8837890625,bfm_angles
2127,106,8537682,-42.91290369344981,timeout,0.55,3817.8662109375,-49.2086296081543,88.6636962890625,bfm_angles
2128,106,8543682,-24.513733236117467,timeout,0.54,3817.8662109375,-49.2086296081543,88.6636962890625,bfm_angles
2129,106,8549682,-200.5625992260206,timeout,0.53,4164.271484375,174.33697509765625,95.54280853271484,bfm_angles
2130,106,8555682,-174.57684689944102,timeout,0.52,4164.271484375,174.33697509765625,95.54280853271484,bfm_angles
2131,106,8561682,-187.0673268953867,timeout,0.52,3828.69091796875,127.38457489013672,89.83563232421875,bfm_angles
2132,106,8567682,-127.24854603264524,timeout,0.52,3828.69091796875,127.38457489013672,89.83563232421875,bfm_angles
2133,106,8568101,1560.8909424432109,win,0.52,4123.6513671875,171.6491241455078,-18.293354034423828,bfm_angles
2134,106,8568540,1574.9421682911675,win,0.52,4123.6513671875,171.6491241455078,-18.293354034423828,bfm_angles
2135,106,8574540,29.975121602018437,timeout,0.51,4732.90283203125,82.37425231933594,96.79490661621094,bfm_angles
2136,106,8580540,-50.77505607853099,timeout,0.5,4732.90283203125,82.37425231933594,96.79490661621094,bfm_angles
2137,106,8586540,-137.7393156323337,timeout,0.5,3484.3310546875,-121.6915054321289,-168.50132751464844,bfm_angles
2138,106,8592540,-135.74253348486056,timeout,0.5,3484.3310546875,-121.6915054321289,-168.50132751464844,bfm_angles
2139,106,8593387,1570.6377420980425,win,0.51,2908.07958984375,15.231475830078125,-116.82299041748047,bfm_angles
2140,106,8599387,-131.08514408854495,timeout,0.51,2908.07958984375,15.231475830078125,-116.82299041748047,bfm_angles
2141,107,8605387,-124.15632955367616,timeout,0.51,3947.617919921875,-134.34283447265625,141.19764709472656,bfm_angles
2142,107,8611387,-122.76095060671778,timeout,0.51,3947.617919921875,-134.34283447265625,141.19764709472656,bfm_angles
2143,107,8617387,-120.47942176771707,timeout,0.5,3882.59228515625,164.90960693359375,122.8026123046875,bfm_angles
2144,107,8623387,-191.62493819599055,timeout,0.49,3882.59228515625,164.90960693359375,122.8026123046875,bfm_angles
2145,107,8629387,-97.71394099149884,timeout,0.48,4174.31298828125,-84.75591278076172,-172.83251953125,bfm_angles
2146,107,8635387,-139.79694860433696,timeout,0.47,4174.31298828125,-84.75591278076172,-172.83251953125,bfm_angles
2147,107,8635948,1572.7479199282438,win,0.48,3976.117431640625,-103.76777648925781,54.32499694824219,bfm_angles
2148,107,8636474,1568.8147812044795,win,0.49,3976.117431640625,-103.76777648925781,54.32499694824219,bfm_angles
2149,107,8637242,1549.762831767431,win,0.49,3847.32421875,-16.65655517578125,27.992290496826172,bfm_angles
2150,107,8638023,1530.8356722867356,win,0.49,3847.32421875,-16.65655517578125,27.992290496826172,bfm_angles
2151,107,8644023,-87.04878521733626,timeout,0.48,4022.676025390625,-43.77149963378906,173.82855224609375,bfm_angles
2152,107,8645264,1565.3970195006648,win,0.48,4022.676025390625,-43.77149963378906,173.82855224609375,bfm_angles
2153,107,8645748,1547.3428890025555,win,0.49,3770.16015625,-110.94507598876953,68.28557586669922,bfm_angles
2154,107,8646212,1545.927895884971,win,0.5,3770.16015625,-110.94507598876953,68.28557586669922,bfm_angles
2155,107,8646657,1567.249240850243,win,0.51,4237.15673828125,153.88807678222656,-47.15043258666992,bfm_angles
2156,107,8647174,1571.5084650545755,win,0.52,4237.15673828125,153.88807678222656,-47.15043258666992,bfm_angles
2157,107,8648169,1580.4830380715928,win,0.53,4792.9921875,29.388477325439453,-119.85015106201172,bfm_angles
2158,107,8649153,1571.5079978191468,win,0.54,4792.9921875,29.388477325439453,-119.85015106201172,bfm_angles
2159,107,8655153,-278.0644954809897,timeout,0.54,2336.633056640625,149.39515686035156,-85.61399841308594,bfm_angles
2160,107,8655610,-1035.9053746503216,loss,0.54,2336.633056640625,149.39515686035156,-85.61399841308594,bfm_angles
2161,108,8661610,-236.20797027278985,timeout,0.53,3843.776123046875,-153.1096954345703,150.884765625,bfm_angles
2162,108,8667610,-204.92796609692812,timeout,0.52,3843.776123046875,-153.1096954345703,150.884765625,bfm_angles
2163,108,8668221,1536.6241613984423,win,0.52,3820.43359375,-75.66020202636719,56.438255310058594,bfm_angles
2164,108,8668829,1540.3643154052063,win,0.52,3820.43359375,-75.66020202636719,56.438255310058594,bfm_angles
2165,108,8674829,-126.2868589264763,timeout,0.51,3758.39404296875,143.1454620361328,163.00906372070312,bfm_angles
2166,108,8680829,-202.2556782088282,timeout,0.5,3758.39404296875,143.1454620361328,163.00906372070312,bfm_angles
2167,108,8682196,1594.0605040825344,win,0.5,4086.52294921875,17.583955764770508,89.21790313720703,bfm_angles
2168,108,8683545,1591.7204284863924,win,0.5,4086.52294921875,17.583955764770508,89.21790313720703,bfm_angles
2169,108,8689545,-144.198885891561,timeout,0.5,3688.33056640625,147.31210327148438,166.38661193847656,bfm_angles
2170,108,8695545,-143.3119537497012,timeout,0.5,3688.33056640625,147.31210327148438,166.38661193847656,bfm_angles
2171,108,8696178,1587.7680417597553,win,0.5,3814.4072265625,-86.9978256225586,-52.20624923706055,bfm_angles
2172,108,8696801,1586.018279687938,win,0.5,3814.4072265625,-86.9978256225586,-52.20624923706055,bfm_angles
2173,108,8702801,-24.841835568207465,timeout,0.49,3722.0556640625,13.094083786010742,91.59166717529297,bfm_angles
2174,108,8704202,1586.6033429402755,win,0.49,3722.0556640625,13.094083786010742,91.59166717529297,bfm_angles
2175,108,8710202,-285.36242501405076,timeout,0.48,3101.036376953125,62.549598693847656,120.84803009033203,bfm_angles
2176,108,8716202,-192.0749715239192,timeout,0.47,3101.036376953125,62.549598693847656,120.84803009033203,bfm_angles
2177,108,8716991,1599.7097652885666,win,0.47,5037.69921875,-80.04302978515625,-51.70093536376953,bfm_angles
2178,108,8722991,-44.53985433880373,timeout,0.46,5037.69921875,-80.04302978515625,-51.70093536376953,bfm_angles
2179,108,8723571,1580.773596103561,win,0.47,4470.7578125,-132.30841064453125,60.51258850097656,bfm_angles
2180,108,8724175,1578.8103631131455,win,0.48,4470.7578125,-132.30841064453125,60.51258850097656,bfm_angles
2181,109,8724795,1577.8238114099006,win,0.48,3952.036865234375,-69.62825012207031,39.657161712646484,bfm_angles
2182,109,8725395,1546.9884656095785,win,0.49,3952.036865234375,-69.62825012207031,39.657161712646484,bfm_angles
2183,109,8731395,-156.4096870075941,timeout,0.48,3723.833984375,-50.92251968383789,164.80953979492188,bfm_angles
2184,109,8737395,-323.17550098365547,timeout,0.47,3723.833984375,-50.92251968383789,164.80953979492188,bfm_angles
2185,109,8738103,1556.952058621995,win,0.48,3930.461181640625,-44.50905990600586,54.64946365356445,bfm_angles
2186,109,8738835,1570.2798429449122,win,0.49,3930.461181640625,-44.50905990600586,54.64946365356445,bfm_angles
2187,109,8741545,1663.6474061344827,win,0.49,3905.9140625,-169.233642578125,-67.18609619140625,bfm_angles
2188,109,8742096,1564.0820443305133,win,0.49,3905.9140625,-169.233642578125,-67.18609619140625,bfm_angles
2189,109,8742474,1551.7946919123096,win,0.49,3837.9208984375,177.10121154785156,2.064483404159546,bfm_angles
2190,109,8742853,1551.7119736400427,win,0.49,3837.9208984375,177.10121154785156,2.064483404159546,bfm_angles
2191,109,8743306,1556.0332548394597,win,0.5,3886.25048828125,-153.2046356201172,-60.75961685180664,bfm_angles
2192,109,8743755,1555.2865482228071,win,0.51,3886.25048828125,-153.2046356201172,-60.75961685180664,bfm_angles
2193,109,8744351,1562.8184033482894,win,0.51,4136.8349609375,-90.16596984863281,79.06636810302734,bfm_angles
2194,109,8744990,1568.1773549547486,win,0.51,4136.8349609375,-90.16596984863281,79.06636810302734,bfm_angles
2195,109,8745669,1564.7653740114972,win,0.52,4574.46826171875,-88.5630111694336,91.16844177246094,bfm_angles
2196,109,8746353,1567.6688720223779,win,0.53,4574.46826171875,-88.5630111694336,91.16844177246094,bfm_angles
2197,109,8752353,-227.5482799052986,timeout,0.53,2840.408447265625,166.8769073486328,144.7189483642578,bfm_angles
2198,109,8758353,-149.00675351473888,timeout,0.53,2840.408447265625,166.8769073486328,144.7189483642578,bfm_angles
2199,109,8759646,1575.3879609688624,win,0.53,3991.279541015625,-27.43056297302246,-161.48451232910156,bfm_angles
2200,109,8765646,114.89515656951244,timeout,0.53,3991.279541015625,-27.43056297302246,-161.48451232910156,bfm_angles
2201,110,8766112,1567.3165862769335,win,0.53,4007.117919921875,-119.57849884033203,50.95292663574219,bfm_angles
2202,110,8766579,1564.7044886202223,win,0.53,4007.117919921875,-119.57849884033203,50.95292663574219,bfm_angles
2203,110,8767614,1573.583169558428,win,0.53,3759.32666015625,26.158117294311523,-151.512939453125,bfm_angles
2204,110,8768658,1569.3085098316794,win,0.54,3759.32666015625,26.158117294311523,-151.512939453125,bfm_angles
2205,110,8774658,-224.8937306881708,timeout,0.53,3776.021240234375,119.2776870727539,150.03286743164062,bfm_angles
2206,110,8780658,-94.06307635562105,timeout,0.52,3776.021240234375,119.2776870727539,150.03286743164062,bfm_angles
2207,110,8786658,-137.89317094444806,timeout,0.52,4049.614013671875,-144.6161651611328,-22.05691909790039,bfm_angles
2208,110,8787078,1570.0503634387583,win,0.53,4049.614013671875,-144.6161651611328,-22.05691909790039,bfm_angles
2209,110,8787429,1539.6848218105538,win,0.54,3729.3818359375,166.74449157714844,-5.187766075134277,bfm_angles
2210,110,8787777,1541.2725421949858,win,0.54,3729.3818359375,166.74449157714844,-5.187766075134277,bfm_angles
2211,110,8788145,1544.930680551604,win,0.54,3829.426025390625,175.76393127441406,-6.2373175621032715,bfm_angles
2212,110,8788529,1544.5186903019785,win,0.54,3829.426025390625,175.76393127441406,-6.2373175621032715,bfm_angles
2213,110,8789016,-942.8505425724918,loss,0.53,4337.09326171875,173.2914581298828,-29.929731369018555,bfm_angles
2214,110,8791897,1630.1682394525772,win,0.53,4337.09326171875,173.2914581298828,-29.929731369018555,bfm_angles
2215,110,8793166,1585.0680661122005,win,0.53,4384.74853515625,23.324745178222656,101.22962188720703,bfm_angles
2216,110,8799166,-107.31517096252114,timeout,0.52,4384.74853515625,23.324745178222656,101.22962188720703,bfm_angles
2217,110,8805166,-168.20481091560555,timeout,0.52,4142.72216796875,-106.68974304199219,151.55369567871094,bfm_angles
2218,110,8811166,-700.7323974421778,timeout,0.52,4142.72216796875,-106.68974304199219,151.55369567871094,bfm_angles
2219,110,8817166,-100.78179524496684,timeout,0.52,3139.510009765625,20.320344924926758,125.82154846191406,bfm_angles
2220,110,8823166,-177.46444913067765,timeout,0.52,3139.510009765625,20.320344924926758,125.82154846191406,bfm_angles
2221,111,8823629,1571.1456038459492,win,0.52,3746.141845703125,-125.9845199584961,-19.596101760864258,bfm_angles
2222,111,8824097,1575.064582404862,win,0.53,3746.141845703125,-125.9845199584961,-19.596101760864258,bfm_angles
2223,111,8824838,1618.224370077142,win,0.54,3835.6826171875,-26.928802490234375,20.40424346923828,bfm_angles
2224,111,8825577,1561.8305335518883,win,0.55,3835.6826171875,-26.928802490234375,20.40424346923828,bfm_angles
2225,111,8831577,-162.0895663733875,timeout,0.54,3904.837890625,110.35134887695312,153.87120056152344,bfm_angles
2226,111,8837577,-150.43098016903858,timeout,0.54,3904.837890625,110.35134887695312,153.87120056152344,bfm_angles
2227,111,8843577,-81.51243166980109,timeout,0.54,3692.24609375,29.2910213470459,69.42748260498047,bfm_angles
2228,111,8849577,-67.57776417177523,timeout,0.54,3692.24609375,29.2910213470459,69.42748260498047,bfm_angles
2229,111,8850487,1632.992285611549,win,0.55,3435.836669921875,20.19096565246582,42.347049713134766,bfm_angles
2230,111,8851400,1646.3461163259908,win,0.56,3435.836669921875,20.19096565246582,42.347049713134766,bfm_angles
2231,111,8851793,1560.3792863563972,win,0.57,3914.6728515625,154.0652313232422,29.438570022583008,bfm_angles
2232,111,8852189,1559.09919663432,win,0.58,3914.6728515625,154.0652313232422,29.438570022583008,bfm_angles
2233,111,8852558,1548.98473745578,win,0.58,3670.990966796875,159.65615844726562,35.8264045715332,bfm_angles
2234,111,8852913,1537.8970275359827,win,0.58,3670.990966796875,159.65615844726562,35.8264045715332,bfm_angles
2235,111,8858913,-90.93936215440537,timeout,0.58,3694.068359375,-167.91741943359375,144.36312866210938,bfm_angles
2236,111,8864913,-111.49906939956252,timeout,0.58,3694.068359375,-167.91741943359375,144.36312866210938,bfm_angles
2237,111,8865382,1561.4780121481247,win,0.59,4374.7509765625,162.91058349609375,56.400699615478516,bfm_angles
2238,111,8865852,1556.4336937655924,win,0.6,4374.7509765625,162.91058349609375,56.400699615478516,bfm_angles
2239,111,8871852,-33.981606226335344,timeout,0.59,3225.397216796875,-48.88384246826172,155.00723266601562,bfm_angles
2240,111,8876770,-1033.1738192647326,loss,0.59,3225.397216796875,-48.88384246826172,155.00723266601562,bfm_angles
2241,112,8877591,1611.7454062341824,win,0.6,3886.75439453125,-31.947715759277344,-37.14247512817383,bfm_angles
2242,112,8878434,1615.9412082530748,win,0.61,3886.75439453125,-31.947715759277344,-37.14247512817383,bfm_angles
2243,112,8879915,1551.045126314842,win,0.62,3414.693359375,32.90481948852539,-164.77525329589844,bfm_angles
2244,112,8885915,-140.0678002080995,timeout,0.62,3414.693359375,32.90481948852539,-164.77525329589844,bfm_angles
2245,112,8891915,-149.56036503755348,timeout,0.62,3917.969482421875,148.46282958984375,115.02774810791016,bfm_angles
2246,112,8897915,-129.15979624695416,timeout,0.62,3917.969482421875,148.46282958984375,115.02774810791016,bfm_angles
2247,112,8899186,1629.469821195595,win,0.62,3999.257080078125,177.2260284423828,-64.82130432128906,bfm_angles
2248,112,8899712,1574.981126458379,win,0.62,3999.257080078125,177.2260284423828,-64.82130432128906,bfm_angles
2249,112,8905712,-156.5860911894878,timeout,0.61,3798.5322265625,105.9260025024414,-142.01344299316406,bfm_angles
2250,112,8911712,-109.0418921105133,timeout,0.6,3798.5322265625,105.9260025024414,-142.01344299316406,bfm_angles
2251,112,8912100,1538.7919576173394,win,0.61,3887.544677734375,170.04678344726562,-2.2356016635894775,bfm_angles
2252,112,8912492,1546.1002018708575,win,0.61,3887.544677734375,170.04678344726562,-2.2356016635894775,bfm_angles
2253,112,8918492,-99.62123439540876,timeout,0.6,3633.52978515625,121.33011627197266,-168.95315551757812,bfm_angles
2254,112,8924492,-113.91075433096326,timeout,0.59,3633.52978515625,121.33011627197266,-168.95315551757812,bfm_angles
2255,112,8924966,1567.4278615183384,win,0.59,2763.982666015625,-63.45428466796875,64.54976654052734,bfm_angles
2256,112,8925445,1568.0829746130437,win,0.59,2763.982666015625,-63.45428466796875,64.54976654052734,bfm_angles
2257,112,8931445,-182.10510065933934,timeout,0.58,2589.1767578125,145.19332885742188,159.2735137939453,bfm_angles
2258,112,8937445,-149.42027766590968,timeout,0.57,2589.1767578125,145.19332885742188,159.2735137939453,bfm_angles
2259,112,8937945,1560.999184143905,win,0.58,4562.134765625,-166.00637817382812,-59.56840896606445,bfm_angles
2260,112,8938463,1564.2576470142792,win,0.59,4562.134765625,-166.00637817382812,-59.56840896606445,bfm_angles
2261,113,8944463,-169.61215602775343,timeout,0.59,4244.45263671875,-145.91705322265625,-81.42220306396484,bfm_angles
2262,113,8945131,1562.9628081294422,win,0.6,4244.45263671875,-145.91705322265625,-81.42220306396484,bfm_angles
2263,113,8945531,1539.758463675817,win,0.6,3924.6640625,144.03759765625,18.538381576538086,bfm_angles
2264,113,8945931,1549.9078245700114,win,0.6,3924.6640625,144.03759765625,18.538381576538086,bfm_angles
2265,113,8951931,-90.67591764642053,timeout,0.6,3630.73779296875,-39.481990814208984,164.63807678222656,bfm_angles
2266,113,8957931,-43.706479073306745,timeout,0.6,3630.73779296875,-39.481990814208984,164.63807678222656,bfm_angles
2267,113,8963931,-161.6583119257493,timeout,0.59,3674.1982421875,156.65184020996094,137.82009887695312,bfm_angles
2268,113,8969931,-94.82097072893761,timeout,0.58,3674.1982421875,156.65184020996094,137.82009887695312,bfm_angles
2269,113,8970512,-963.1086005700693,loss,0.58,3907.47314453125,129.35897827148438,82.66407775878906,bfm_angles
2270,113,8971092,-962.2407881507318,loss,0.58,3907.47314453125,129.35897827148438,82.66407775878906,bfm_angles
2271,113,8972298,1607.803127230556,win,0.58,3717.8037109375,128.4126739501953,-60.70644760131836,bfm_angles
2272,113,8972822,1555.7916674790206,win,0.58,3717.8037109375,128.4126739501953,-60.70644760131836,bfm_angles
2273,113,8973934,1604.8777219095625,win,0.59,3928.03564453125,23.594831466674805,74.84442901611328,bfm_angles
2274,113,8975160,1628.0055326494974,win,0.59,3928.03564453125,23.594831466674805,74.84442901611328,bfm_angles
2275,113,8975987,1592.1270724801839,win,0.6,5095.4677734375,83.66360473632812,-93.71439361572266,bfm_angles
2276,113,8976806,1589.3359272009568,win,0.61,5095.4677734375,83.66360473632812,-93.71439361572266,bfm_angles
2277,113,8982806,-28.3583215495323,timeout,0.6,3682.597412109375,-35.17654800415039,123.78105163574219,bfm_angles
2278,113,8983739,1578.3810851364021,win,0.61,3682.597412109375,-35.17654800415039,123.78105163574219,bfm_angles
2279,113,8984220,1559.0664044240336,win,0.61,4708.36083984375,147.0398406982422,2.066734552383423,bfm_angles
2280,113,8984709,1548.8907610099945,win,0.61,4708.36083984375,147.0398406982422,2.066734552383423,bfm_angles
2281,114,8985166,1569.4330077938591,win,0.61,4012.14892578125,-170.96420288085938,43.7053337097168,bfm_angles
2282,114,8985567,1553.0741265261254,win,0.61,4012.14892578125,-170.96420288085938,43.7053337097168,bfm_angles
2283,114,8988444,-747.5360446662462,loss,0.61,3730.99462890625,92.14395904541016,57.42398452758789,bfm_angles
2284,114,8994444,282.6431747145138,timeout,0.61,3730.99462890625,92.14395904541016,57.42398452758789,bfm_angles
2285,114,9000444,-176.20747282170268,timeout,0.6,3672.47216796875,-158.42649841308594,100.25553894042969,bfm_angles
2286,114,9006444,-142.718412921787,timeout,0.59,3672.47216796875,-158.42649841308594,100.25553894042969,bfm_angles
2287,114,9006995,-1001.9064871250285,loss,0.58,3977.27783203125,116.80378723144531,-51.35322189331055,bfm_angles
2288,114,9012995,-147.31797313736905,timeout,0.57,3977.27783203125,116.80378723144531,-51.35322189331055,bfm_angles
2289,114,9013397,1555.6017613807076,win,0.57,3976.9072265625,-171.5477294921875,-30.024879455566406,bfm_angles
2290,114,9013800,1560.2039019467063,win,0.57,3976.9072265625,-171.5477294921875,-30.024879455566406,bfm_angles
2291,114,9014565,1580.634137465564,win,0.57,3842.484619140625,-36.767616271972656,77.17056274414062,bfm_angles
2292,114,9015347,1579.3502701683403,win,0.57,3842.484619140625,-36.767616271972656,77.17056274414062,bfm_angles
2293,114,9016541,1547.460183679296,win,0.57,3739.263671875,41.50791549682617,103.90717315673828,bfm_angles
2294,114,9017717,1570.1218541218886,win,0.57,3739.263671875,41.50791549682617,103.90717315673828,bfm_angles
2295,114,9018054,-971.1329773259415,loss,0.56,2288.857177734375,103.0321273803711,-79.82968139648438,bfm_angles
2296,114,9018397,-968.0975297426214,loss,0.55,2288.857177734375,103.0321273803711,-79.82968139648438,bfm_angles
2297,114,9024397,-167.65097879831697,timeout,0.55,3773.46337890625,-67.67093658447266,-140.19680786132812,bfm_angles
2298,114,9030397,-860.2381692636496,timeout,0.55,3773.46337890625,-67.67093658447266,-140.19680786132812,bfm_angles
2299,114,9036397,-898.1971938503796,timeout,0.54,3086.51171875,166.36187744140625,113.2885513305664,bfm_angles
2300,114,9042397,-172.5892089300666,timeout,0.54,3086.51171875,166.36187744140625,113.2885513305664,bfm_angles
2301,115,9042891,1581.2024586812836,win,0.54,3884.8525390625,-126.83802032470703,-20.957698822021484,bfm_angles
2302,115,9043384,1583.0265813832484,win,0.54,3884.8525390625,-126.83802032470703,-20.957698822021484,bfm_angles
2303,115,9049384,-217.12571297045116,timeout,0.53,3813.49609375,-172.36376953125,112.61774444580078,bfm_angles
2304,115,9055384,-238.0469055396729,timeout,0.52,3813.49609375,-172.36376953125,112.61774444580078,bfm_angles
2305,115,9061384,-133.47025311467814,timeout,0.52,3688.35888671875,164.31735229492188,138.10382080078125,bfm_angles
2306,115,9067384,-1237.012733786642,timeout,0.52,3688.35888671875,164.31735229492188,138.10382080078125,bfm_angles
2307,115,9067779,1551.1986175684076,win,0.53,3889.983154296875,-158.67190551757812,4.86790657043457,bfm_angles
2308,115,9068172,1555.2842388739598,win,0.53,3889.983154296875,-158.67190551757812,4.86790657043457,bfm_angles
2309,115,9074172,-357.73515720269154,timeout,0.52,3512.1943359375,159.15203857421875,172.010498046875,bfm_angles
2310,115,9080172,-299.9870149854016,timeout,0.51,3512.1943359375,159.15203857421875,172.010498046875,bfm_angles
2311,115,9080731,1598.9824286472046,win,0.51,3717.439208984375,-99.87635040283203,-19.479366302490234,bfm_angles
2312,115,9081222,1586.6038818292384,win,0.51,3717.439208984375,-99.87635040283203,-19.479366302490234,bfm_angles
2313,115,9082589,1573.7385407661045,win,0.52,3485.43115234375,21.37196922302246,162.37454223632812,bfm_angles
2314,115,9083949,1560.6919206049893,win,0.52,3485.43115234375,21.37196922302246,162.37454223632812,bfm_angles
2315,115,9084623,1588.1292721331613,win,0.52,4145.38916015625,53.238059997558594,-8.730497360229492,bfm_angles
2316,115,9085299,1584.5954711751274,win,0.53,4145.38916015625,53.238059997558594,-8.730497360229492,bfm_angles
2317,115,9091299,-520.3361909286764,timeout,0.53,2716.013427734375,-170.87672424316406,-101.69093322753906,bfm_angles
2318,115,9097299,-487.04594585869904,timeout,0.53,2716.013427734375,-170.87672424316406,-101.69093322753906,bfm_angles
2319,115,9097758,1539.4295797039429,win,0.54,2415.595458984375,72.00715637207031,-69.87493896484375,bfm_angles
2320,115,9098257,1568.9595791387828,win,0.55,2415.595458984375,72.00715637207031,-69.87493896484375,bfm_angles
2321,116,9098651,1537.9457146635318,win,0.55,4001.419189453125,165.65032958984375,-3.3919544219970703,bfm_angles
2322,116,9099051,1543.5847868056223,win,0.55,4001.419189453125,165.65032958984375,-3.3919544219970703,bfm_angles
2323,116,9099681,1572.3464440887021,win,0.55,3891.693359375,-67.13105773925781,14.352304458618164,bfm_angles
2324,116,9100297,1584.0283024510263,win,0.55,3891.693359375,-67.13105773925781,14.352304458618164,bfm_angles
2325,116,9103195,-1050.6450989566158,loss,0.55,3656.380126953125,-170.01136779785156,131.9989013671875,bfm_angles
2326,116,9109195,-351.3745015008754,timeout,0.55,3656.380126953125,-170.01136779785156,131.9989013671875,bfm_angles
2327,116,9109621,1567.027730988801,win,0.56,3710.974853515625,-129.1729278564453,1.4240052700042725,bfm_angles
2328,116,9110017,1560.0995126964463,win,0.57,3710.974853515625,-129.1729278564453,1.4240052700042725,bfm_angles
2329,116,9110379,1557.1669898660296,win,0.57,3770.15625,178.38140869140625,27.443466186523438,bfm_angles
2330,116,9110744,1542.7534953503434,win,0.57,3770.15625,178.38140869140625,27.443466186523438,bfm_angles
2331,116,9116744,-297.16813464576654,timeout,0.56,3689.55126953125,98.0497055053711,69.1839370727539,bfm_angles
2332,116,9117741,1525.6331328672109,win,0.56,3689.55126953125,98.0497055053711,69.1839370727539,bfm_angles
2333,116,9123741,-333.9192794053339,timeout,0.55,3585.99755859375,-161.8392791748047,127.0401840209961,bfm_angles
2334,116,9129741,-249.59881884176934,timeout,0.54,3585.99755859375,-161.8392791748047,127.0401840209961,bfm_angles
2335,116,9130123,1550.591697577256,win,0.55,3389.507080078125,-130.8459014892578,52.639163970947266,bfm_angles
2336,116,9130493,1552.4613413999923,win,0.56,3389.507080078125,-130.8459014892578,52.639163970947266,bfm_angles
2337,116,9131241,1589.8773835063075,win,0.56,3233.789794921875,-79.74947357177734,-80.60198211669922,bfm_angles
2338,116,9131983,1590.9936617060719,win,0.56,3233.789794921875,-79.74947357177734,-80.60198211669922,bfm_angles
2339,116,9137983,-190.91477434240636,timeout,0.56,4517.97314453125,131.4419708251953,-151.17697143554688,bfm_angles
2340,116,9143983,-83.25571931103485,timeout,0.56,4517.97314453125,131.4419708251953,-151.17697143554688,bfm_angles
2341,117,9149983,-301.94930321022645,timeout,0.55,3743.039306640625,127.93637084960938,104.15847778320312,bfm_angles
2342,117,9155983,-318.65961670471046,timeout,0.54,3743.039306640625,127.93637084960938,104.15847778320312,bfm_angles
2343,117,9156482,1549.9176464612294,win,0.54,3763.169921875,167.75405883789062,77.78069305419922,bfm_angles
2344,117,9157013,1555.046851947843,win,0.55,3763.169921875,167.75405883789062,77.78069305419922,bfm_angles
2345,117,9157372,1552.6310967467589,win,0.56,3701.080078125,-175.67068481445312,40.35688018798828,bfm_angles
2346,117,9157738,1552.3438439216216,win,0.57,3701.080078125,-175.67068481445312,40.35688018798828,bfm_angles
2347,117,9163738,-188.1457190509153,timeout,0.56,3597.099365234375,150.90267944335938,106.65586853027344,bfm_angles
2348,117,9169738,-362.2045336993477,timeout,0.55,3597.099365234375,150.90267944335938,106.65586853027344,bfm_angles
2349,117,9175738,-227.53717951966576,timeout,0.55,3425.18505859375,128.80601501464844,147.53536987304688,bfm_angles
2350,117,9181738,-189.08265330197273,timeout,0.55,3425.18505859375,128.80601501464844,147.53536987304688,bfm_angles
2351,117,9182449,1612.7081006097278,win,0.55,3912.67822265625,-43.945396423339844,-4.641719818115234,bfm_angles
2352,117,9183189,1558.9068675691792,win,0.55,3912.67822265625,-43.945396423339844,-4.641719818115234,bfm_angles
2353,117,9183551,1557.3709629368605,win,0.56,3768.51806640625,178.8887939453125,13.631561279296875,bfm_angles
2354,117,9183916,1549.1332176702697,win,0.57,3768.51806640625,178.8887939453125,13.631561279296875,bfm_angles
2355,117,9185073,1569.2851455562052,win,0.57,2531.607666015625,5.162505149841309,150.42884826660156,bfm_angles
2356,117,9186391,1552.012483634284,win,0.57,2531.607666015625,5.162505149841309,150.42884826660156,bfm_angles
2357,117,9188980,-1082.0926119679448,loss,0.57,2857.00048828125,-117.42068481445312,153.63548278808594,bfm_angles
2358,117,9194980,-327.14594920271037,timeout,0.57,2857.00048828125,-117.42068481445312,153.63548278808594,bfm_angles
2359,117,9195700,-998.4468513522736,loss,0.56,3563.420654296875,175.32568359375,-105.64578247070312,bfm_angles
2360,117,9201700,-237.98595486939544,timeout,0.55,3563.420654296875,175.32568359375,-105.64578247070312,bfm_angles
2361,118,9202437,1599.4946395419156,win,0.56,3715.576904296875,-18.295238494873047,-2.7932159900665283,bfm_angles
2362,118,9203176,1626.2695904787543,win,0.56,3715.576904296875,-18.295238494873047,-2.7932159900665283,bfm_angles
2363,118,9204599,1605.1959138039065,win,0.56,3890.7568359375,132.80577087402344,11.946189880371094,bfm_angles
2364,118,9205033,1557.8690051900126,win,0.56,3890.7568359375,132.80577087402344,11.946189880371094,bfm_angles
2365,118,9205930,1563.8091691534837,win,0.57,3616.534423828125,-16.282367706298828,102.90319061279297,bfm_angles
2366,118,9206879,1563.6375399610843,win,0.58,3616.534423828125,-16.282367706298828,102.90319061279297,bfm_angles
2367,118,9207345,1559.375982461597,win,0.59,3724.7958984375,-177.07347106933594,49.28114700317383,bfm_angles
2368,118,9207732,1553.9145316243125,win,0.6,3724.7958984375,-177.07347106933594,49.28114700317383,bfm_angles
2369,118,9208204,-963.1995344793442,loss,0.6,3836.8935546875,173.6215057373047,76.4200439453125,bfm_angles
2370,118,9208681,1556.7165773455226,win,0.61,3836.8935546875,173.6215057373047,76.4200439453125,bfm_angles
2371,118,9214681,-108.57345862912929,timeout,0.6,3717.32470703125,-139.51190185546875,-174.7644805908203,bfm_angles
2372,118,9220681,-131.43351756226883,timeout,0.59,3717.32470703125,-139.51190185546875,-174.7644805908203,bfm_angles
2373,118,9226681,-200.37412531038586,timeout,0.58,3472.97265625,-22.8347110748291,108.81212615966797,bfm_angles
2374,118,9227553,1563.950326651317,win,0.58,3472.97265625,-22.8347110748291,108.81212615966797,bfm_angles
2375,118,9228740,1563.0043164053582,win,0.58,4967.23095703125,-16.415464401245117,111.81777954101562,bfm_angles
2376,118,9229965,1560.2593317713406,win,0.58,4967.23095703125,-16.415464401245117,111.81777954101562,bfm_angles
2377,118,9231092,1614.3130938050788,win,0.59,3027.992919921875,149.75852966308594,16.322708129882812,bfm_angles
2378,118,9231429,1555.5830747128864,win,0.59,3027.992919921875,149.75852966308594,16.322708129882812,bfm_angles
2379,118,9237429,-176.94763261034936,timeout,0.58,3345.520751953125,92.52566528320312,167.09129333496094,bfm_angles
2380,118,9243429,-137.09728937721368,timeout,0.57,3345.520751953125,92.52566528320312,167.09129333496094,bfm_angles
2381,119,9244252,1561.4960705460128,win,0.57,3509.6376953125,8.103252410888672,-78.7461929321289,bfm_angles
2382,119,9245053,1605.1977178345383,win,0.57,3509.6376953125,8.103252410888672,-78.7461929321289,bfm_angles
2383,119,9251053,-426.5029707123076,timeout,0.57,4054.61181640625,171.0666961669922,112.7119369506836,bfm_angles
2384,119,9257053,-155.487408133388,timeout,0.57,4054.61181640625,171.0666961669922,112.7119369506836,bfm_angles
2385,119,9257739,1554.0763290144243,win,0.58,3846.83544921875,-83.85425567626953,110.70732879638672,bfm_angles
2386,119,9258468,1546.2195796729402,win,0.59,3846.83544921875,-83.85425567626953,110.70732879638672,bfm_angles
2387,119,9259230,1621.8923161925916,win,0.6,3920.07470703125,-46.334075927734375,-33.54486083984375,bfm_angles
2388,119,9259984,1620.7284265722628,win,0.61,3920.07470703125,-46.334075927734375,-33.54486083984375,bfm_angles
2389,119,9261296,1584.7407975215258,win,0.61,3669.342041015625,57.48931884765625,122.4640121459961,bfm_angles
2390,119,9262658,-937.4374913371648,loss,0.6,3669.342041015625,57.48931884765625,122.4640121459961,bfm_angles
2391,119,9268658,-59.12605479855744,timeout,0.59,3792.533447265625,-102.89240264892578,-121.76348876953125,bfm_angles
2392,119,9274658,-92.9038912576345,timeout,0.58,3792.533447265625,-102.89240264892578,-121.76348876953125,bfm_angles
2393,119,9280658,-31.513840723494305,timeout,0.57,3700.96923828125,-43.38103485107422,150.3374786376953,bfm_angles
2394,119,9286658,-64.56786770096558,timeout,0.56,3700.96923828125,-43.38103485107422,150.3374786376953,bfm_angles
2395,119,9292658,26.539233307220393,timeout,0.56,4103.556640625,35.50601577758789,160.63917541503906,bfm_angles
2396,119,9298658,-105.38121828440379,timeout,0.56,4103.556640625,35.50601577758789,160.63917541503906,bfm_angles
2397,119,9304658,-112.25967953453102,timeout,0.56,4563.21728515625,107.61229705810547,151.3527069091797,bfm_angles
2398,119,9310658,-176.2596847215278,timeout,0.56,4563.21728515625,107.61229705810547,151.3527069091797,bfm_angles
2399,119,9316658,-197.86596688919738,timeout,0.56,3365.680908203125,-35.269630432128906,114.86009216308594,bfm_angles
2400,119,9317505,1560.4096131611568,win,0.57,3365.680908203125,-35.269630432128906,114.86009216308594,bfm_angles
2401,120,9318116,1596.9322472225342,win,0.57,4061.559326171875,-84.75019073486328,-19.639156341552734,bfm_angles
2402,120,9318718,1594.66724687758,win,0.57,4061.559326171875,-84.75019073486328,-19.639156341552734,bfm_angles
2403,120,9324718,-145.69586534244652,timeout,0.57,3588.6513671875,138.1175537109375,-119.30843353271484,bfm_angles
2404,120,9330718,-169.8893170363845,timeout,0.57,3588.6513671875,138.1175537109375,-119.30843353271484,bfm_angles
2405,120,9336718,-178.2167913837737,timeout,0.57,3532.50830078125,124.8093490600586,-150.39801025390625,bfm_angles
2406,120,9342718,-148.7762732326771,timeout,0.57,3532.50830078125,124.8093490600586,-150.39801025390625,bfm_angles
2407,120,9343138,1557.2141460030978,win,0.57,3830.9775390625,-150.45321655273438,-41.16660690307617,bfm_angles
2408,120,9343545,1558.6574837815544,win,0.57,3830.9775390625,-150.45321655273438,-41.16660690307617,bfm_angles
2409,120,9349545,-148.46711600047647,timeout,0.57,3681.68603515625,-67.36796569824219,156.0657501220703,bfm_angles
2410,120,9355545,-109.11179577237087,timeout,0.57,3681.68603515625,-67.36796569824219,156.0657501220703,bfm_angles
2411,120,9356001,1554.5684347982742,win,0.57,3496.36279296875,-110.21349334716797,50.331871032714844,bfm_angles
2412,120,9356467,1555.6449055343974,win,0.57,3496.36279296875,-110.21349334716797,50.331871032714844,bfm_angles
2413,120,9357348,1590.997346817925,win,0.57,3653.69482421875,-12.204997062683105,-49.39326095581055,bfm_angles
2414,120,9363348,-1172.6833052364743,timeout,0.56,3653.69482421875,-12.204997062683105,-49.39326095581055,bfm_angles
2415,120,9364263,1529.9030612791337,win,0.56,3244.1328125,48.85664367675781,-170.02828979492188,bfm_angles
2416,120,9366274,-1182.1540391723001,crash,0.55,3244.1328125,48.85664367675781,-170.02828979492188,bfm_angles
2417,120,9367385,1548.0738655434652,win,0.56,3454.213623046875,-13.74850845336914,126.77285766601562,bfm_angles
2418,120,9368525,1563.0433844876563,win,0.57,3454.213623046875,-13.74850845336914,126.77285766601562,bfm_angles
2419,120,9368772,-998.8708675075205,loss,0.56,2487.435791015625,172.2444305419922,-45.662384033203125,bfm_angles
2420,120,9369015,-984.6637019446525,loss,0.55,2487.435791015625,172.2444305419922,-45.662384033203125,bfm_angles
2421,121,9369704,1603.1818610946923,win,0.55,3760.150390625,-43.57548141479492,-3.9374537467956543,bfm_angles
2422,121,9370384,1590.6236307925692,win,0.55,3760.150390625,-43.57548141479492,-3.9374537467956543,bfm_angles
2423,121,9376384,-178.89798299439494,timeout,0.54,3749.9814453125,172.10585021972656,-121.82257080078125,bfm_angles
2424,121,9382384,-233.11519620408046,timeout,0.53,3749.9814453125,172.10585021972656,-121.82257080078125,bfm_angles
2425,121,9383140,1588.3714708402424,win,0.54,3504.056884765625,-20.602657318115234,18.576433181762695,bfm_angles
2426,121,9383892,1589.560442645218,win,0.55,3504.056884765625,-20.602657318115234,18.576433181762695,bfm_angles
2427,121,9384578,1557.4635514069744,win,0.55,3704.490478515625,-46.041419982910156,71.02786254882812,bfm_angles
2428,121,9385263,1557.5898441387528,win,0.55,3704.490478515625,-46.041419982910156,71.02786254882812,bfm_angles
2429,121,9386040,1604.7040636520628,win,0.55,3770.93896484375,-46.21529006958008,-44.94342803955078,bfm_angles
2430,121,9386820,1615.4355176685503,win,0.55,3770.93896484375,-46.21529006958008,-44.94342803955078,bfm_angles
2431,121,9392820,-93.85790902244862,timeout,0.55,3329.771240234375,49.72079086303711,147.2860870361328,bfm_angles
2432,121,9398820,-69.46023851076428,timeout,0.54,3329.771240234375,49.72079086303711,147.2860870361328,bfm_angles
2433,121,9404820,-40.16149394059404,timeout,0.54,3668.27880859375,60.131874084472656,-21.705163955688477,bfm_angles
2434,121,9406294,1703.5376769644222,win,0.55,3668.27880859375,60.131874084472656,-21.705163955688477,bfm_angles
2435,121,9412294,-217.6293630680974,timeout,0.54,4672.87890625,-163.52842712402344,-84.6244125366211,bfm_angles
2436,121,9418294,-45.238401122993515,timeout,0.53,4672.87890625,-163.52842712402344,-84.6244125366211,bfm_angles
2437,121,9418832,1577.6218077395038,win,0.53,4443.833984375,161.4081573486328,-41.357582092285156,bfm_angles
2438,121,9419294,1564.144532007719,win,0.53,4443.833984375,161.4081573486328,-41.357582092285156,bfm_angles
2439,121,9419755,1552.5352493511252,win,0.54,2809.927001953125,85.19088745117188,-84.64481353759766,bfm_angles
2440,121,9420258,1558.9262323218652,win,0.55,2809.927001953125,85.19088745117188,-84.64481353759766,bfm_angles
2441,122,9420619,1548.9085608690248,win,0.56,3511.47265625,173.41387939453125,-40.5512809753418,bfm_angles
2442,122,9420977,1552.5550205184745,win,0.57,3511.47265625,173.41387939453125,-40.5512809753418,bfm_angles
2443,122,9426977,-194.06677808493683,timeout,0.56,3602.3798828125,163.68930053710938,109.30903625488281,bfm_angles
2444,122,9432977,-204.40780128787878,timeout,0.55,3602.3798828125,163.68930053710938,109.30903625488281,bfm_angles
2445,122,9433435,1560.65485349455,win,0.55,3700.38623046875,-110.79832458496094,56.81980514526367,bfm_angles
2446,122,9433907,1554.5050797958713,win,0.55,3700.38623046875,-110.79832458496094,56.81980514526367,bfm_angles
2447,122,9439907,-100.81531230932207,timeout,0.55,3448.73583984375,23.538551330566406,160.13882446289062,bfm_angles
2448,122,9445907,-83.25179442269823,timeout,0.55,3448.73583984375,23.538551330566406,160.13882446289062,bfm_angles
2449,122,9446682,1594.581652833629,win,0.56,3716.99951171875,33.01780319213867,-78.42574310302734,bfm_angles
2450,122,9447456,1594.5284546120936,win,0.57,3716.99951171875,33.01780319213867,-78.42574310302734,bfm_angles
2451,122,9447899,-967.7713436824288,loss,0.56,3604.12255859375,-164.1908416748047,79.97490692138672,bfm_angles
2452,122,9448335,-967.9982926060441,loss,0.55,3604.12255859375,-164.1908416748047,79.97490692138672,bfm_angles
2453,122,9449177,1646.9297861640996,win,0.55,3485.5263671875,5.35333251953125,-13.453078269958496,bfm_angles
2454,122,9450038,1609.5372253698843,win,0.55,3485.5263671875,5.35333251953125,-13.453078269958496,bfm_angles
2455,122,9450398,1533.623549487536,win,0.55,2075.64013671875,-94.42981719970703,79.7748031616211,bfm_angles
2456,122,9450725,1530.5888591910782,win,0.55,2075.64013671875,-94.42981719970703,79.7748031616211,bfm_angles
2457,122,9451656,1553.375831712897,win,0.56,2782.26611328125,-12.685284614562988,129.8892364501953,bfm_angles
2458,122,9452609,1559.553305542541,win,0.57,2782.26611328125,-12.685284614562988,129.8892364501953,bfm_angles
2459,122,9458609,57.396494451950836,timeout,0.57,2095.439453125,38.28174591064453,-111.02295684814453,bfm_angles
2460,122,9459230,1546.6720505694675,win,0.58,2095.439453125,38.28174591064453,-111.02295684814453,bfm_angles
2461,123,9460204,1568.3771023004356,win,0.58,3484.368896484375,-43.14149856567383,112.77875518798828,bfm_angles
2462,123,9466204,-171.44506971042,timeout,0.57,3484.368896484375,-43.14149856567383,112.77875518798828,bfm_angles
2463,123,9466705,1563.8579574065773,win,0.57,3809.532958984375,161.19204711914062,-61.76042175292969,bfm_angles
2464,123,9467117,1553.7609465262237,win,0.57,3809.532958984375,161.19204711914062,-61.76042175292969,bfm_angles
2465,123,9467604,1578.3508078897723,win,0.57,3557.7138671875,-85.4410171508789,11.65145492553711,bfm_angles
2466,123,9468094,1575.7834595475779,win,0.57,3557.7138671875,-85.4410171508789,11.65145492553711,bfm_angles
2467,123,9468653,1593.6718019189666,win,0.57,3632.42724609375,-81.20665740966797,-22.938682556152344,bfm_angles
2468,123,9469226,1599.2793020548902,win,0.57,3632.42724609375,-81.20665740966797,-22.938682556152344,bfm_angles
2469,123,9469563,1552.1027505518136,win,0.58,3538.72265625,157.47012329101562,-20.90471076965332,bfm_angles
2470,123,9469903,1551.2054279960596,win,0.58,3538.72265625,157.47012329101562,-20.90471076965332,bfm_angles
2471,123,9470353,1568.9895798826806,win,0.59,3427.248779296875,128.23475646972656,27.940385818481445,bfm_angles
2472,123,9470735,1554.6505156719077,win,0.6,3427.248779296875,128.23475646972656,27.940385818481445,bfm_angles
2473,123,9471530,1589.3176257390169,win,0.61,3865.072021484375,-44.184871673583984,-43.24733352661133,bfm_angles
2474,123,9472335,1590.2237061161375,win,0.61,3865.072021484375,-44.184871673583984,-43.24733352661133,bfm_angles
2475,123,9472867,1574.5186192677888,win,0.61,3957.008056640625,112.16555786132812,10.172983169555664,bfm_angles
2476,123,9473384,1575.5188242539625,win,0.61,3957.008056640625,112.16555786132812,10.172983169555664,bfm_angles
2477,123,9474587,-992.7025511138909,loss,0.6,4940.08056640625,59.58237838745117,-90.72052764892578,bfm_angles
2478,123,9475794,1518.740677361612,win,0.6,4940.08056640625,59.58237838745117,-90.72052764892578,bfm_angles
2479,123,9476725,1606.3198856507274,win,0.61,3949.597412109375,0.06646081805229187,-68.8144302368164,bfm_angles
2480,123,9477680,1564.7477783179422,win,0.62,3949.597412109375,0.06646081805229187,-68.8144302368164,bfm_angles
2481,124,9483680,-196.15969712380726,timeout,0.61,3534.92138671875,177.90174865722656,113.89468383789062,bfm_angles
2482,124,9489680,-212.77336012691643,timeout,0.6,3534.92138671875,177.90174865722656,113.89468383789062,bfm_angles
2483,124,9490010,1548.1408922840214,win,0.61,3558.951904296875,161.3417205810547,-10.602112770080566,bfm_angles
2484,124,9490351,1552.8303036482473,win,0.62,3558.951904296875,161.3417205810547,-10.602112770080566,bfm_angles
2485,124,9491609,1527.012593182388,win,0.62,3568.666259765625,12.236251831054688,88.6166000366211,bfm_angles
2486,124,9492907,1530.134150564347,win,0.62,3568.666259765625,12.236251831054688,88.6166000366211,bfm_angles
2487,124,9494001,1572.7149734730845,win,0.62,3291.98193359375,59.53655242919922,74.25306701660156,bfm_angles
2488,124,9500001,-320.9488668026967,timeout,0.61,3291.98193359375,59.53655242919922,74.25306701660156,bfm_angles
2489,124,9506001,-165.40030942602212,timeout,0.6,3455.113525390625,136.09796142578125,131.93850708007812,bfm_angles
2490,124,9512001,-166.45325072934975,timeout,0.6,3455.113525390625,136.09796142578125,131.93850708007812,bfm_angles
2491,124,9512433,1551.7997876287461,win,0.61,3797.25439453125,-119.56655883789062,5.506148338317871,bfm_angles
2492,124,9512894,1557.3735717771713,win,0.62,3797.25439453125,-119.56655883789062,5.506148338317871,bfm_angles
2493,124,9513724,1580.8924378639645,win,0.63,3474.64892578125,30.44675064086914,-86.89794921875,bfm_angles
2494,124,9514533,1563.2850175855237,win,0.64,3474.64892578125,30.44675064086914,-86.89794921875,bfm_angles
2495,124,9515048,1635.7561692198979,win,0.65,2190.771728515625,-66.09696197509766,-17.89799690246582,bfm_angles
2496,124,9515549,1633.6275207006945,win,0.66,2190.771728515625,-66.09696197509766,-17.89799690246582,bfm_angles
2497,124,9516295,1604.2737008095212,win,0.67,4494.650390625,60.97816848754883,22.410959243774414,bfm_angles
2498,124,9517064,1603.3087516402668,win,0.68,4494.650390625,60.97816848754883,22.410959243774414,bfm_angles
2499,124,9523064,-100.22867682229236,timeout,0.68,4266.8056640625,-117.09191131591797,-85.58887481689453,bfm_angles
2500,124,9523707,1567.9100717904614,win,0.68,4266.8056640625,-117.09191131591797,-85.58887481689453,bfm_angles
2501,125,9524216,1546.4997703416338,win,0.68,3706.010986328125,-81.39041900634766,25.463035583496094,bfm_angles
2502,125,9524726,1552.485434541622,win,0.68,3706.010986328125,-81.39041900634766,25.463035583496094,bfm_angles
2503,125,9525389,1619.635647244063,win,0.69,3458.482666015625,-61.71747970581055,-26.4106388092041,bfm_angles
2504,125,9526065,1623.920193669785,win,0.7,3458.482666015625,-61.71747970581055,-26.4106388092041,bfm_angles
2505,125,9526865,1662.9363133036716,win,0.71,3648.600341796875,-25.000232696533203,-19.263662338256836,bfm_angles
2506,125,9527802,1669.189520204292,win,0.72,3648.600341796875,-25.000232696533203,-19.263662338256836,bfm_angles
2507,125,9528138,1535.6337109823762,win,0.72,3634.417724609375,164.03582763671875,-1.8363556861877441,bfm_angles
2508,125,9528473,1531.6558657651453,win,0.72,3634.417724609375,164.03582763671875,-1.8363556861877441,bfm_angles
2509,125,9534473,-146.96248054576577,timeout,0.72,3645.53369140625,115.22948455810547,156.15826416015625,bfm_angles
2510,125,9540473,-160.92724652280702,timeout,0.72,3645.53369140625,115.22948455810547,156.15826416015625,bfm_angles
2511,125,9540860,1555.0037384383666,win,0.72,3808.67529296875,-165.88539123535156,-13.840482711791992,bfm_angles
2512,125,9541243,1561.3219201028903,win,0.72,3808.67529296875,-165.88539123535156,-13.840482711791992,bfm_angles
2513,125,9541766,1562.4666670698366,win,0.72,3141.5166015625,89.8979721069336,-82.1806869506836,bfm_angles
2514,125,9547766,-105.85048361670728,timeout,0.72,3141.5166015625,89.8979721069336,-82.1806869506836,bfm_angles
2515,125,9548417,1554.576082738693,win,0.72,2837.799560546875,-55.79429244995117,103.94904327392578,bfm_angles
2516,125,9549078,1553.6938993180477,win,0.73,2837.799560546875,-55.79429244995117,103.94904327392578,bfm_angles
2517,125,9550235,1553.496357120162,win,0.73,4468.5849609375,-9.763468742370605,-117.59042358398438,bfm_angles
2518,125,9551455,1583.2139955037483,win,0.73,4468.5849609375,-9.763468742370605,-117.59042358398438,bfm_angles
2519,125,9553077,-988.8321208057148,loss,0.73,4103.65625,49.22432327270508,-164.85951232910156,bfm_angles
2520,125,9554714,1561.2166048978922,win,0.74,4103.65625,49.22432327270508,-164.85951232910156,bfm_angles
2521,126,9555378,1565.9353966279286,win,0.74,3810.767333984375,-51.57750701904297,51.30255126953125,bfm_angles
2522,126,9556059,1579.4462852622617,win,0.74,3810.767333984375,-51.57750701904297,51.30255126953125,bfm_angles
2523,126,9556835,1603.8096514643144,win,0.75,3380.125244140625,20.948318481445312,-73.92926788330078,bfm_angles
2524,126,9557618,1598.4783988346799,win,0.76,3380.125244140625,20.948318481445312,-73.92926788330078,bfm_angles
2525,126,9558002,1554.8667190982287,win,0.76,3602.43896484375,-149.78150939941406,51.89271926879883,bfm_angles
2526,126,9558381,1552.2911449652474,win,0.76,3602.43896484375,-149.78150939941406,51.89271926879883,bfm_angles
2527,126,9558725,1541.2015815891752,win,0.76,3567.07763671875,147.64308166503906,-8.965873718261719,bfm_angles
2528,126,9559106,1547.2001907932824,win,0.76,3567.07763671875,147.64308166503906,-8.965873718261719,bfm_angles
2529,126,9559469,1544.154670630226,win,0.76,3732.855224609375,-174.48098754882812,-15.02357292175293,bfm_angles
2530,126,9559838,1545.534857220348,win,0.76,3732.855224609375,-174.48098754882812,-15.02357292175293,bfm_angles
2531,126,9565838,-175.61507836322588,timeout,0.76,3350.341552734375,115.34846496582031,150.1113739013672,bfm_angles
2532,126,9571838,-382.4436940154396,timeout,0.76,3350.341552734375,115.34846496582031,150.1113739013672,bfm_angles
2533,126,9572575,1616.2354299164415,win,0.77,3325.16455078125,27.016462326049805,-51.632266998291016,bfm_angles
2534,126,9573294,1605.0254501188078,win,0.77,3325.16455078125,27.016462326049805,-51.632266998291016,bfm_angles
2535,126,9579294,-91.30113578741235,timeout,0.77,2347.203125,46.058067321777344,142.60157775878906,bfm_angles
2536,126,9585294,-105.7304003627999,timeout,0.77,2347.203125,46.058067321777344,142.60157775878906,bfm_angles
2537,126,9585599,1548.402462553273,win,0.77,2890.409423828125,128.60357666015625,8.451395988464355,bfm_angles
2538,126,9585903,1545.7111421281315,win,0.77,2890.409423828125,128.60357666015625,8.451395988464355,bfm_angles
2539,126,9591903,-735.7070968634823,timeout,0.76,4792.5498046875,97.04537200927734,176.03993225097656,bfm_angles
2540,126,9597903,-531.1392994498354,timeout,0.75,4792.5498046875,97.04537200927734,176.03993225097656,bfm_angles
2541,127,9598252,1545.560358559988,win,0.75,3556.326904296875,-171.75827026367188,-2.408637523651123,bfm_angles
2542,127,9598598,1551.9394890576505,win,0.75,3556.326904296875,-171.75827026367188,-2.408637523651123,bfm_angles
2543,127,9599397,1656.3074441023093,win,0.76,3288.414306640625,-24.642139434814453,-50.6697998046875,bfm_angles
2544,127,9600188,1641.2002613414625,win,0.77,3288.414306640625,-24.642139434814453,-50.6697998046875,bfm_angles
2545,127,9606188,-90.82849099940337,timeout,0.76,3508.744873046875,-6.405707359313965,104.25625610351562,bfm_angles
2546,127,9607495,1517.1948414434632,win,0.76,3508.744873046875,-6.405707359313965,104.25625610351562,bfm_angles
2547,127,9609055,1679.9657376578687,win,0.77,3338.315185546875,92.95469665527344,41.67747116088867,bfm_angles
2548,127,9609722,1577.6355654973472,win,0.78,3338.315185546875,92.95469665527344,41.67747116088867,bfm_angles
2549,127,9610201,1587.455477562091,win,0.78,3450.93115234375,-93.54594421386719,-11.371736526489258,bfm_angles
2550,127,9610687,1586.76524637557,win,0.78,3450.93115234375,-93.54594421386719,-11.371736526489258,bfm_angles
2551,127,9611135,1561.216834696983,win,0.79,3839.82666015625,-128.5724334716797,-33.708351135253906,bfm_angles
2552,127,9611570,1559.2767387871029,win,0.8,3839.82666015625,-128.5724334716797,-33.708351135253906,bfm_angles
2553,127,9612024,1574.865125010596,win,0.8,3516.22265625,-107.93238067626953,-7.557339668273926,bfm_angles
2554,127,9612479,1566.5846962898172,win,0.8,3516.22265625,-107.93238067626953,-7.557339668273926,bfm_angles
2555,127,9613684,1603.7775348285447,win,0.8,3904.454345703125,-111.5673599243164,-93.98309326171875,bfm_angles
2556,127,9614358,-950.4837651410718,loss,0.79,3904.454345703125,-111.5673599243164,-93.98309326171875,bfm_angles
2557,127,9620358,-66.74831994763119,timeout,0.78,2914.311767578125,16.807212829589844,150.71897888183594,bfm_angles
2558,127,9626358,-58.43605529293464,timeout,0.77,2914.311767578125,16.807212829589844,150.71897888183594,bfm_angles
2559,127,9627780,1577.7571862962604,win,0.78,4861.3330078125,30.1909122467041,145.4453582763672,bfm_angles
2560,127,9629225,1580.7771565242256,win,0.78,4861.3330078125,30.1909122467041,145.4453582763672,bfm_angles
2561,128,9629590,1545.2089039843265,win,0.78,3671.48681640625,-168.2126007080078,26.120012283325195,bfm_angles
2562,128,9629952,1548.6416130447237,win,0.79,3671.48681640625,-168.2126007080078,26.120012283325195,bfm_angles
2563,128,9635952,-329.6413272331123,timeout,0.78,3354.74609375,-168.13812255859375,89.79269409179688,bfm_angles
2564,128,9636399,1543.0469141524131,win,0.78,3354.74609375,-168.13812255859375,89.79269409179688,bfm_angles
2565,128,9636987,1579.5888625794335,win,0.78,3260.9755859375,-49.26459503173828,-6.874434947967529,bfm_angles
2566,128,9637573,1602.4853554510596,win,0.78,3260.9755859375,-49.26459503173828,-6.874434947967529,bfm_angles
2567,128,9638429,1639.460308818839,win,0.78,3482.62255859375,-22.417095184326172,-52.53550720214844,bfm_angles
2568,128,9639308,1646.0574828857505,win,0.78,3482.62255859375,-22.417095184326172,-52.53550720214844,bfm_angles
2569,128,9639652,1553.394411868133,win,0.78,3489.28564453125,-170.292724609375,-25.608247756958008,bfm_angles
2570,128,9640006,1554.9521681035728,win,0.78,3489.28564453125,-170.292724609375,-25.608247756958008,bfm_angles
2571,128,9646006,-510.06387577344105,timeout,0.77,3541.24365234375,131.88430786132812,145.92430114746094,bfm_angles
2572,128,9652006,-173.77318070113918,timeout,0.76,3541.24365234375,131.88430786132812,145.92430114746094,bfm_angles
2573,128,9652395,1555.083419786278,win,0.76,3419.848388671875,178.798583984375,6.99114990234375,bfm_angles
2574,128,9652715,1546.1501037702285,win,0.76,3419.848388671875,178.798583984375,6.99114990234375,bfm_angles
2575,128,9658715,-215.73656005732389,timeout,0.75,3592.918212890625,-138.14376831054688,-159.9154510498047,bfm_angles
2576,128,9664715,-157.73438771621412,timeout,0.74,3592.918212890625,-138.14376831054688,-159.9154510498047,bfm_angles
2577,128,9670715,-93.55732105876012,timeout,0.74,3002.954833984375,-127.91228485107422,70.06908416748047,bfm_angles
2578,128,9676715,-84.78552738988645,timeout,0.73,3002.954833984375,-127.91228485107422,70.06908416748047,bfm_angles
2579,128,9682715,-147.15094212613218,timeout,0.72,2418.560302734375,23.55791473388672,119.00971221923828,bfm_angles
2580,128,9688715,-95.052296910905,timeout,0.71,2418.560302734375,23.55791473388672,119.00971221923828,bfm_angles
2581,129,9694715,-179.80428094616187,timeout,0.71,3227.3125,97.30705261230469,-166.01637268066406,bfm_angles
2582,129,9700715,-196.64964999008393,timeout,0.71,3227.3125,97.30705261230469,-166.01637268066406,bfm_angles
2583,129,9706715,-171.32488249886507,timeout,0.7,3265.115234375,113.6940689086914,115.78734588623047,bfm_angles
2584,129,9712715,-187.3328460716923,timeout,0.69,3265.115234375,113.6940689086914,115.78734588623047,bfm_angles
2585,129,9713115,1557.8353728153504,win,0.69,3870.78125,-155.50990295410156,32.94112777709961,bfm_angles
2586,129,9713513,1558.1569547173713,win,0.69,3870.78125,-155.50990295410156,32.94112777709961,bfm_angles
2587,129,9714459,1588.0596006299136,win,0.69,3533.678466796875,-67.72319793701172,-102.34500122070312,bfm_angles
2588,129,9715334,1582.4044929312615,win,0.7,3533.678466796875,-67.72319793701172,-102.34500122070312,bfm_angles
2589,129,9721334,-221.85867882701748,timeout,0.7,3396.304931640625,166.53016662597656,98.50916290283203,bfm_angles
2590,129,9727334,-178.91298303033244,timeout,0.7,3396.304931640625,166.53016662597656,98.50916290283203,bfm_angles
2591,129,9728160,1574.7707907770905,win,0.7,3306.58056640625,-25.87159538269043,94.08746337890625,bfm_angles
2592,129,9728995,1570.7157627706558,win,0.7,3306.58056640625,-25.87159538269043,94.08746337890625,bfm_angles
2593,129,9729924,1571.909434343385,win,0.7,3635.43115234375,-9.5413236618042,91.8868179321289,bfm_angles
2594,129,9730869,1559.9543034377143,win,0.7,3635.43115234375,-9.5413236618042,91.8868179321289,bfm_angles
2595,129,9731429,1554.184322109689,win,0.7,3476.85009765625,-105.52983093261719,86.86443328857422,bfm_angles
2596,129,9731991,1560.0421999953649,win,0.7,3476.85009765625,-105.52983093261719,86.86443328857422,bfm_angles
2597,129,9737991,-177.40684900564884,timeout,0.69,2983.975341796875,-155.8794403076172,120.86454010009766,bfm_angles
2598,129,9743991,-226.94632435429918,timeout,0.68,2983.975341796875,-155.8794403076172,120.86454010009766,bfm_angles
2599,129,9749991,-64.31545457468077,timeout,0.68,4630.38525390625,-12.315049171447754,64.23468017578125,bfm_angles
2600,129,9755991,-133.41684278490675,timeout,0.67,4630.38525390625,-12.315049171447754,64.23468017578125,bfm_angles
2601,130,9761991,-149.05358282715127,timeout,0.66,3278.22607421875,-11.334068298339844,-169.3231658935547,bfm_angles
2602,130,9767991,-89.74719727800787,timeout,0.65,3278.22607421875,-11.334068298339844,-169.3231658935547,bfm_angles
2603,130,9773991,-120.32183824579177,timeout,0.64,3371.8369140625,5.42228364944458,165.771728515625,bfm_angles
2604,130,9779991,-206.61343057406643,timeout,0.63,3371.8369140625,5.42228364944458,165.771728515625,bfm_angles
2605,130,9780357,-968.4543926611598,loss,0.62,3374.8056640625,-178.48159790039062,56.5267333984375,bfm_angles
2606,130,9780726,1547.7989627399204,win,0.62,3374.8056640625,-178.48159790039062,56.5267333984375,bfm_angles
2607,130,9781501,1564.6793893100646,win,0.62,3601.288818359375,-23.720619201660156,63.345970153808594,bfm_angles
2608,130,9782234,1560.4843634213814,win,0.62,3601.288818359375,-23.720619201660156,63.345970153808594,bfm_angles
2609,130,9783065,-962.6819328121189,loss,0.62,3070.36376953125,97.48023223876953,-179.6131134033203,bfm_angles
2610,130,9789065,-217.46830669709382,timeout,0.62,3070.36376953125,97.48023223876953,-179.6131134033203,bfm_angles
2611,130,9789777,1583.8154769914054,win,0.62,3607.7890625,-90.53102111816406,-76.86488342285156,bfm_angles
2612,130,9790468,1584.9406936858559,win,0.62,3607.7890625,-90.53102111816406,-76.86488342285156,bfm_angles
2613,130,9796468,-157.38188175183487,timeout,0.61,3468.142333984375,167.3162841796875,91.9012680053711,bfm_angles
2614,130,9802468,-237.78357761168058,timeout,0.61,3468.142333984375,167.3162841796875,91.9012680053711,bfm_angles
2615,130,9808468,-149.8038062117763,timeout,0.6,4667.8134765625,-177.03408813476562,-154.6103515625,bfm_angles
2616,130,9814468,-128.55951974626274,timeout,0.59,4667.8134765625,-177.03408813476562,-154.6103515625,bfm_angles
2617,130,9820468,-13.567508993475863,timeout,0.58,4130.28564453125,155.84075927734375,-107.83738708496094,bfm_angles
2618,130,9821069,-963.2555606348932,loss,0.57,4130.28564453125,155.84075927734375,-107.83738708496094,bfm_angles
2619,130,9821855,1572.0071239655304,win,0.58,2016.1051025390625,-14.07170295715332,-86.4432373046875,bfm_angles
2620,130,9823970,1439.0665059905286,win,0.58,2016.1051025390625,-14.07170295715332,-86.4432373046875,bfm_angles
2621,131,9826345,-1122.746086878559,loss,0.57,3365.751953125,-64.71590423583984,64.1875,bfm_angles
2622,131,9826974,1560.413746644766,win,0.57,3365.751953125,-64.71590423583984,64.1875,bfm_angles
2623,131,9827384,1543.112908465357,win,0.57,3778.21630859375,152.2506561279297,2.4110403060913086,bfm_angles
2624,131,9827735,1538.7133195874,win,0.57,3778.21630859375,152.2506561279297,2.4110403060913086,bfm_angles
2625,131,9828067,1542.1475273587398,win,0.57,3435.904296875,-179.8912353515625,35.830570220947266,bfm_angles
2626,131,9828400,1540.5033158588656,win,0.57,3435.904296875,-179.8912353515625,35.830570220947266,bfm_angles
2627,131,9834400,-245.88054346091943,timeout,0.56,3413.08056640625,166.99356079101562,94.62907409667969,bfm_angles
2628,131,9840400,-262.79747658995126,timeout,0.55,3413.08056640625,166.99356079101562,94.62907409667969,bfm_angles
2629,131,9841431,-1005.9973657429869,loss,0.54,3095.416015625,86.57799530029297,145.28103637695312,bfm_angles
2630,131,9842470,-953.1355110539924,loss,0.53,3095.416015625,86.57799530029297,145.28103637695312,bfm_angles
2631,131,9848470,-112.79350499456466,timeout,0.53,3322.1875,-14.36060619354248,-178.20814514160156,bfm_angles
2632,131,9849692,1571.7430819977712,win,0.54,3322.1875,-14.36060619354248,-178.20814514160156,bfm_angles
2633,131,9850706,1532.1327421925457,win,0.54,3157.20556640625,-7.954072952270508,-136.64723205566406,bfm_angles
2634,131,9851706,1519.8860600746273,win,0.54,3157.20556640625,-7.954072952270508,-136.64723205566406,bfm_angles
2635,131,9857706,-124.92824274839883,timeout,0.54,4539.78662109375,-162.01522827148438,164.10389709472656,bfm_angles
2636,131,9863706,-87.74691345862854,timeout,0.54,4539.78662109375,-162.01522827148438,164.10389709472656,bfm_angles
2637,131,9864655,1576.8335213836858,win,0.54,4940.93115234375,-7.3253021240234375,34.46973419189453,bfm_angles
2638,131,9865678,1577.1469215258405,win,0.54,4940.93115234375,-7.3253021240234375,34.46973419189453,bfm_angles
2639,131,9866166,1566.3981757342106,win,0.55,4350.5283203125,-116.9212875366211,-9.850822448730469,bfm_angles
2640,131,9866679,1568.9210902391153,win,0.56,4350.5283203125,-116.9212875366211,-9.850822448730469,bfm_angles
2641,132,9867034,1550.5430255191,win,0.56,3534.17822265625,-157.1123046875,-36.47649383544922,bfm_angles
2642,132,9867392,1554.5500541032457,win,0.56,3534.17822265625,-157.1123046875,-36.47649383544922,bfm_angles
2643,132,9872279,-1055.7809005098973,loss,0.55,3324.4521484375,-179.9478759765625,126.00418853759766,bfm_angles
2644,132,9876678,-1057.2638180088654,loss,0.54,3324.4521484375,-179.9478759765625,126.00418853759766,bfm_angles
2645,132,9877515,1630.1865700354817,win,0.55,3632.491455078125,-15.386160850524902,-24.11590003967285,bfm_angles
2646,132,9878339,1627.6385596787613,win,0.55,3632.491455078125,-15.386160850524902,-24.11590003967285,bfm_angles
2647,132,9878966,1588.8708048339229,win,0.55,3437.03955078125,-78.72997283935547,-56.440162658691406,bfm_angles
2648,132,9879596,1591.0270733630518,win,0.55,3437.03955078125,-78.72997283935547,-56.440162658691406,bfm_angles
2649,132,9879947,1560.649586038397,win,0.55,3666.955322265625,167.1817626953125,-17.288572311401367,bfm_angles
2650,132,9880308,1527.524094067268,win,0.55,3666.955322265625,167.1817626953125,-17.288572311401367,bfm_angles
2651,132,9880990,1631.5557219100492,win,0.55,3271.66259765625,-45.55109405517578,-25.231399536132812,bfm_angles
2652,132,9881662,1626.0107168348777,win,0.55,3271.66259765625,-45.55109405517578,-25.231399536132812,bfm_angles
2653,132,9882441,1657.8105232984058,win,0.55,3502.154541015625,-28.48322868347168,-23.87841796875,bfm_angles
2654,132,9883208,1630.709778991815,win,0.55,3502.154541015625,-28.48322868347168,-23.87841796875,bfm_angles
2655,132,9883697,1555.0138598992983,win,0.55,3498.30419921875,-116.63774108886719,-66.47418212890625,bfm_angles
2656,132,9884201,1559.8712087181468,win,0.56,3498.30419921875,-116.63774108886719,-66.47418212890625,bfm_angles
2657,132,9890201,-82.48644379932436,timeout,0.56,2346.666748046875,53.04105758666992,155.69464111328125,bfm_angles
2658,132,9896201,-171.19432198612114,timeout,0.56,2346.666748046875,53.04105758666992,155.69464111328125,bfm_angles
2659,132,9896695,1560.322347711583,win,0.56,4055.261962890625,-109.93486785888672,16.408004760742188,bfm_angles
2660,132,9897191,1564.275837283562,win,0.56,4055.261962890625,-109.93486785888672,16.408004760742188,bfm_angles
2661,133,9903191,-186.912224033179,timeout,0.55,3369.103759765625,165.9857940673828,148.00791931152344,bfm_angles
2662,133,9909191,-210.45748221586825,timeout,0.54,3369.103759765625,165.9857940673828,148.00791931152344,bfm_angles
2663,133,9910006,1561.334274433216,win,0.55,3168.119384765625,29.413660049438477,-96.46237182617188,bfm_angles
2664,133,9910831,1562.3731128554493,win,0.55,3168.119384765625,29.413660049438477,-96.46237182617188,bfm_angles
2665,133,9916831,-64.38009019831048,timeout,0.54,3292.689697265625,-13.127815246582031,-171.16212463378906,bfm_angles
2666,133,9922831,-62.05225609703466,timeout,0.53,3292.689697265625,-13.127815246582031,-171.16212463378906,bfm_angles
2667,133,9924784,1551.2917561530162,win,0.53,3150.236083984375,-14.15481185913086,131.142578125,bfm_angles
2668,133,9925820,1566.1844938915856,win,0.53,3150.236083984375,-14.15481185913086,131.142578125,bfm_angles
2669,133,9931820,-147.46161619370613,timeout,0.52,3171.939453125,107.92015075683594,133.42372131347656,bfm_angles
2670,133,9937820,-119.75799250257188,timeout,0.51,3171.939453125,107.92015075683594,133.42372131347656,bfm_angles
2671,133,9943820,-162.12678497641568,timeout,0.51,3368.9384765625,161.3380889892578,115.76309967041016,bfm_angles
2672,133,9949820,-160.17597017069565,timeout,0.51,3368.9384765625,161.3380889892578,115.76309967041016,bfm_angles
2673,133,9955820,128.67527400628362,timeout,0.5,3392.10302734375,-11.22552490234375,-27.423011779785156,bfm_angles
2674,133,9956711,1645.3936827407465,win,0.5,3392.10302734375,-11.22552490234375,-27.423011779785156,bfm_angles
2675,133,9962711,-189.65499915044902,timeout,0.5,2140.051025390625,98.74857330322266,149.85723876953125,bfm_angles
2676,133,9968711,-161.07384226460434,timeout,0.5,2140.051025390625,98.74857330322266,149.85723876953125,bfm_angles
2677,133,9969035,1556.6788596049673,win,0.51,2482.8349609375,125.62718200683594,-28.310197830200195,bfm_angles
2678,133,9969288,1536.3121821490602,win,0.52,2482.8349609375,125.62718200683594,-28.310197830200195,bfm_angles
2679,133,9971868,-977.4388770572294,loss,0.52,2498.230712890625,-28.054101943969727,-128.9065399169922,bfm_angles
2680,133,9977868,-47.46735845726839,timeout,0.52,2498.230712890625,-28.054101943969727,-128.9065399169922,bfm_angles
2681,134,9983868,-78.31282385559517,timeout,0.52,3372.2587890625,-28.282705307006836,167.53536987304688,bfm_angles
2682,134,9989868,-113.27451746993366,timeout,0.52,3372.2587890625,-28.282705307006836,167.53536987304688,bfm_angles
2683,134,9990804,1592.9597468485879,win,0.53,3307.00732421875,10.157426834106445,-53.49032211303711,bfm_angles
2684,134,9991725,1544.43122025005,win,0.54,3307.00732421875,10.157426834106445,-53.49032211303711,bfm_angles
2685,134,9992547,1649.1640227097544,win,0.54,3105.50732421875,-13.225449562072754,-10.345637321472168,bfm_angles
2686,134,9993391,1643.292050339905,win,0.54,3105.50732421875,-13.225449562072754,-10.345637321472168,bfm_angles
2687,134,9993882,1559.0935150083926,win,0.54,3441.538818359375,-100.68818664550781,55.35549545288086,bfm_angles
2688,134,9994373,1569.0717563431056,win,0.54,3441.538818359375,-100.68818664550781,55.35549545288086,bfm_angles
2689,134,10000373,-179.63036852865545,timeout,0.54,3462.95849609375,142.01571655273438,93.14702606201172,bfm_angles
2690,134,10006373,-135.6885936976736,timeout,0.54,3462.95849609375,142.01571655273438,93.14702606201172,bfm_angles
2691,134,10007393,1564.1021130929291,win,0.54,3169.040283203125,-31.600933074951172,-114.22161102294922,bfm_angles
2692,134,10008363,1582.3694292105588,win,0.54,3169.040283203125,-31.600933074951172,-114.22161102294922,bfm_angles
2693,134,10008762,1555.0752350055816,win,0.54,3231.1611328125,-141.922119140625,-45.085147857666016,bfm_angles
2694,134,10009162,1556.6903673723723,win,0.54,3231.1611328125,-141.922119140625,-45.085147857666016,bfm_angles
2695,134,10015162,-171.2825268929265,timeout,0.53,3948.63427734375,49.61201095581055,81.68318939208984,bfm_angles
2696,134,10021162,-62.19630395061782,timeout,0.52,3948.63427734375,49.61201095581055,81.68318939208984,bfm_angles
2697,134,10021428,1543.2753778276299,win,0.53,2145.83154296875,-99.32296752929688,52.4678955078125,bfm_angles
2698,134,10021690,1540.580565119141,win,0.54,2145.83154296875,-99.32296752929688,52.4678955078125,bfm_angles
2699,134,10027690,-131.5801115181471,timeout,0.54,4267.017578125,134.4989013671875,-170.138671875,bfm_angles
2700,134,10033690,-97.81068466224643,timeout,0.54,4267.017578125,134.4989013671875,-170.138671875,bfm_angles
2701,135,10034549,1656.0996856299635,win,0.55,3089.82861328125,-12.746294021606445,-62.5416259765625,bfm_angles
2702,135,10035404,1642.904442450741,win,0.56,3089.82861328125,-12.746294021606445,-62.5416259765625,bfm_angles
2703,135,10035768,1553.920799612898,win,0.57,3214.69775390625,165.18231201171875,40.30400848388672,bfm_angles
2704,135,10036085,1545.5943070113456,win,0.58,3214.69775390625,165.18231201171875,40.30400848388672,bfm_angles
2705,135,10042085,-139.82726627653918,timeout,0.58,3393.193115234375,171.69546508789062,149.4638671875,bfm_angles
2706,135,10048085,-201.1438253104166,timeout,0.57,3393.193115234375,171.69546508789062,149.4638671875,bfm_angles
2707,135,10054085,-173.78430813474796,timeout,0.56,3060.974609375,124.13996124267578,136.33399963378906,bfm_angles
2708,135,10060085,-232.8144182866396,timeout,0.55,3060.974609375,124.13996124267578,136.33399963378906,bfm_angles
2709,135,10060526,1547.5147384627357,win,0.56,3417.966796875,-166.23338317871094,90.8092269897461,bfm_angles
2710,135,10066526,-212.0082748765254,timeout,0.56,3417.966796875,-166.23338317871094,90.8092269897461,bfm_angles
2711,135,10072526,-69.64369668819828,timeout,0.55,3423.27490234375,45.518699645996094,154.96151733398438,bfm_angles
2712,135,10078526,-194.39897945687423,timeout,0.54,3423.27490234375,45.518699645996094,154.96151733398438,bfm_angles
2713,135,10084526,-159.50874083867726,timeout,0.54,3144.44384765625,85.42835235595703,102.67117309570312,bfm_angles
2714,135,10085854,-951.5913746614451,loss,0.54,3144.44384765625,85.42835235595703,102.67117309570312,bfm_angles
2715,135,10091854,-278.66211288308835,timeout,0.54,2514.308349609375,-162.2954559326172,116.61002349853516,bfm_angles
2716,135,10097854,-271.9052739667272,timeout,0.54,2514.308349609375,-162.2954559326172,116.61002349853516,bfm_angles
2717,135,10098384,1550.925651757032,win,0.55,2964.26025390625,77.02649688720703,-74.85205841064453,bfm_angles
2718,135,10098913,1552.5243135122869,win,0.56,2964.26025390625,77.02649688720703,-74.85205841064453,bfm_angles
2719,135,10104913,-172.5321742235401,timeout,0.55,2437.86328125,-128.3217010498047,-128.1019287109375,bfm_angles
2720,135,10110913,-192.4913847726855,timeout,0.54,2437.86328125,-128.3217010498047,-128.1019287109375,bfm_angles
2721,136,10111251,1549.538882434028,win,0.55,2925.71923828125,156.30569458007812,31.986806869506836,bfm_angles
2722,136,10111589,1545.332112506987,win,0.55,2925.71923828125,156.30569458007812,31.986806869506836,bfm_angles
2723,136,10117589,-263.20063998077524,timeout,0.54,3087.19677734375,83.58211517333984,-168.99737548828125,bfm_angles
2724,136,10123589,-224.17505179226183,timeout,0.53,3087.19677734375,83.58211517333984,-168.99737548828125,bfm_angles
2725,136,10124261,1597.0864597438851,win,0.53,3157.7294921875,-22.92893409729004,21.326244354248047,bfm_angles
2726,136,10124943,1599.5178385637532,win,0.53,3157.7294921875,-22.92893409729004,21.326244354248047,bfm_angles
2727,136,10130943,-188.60696263924012,timeout,0.53,3383.03857421875,92.50533294677734,110.9385757446289,bfm_angles
2728,136,10136943,-208.49563537189428,timeout,0.53,3383.03857421875,92.50533294677734,110.9385757446289,bfm_angles
2729,136,10142943,-236.99248915106503,timeout,0.53,3055.351806640625,99.47267150878906,163.83645629882812,bfm_angles
2730,136,10148943,-239.05435151401025,timeout,0.53,3055.351806640625,99.47267150878906,163.83645629882812,bfm_angles
2731,136,10149874,1644.4018274516357,win,0.54,3071.02783203125,-24.53862953186035,-75.0910415649414,bfm_angles
2732,136,10155874,-99.18063724212776,timeout,0.53,3071.02783203125,-24.53862953186035,-75.0910415649414,bfm_angles
2733,136,10161874,-39.97343652328579,timeout,0.52,3595.87841796875,95.13561248779297,39.95460510253906,bfm_angles
2734,136,10167874,-95.37707809442156,timeout,0.51,3595.87841796875,95.13561248779297,39.95460510253906,bfm_angles
2735,136,10169618,-912.5697985966518,loss,0.51,3211.98876953125,163.96548461914062,49.69580078125,bfm_angles
2736,136,10169964,1545.6945066357775,win,0.52,3211.98876953125,163.96548461914062,49.69580078125,bfm_angles
2737,136,10175964,-246.15717054277212,timeout,0.51,4540.111328125,-177.9530487060547,103.38095092773438,bfm_angles
2738,136,10181964,-189.6634832101018,timeout,0.5,4540.111328125,-177.9530487060547,103.38095092773438,bfm_angles
2739,136,10187964,-295.6050004742325,timeout,0.49,3889.39697265625,169.26295471191406,-93.05142211914062,bfm_angles
2740,136,10188802,-1051.4443005828791,loss,0.48,3889.39697265625,169.26295471191406,-93.05142211914062,bfm_angles
2741,137,10189514,1581.238696862252,win,0.48,3495.3154296875,-93.26878356933594,-86.97753143310547,bfm_angles
2742,137,10190253,1581.5573937982347,win,0.48,3495.3154296875,-93.26878356933594,-86.97753143310547,bfm_angles
2743,137,10190706,1575.3804443621627,win,0.49,3267.896484375,-89.98422241210938,5.237033367156982,bfm_angles
2744,137,10191173,1581.924005442587,win,0.5,3267.896484375,-89.98422241210938,5.237033367156982,bfm_angles
2745,137,10192532,1554.513817893837,win,0.5,3173.9892578125,13.12270450592041,124.00944519042969,bfm_angles
2746,137,10193882,1567.7452383898622,win,0.5,3173.9892578125,13.12270450592041,124.00944519042969,bfm_angles
2747,137,10194184,1550.066450162462,win,0.5,3262.9912109375,166.24920654296875,17.418800354003906,bfm_angles
2748,137,10194492,1547.464542295524,win,0.5,3262.9912109375,166.24920654296875,17.418800354003906,bfm_angles
2749,137,10200492,-204.45802278501674,timeout,0.49,3379.935302734375,-173.63743591308594,117.6827163696289,bfm_angles
2750,137,10206492,-197.11412709431858,timeout,0.48,3379.935302734375,-173.63743591308594,117.6827163696289,bfm_angles
2751,137,10212492,-149.46937147944115,timeout,0.47,3171.18798828125,134.83848571777344,142.52825927734375,bfm_angles
2752,137,10218492,-144.6373798240372,timeout,0.46,3171.18798828125,134.83848571777344,142.52825927734375,bfm_angles
2753,137,10219360,1649.974984253523,win,0.46,3307.63671875,-30.173723220825195,-40.554039001464844,bfm_angles
2754,137,10222006,1868.7937635442556,win,0.46,3307.63671875,-30.173723220825195,-40.554039001464844,bfm_angles
2755,137,10228006,-147.5206662427131,timeout,0.45,4153.67919921875,123.76322937011719,-132.94381713867188,bfm_angles
2756,137,10234006,-197.16700797777287,timeout,0.44,4153.67919921875,123.76322937011719,-132.94381713867188,bfm_angles
2757,137,10240006,-167.79124851042354,timeout,0.44,3451.595703125,150.59963989257812,-134.49012756347656,bfm_angles
2758,137,10246006,-195.73390154790962,timeout,0.44,3451.595703125,150.59963989257812,-134.49012756347656,bfm_angles
2759,137,10252006,-159.75520286654293,timeout,0.43,2722.294921875,136.80154418945312,93.54137420654297,bfm_angles
2760,137,10258006,-173.94713833155632,timeout,0.42,2722.294921875,136.80154418945312,93.54137420654297,bfm_angles
2761,138,10258773,1551.8347621725209,win,0.43,3006.30859375,28.548755645751953,-70.85858917236328,bfm_angles
2762,138,10259536,1550.6301215403623,win,0.44,3006.30859375,28.548755645751953,-70.85858917236328,bfm_angles
2763,138,10265536,-309.8895502042671,timeout,0.43,3260.90771484375,158.3334503173828,-19.720308303833008,bfm_angles
2764,138,10265845,1549.894632837856,win,0.43,3260.90771484375,158.3334503173828,-19.720308303833008,bfm_angles
2765,138,10271845,-161.79642465405098,timeout,0.43,3608.60693359375,93.3235092163086,38.09998321533203,bfm_angles
2766,138,10273762,-932.0506644476509,loss,0.43,3608.60693359375,93.3235092163086,38.09998321533203,bfm_angles
2767,138,10274126,1539.9924021718116,win,0.43,3380.11181640625,171.406494140625,58.876136779785156,bfm_angles
2768,138,10275868,-918.9309134882365,loss,0.42,3380.11181640625,171.406494140625,58.876136779785156,bfm_angles
2769,138,10276277,1552.8746994827636,win,0.43,3562.65673828125,-120.38756561279297,17.418672561645508,bfm_angles
2770,138,10276696,1557.3813667305317,win,0.44,3562.65673828125,-120.38756561279297,17.418672561645508,bfm_angles
2771,138,10278616,-1521.3652026617146,crash,0.44,3011.64697265625,-17.095224380493164,-125.95277404785156,bfm_angles
2772,138,10279864,1286.0966011443893,win,0.45,3011.64697265625,-17.095224380493164,-125.95277404785156,bfm_angles
2773,138,10280309,-972.2205109690977,loss,0.45,3261.74951171875,170.82025146484375,79.57136535644531,bfm_angles
2774,138,10280738,-966.2180329354811,loss,0.44,3261.74951171875,170.82025146484375,79.57136535644531,bfm_angles
2775,138,10280999,1577.216846621887,win,0.45,1948.3165283203125,-85.51429748535156,6.655372619628906,bfm_angles
2776,138,10281263,1575.94185551226,win,0.46,1948.3165283203125,-85.51429748535156,6.655372619628906,bfm_angles
2777,138,10286736,-1127.6136338952874,loss,0.45,3080.4599609375,169.61300659179688,177.4642791748047,bfm_angles
2778,138,10292736,-44.326456198657354,timeout,0.44,3080.4599609375,169.61300659179688,177.4642791748047,bfm_angles
2779,138,10292979,1541.8988659721222,win,0.45,2724.460693359375,-175.63931274414062,27.248821258544922,bfm_angles
2780,138,10293223,1536.9074590502491,win,0.46,2724.460693359375,-175.63931274414062,27.248821258544922,bfm_angles
2781,139,10293530,1542.932727071,win,0.47,3078.57080078125,-178.32044982910156,51.95201110839844,bfm_angles
2782,139,10299530,-127.438925672024,timeout,0.47,3078.57080078125,-178.32044982910156,51.95201110839844,bfm_angles
2783,139,10300003,1558.7811987350794,win,0.47,3434.0,173.69158935546875,74.45769500732422,bfm_angles
2784,139,10306003,-99.47006741135127,timeout,0.46,3434.0,173.69158935546875,74.45769500732422,bfm_angles
2785,139,10312003,-1419.589645014137,timeout,0.45,3221.843017578125,-176.78518676757812,-64.2287826538086,bfm_angles
2786,139,10312362,1552.2067072710183,win,0.45,3221.843017578125,-176.78518676757812,-64.2287826538086,bfm_angles
2787,139,10318362,-120.8258712119139,timeout,0.44,3050.273681640625,-3.0188488960266113,178.69732666015625,bfm_angles
2788,139,10324362,-78.41828406818003,timeout,0.43,3050.273681640625,-3.0188488960266113,178.69732666015625,bfm_angles
2789,139,10330362,-318.57405814752343,timeout,0.43,3233.29931640625,133.3595428466797,85.22982788085938,bfm_angles
2790,139,10336362,-628.7052278571435,timeout,0.43,3233.29931640625,133.3595428466797,85.22982788085938,bfm_angles
2791,139,10340434,-1080.9668800528802,loss,0.42,3540.463623046875,152.81930541992188,135.1438446044922,bfm_angles
2792,139,10345557,-1076.2937840922123,loss,0.41,3540.463623046875,152.81930541992188,135.1438446044922,bfm_angles
2793,139,10351557,-254.53434005592598,timeout,0.4,3326.28271484375,151.6005401611328,83.42222595214844,bfm_angles
2794,139,10357557,-255.4897584790909,timeout,0.39,3326.28271484375,151.6005401611328,83.42222595214844,bfm_angles
2795,139,10363557,-1310.2452868263028,timeout,0.39,4171.0322265625,12.089104652404785,139.54962158203125,bfm_angles
2796,139,10369557,-101.40609064159767,timeout,0.39,4171.0322265625,12.089104652404785,139.54962158203125,bfm_angles
2797,139,10375557,-251.95846049036342,timeout,0.38,4620.9482421875,2.424370765686035,149.48947143554688,bfm_angles
2798,139,10381557,24.04640597019877,timeout,0.37,4620.9482421875,2.424370765686035,149.48947143554688,bfm_angles
2799,139,10382290,1522.6444584714395,win,0.38,2988.974853515625,-21.505224227905273,72.60456085205078,bfm_angles
2800,139,10383005,1515.908695681419,win,0.39,2988.974853515625,-21.505224227905273,72.60456085205078,bfm_angles
2801,140,10384704,-1272.7428913184224,loss,0.38,3129.859375,-49.756832122802734,-118.4880599975586,bfm_angles
2802,140,10390704,-339.6701042126072,timeout,0.37,3129.859375,-49.756832122802734,-118.4880599975586,bfm_angles
2803,140,10391591,1558.6226506141477,win,0.37,3170.127685546875,0.538240909576416,-76.6370849609375,bfm_angles
2804,140,10392477,1556.7287663168263,win,0.37,3170.127685546875,0.538240909576416,-76.6370849609375,bfm_angles
2805,140,10398477,-340.7718108055202,timeout,0.37,3553.514892578125,176.4271240234375,84.93560791015625,bfm_angles
2806,140,10404477,-185.88231674889303,timeout,0.37,3553.514892578125,176.4271240234375,84.93560791015625,bfm_angles
2807,140,10410477,-285.335961614945,timeout,0.37,3193.95849609375,136.66249084472656,70.77729797363281,bfm_angles
2808,140,10416477,-275.10367600686834,timeout,0.37,3193.95849609375,136.66249084472656,70.77729797363281,bfm_angles
2809,140,10422477,-210.6984005556792,timeout,0.36,2974.10546875,-7.587708473205566,126.11652374267578,bfm_angles
2810,140,10428477,-214.2572208109545,timeout,0.36,2974.10546875,-7.587708473205566,126.11652374267578,bfm_angles
2811,140,10428821,1552.7456154530985,win,0.37,3067.136474609375,135.3829803466797,-29.736690521240234,bfm_angles
2812,140,10429163,1547.5463565811704,win,0.38,3067.136474609375,135.3829803466797,-29.736690521240234,bfm_angles
2813,140,10429681,1578.498822906692,win,0.39,3338.81982421875,-74.90153503417969,13.362967491149902,bfm_angles
2814,140,10430184,1579.4667693216632,win,0.4,3338.81982421875,-74.90153503417969,13.362967491149902,bfm_angles
2815,140,10430663,1540.696561510809,win,0.41,3973.731689453125,157.8369598388672,-41.985923767089844,bfm_angles
2816,140,10431075,1544.4364278983755,win,0.42,3973.731689453125,157.8369598388672,-41.985923767089844,bfm_angles
2817,140,10437075,-59.684598775698404,timeout,0.41,4557.96337890625,-93.95284271240234,-103.77239227294922,bfm_angles
2818,140,10443075,-51.55975850230761,timeout,0.4,4557.96337890625,-93.95284271240234,-103.77239227294922,bfm_angles
2819,140,10443562,1553.5767643261381,win,0.41,4697.814453125,-158.3900604248047,11.525007247924805,bfm_angles
2820,140,10444045,1552.5363968105255,win,0.42,4697.814453125,-158.3900604248047,11.525007247924805,bfm_angles
2821,141,10444413,1543.2602528957157,win,0.42,3504.568359375,-149.58934020996094,-13.620317459106445,bfm_angles
2822,141,10444773,1553.3882545340196,win,0.42,3504.568359375,-149.58934020996094,-13.620317459106445,bfm_angles
2823,141,10450773,-356.27700790535596,timeout,0.42,3159.33349609375,76.98837280273438,90.25088500976562,bfm_angles
2824,141,10456773,-216.69263754707507,timeout,0.42,3159.33349609375,76.98837280273438,90.25088500976562,bfm_angles
2825,141,10462773,-173.13784553101797,timeout,0.41,3172.428466796875,-61.43782043457031,126.39811706542969,bfm_angles
2826,141,10468773,-135.19522091379207,timeout,0.4,3172.428466796875,-61.43782043457031,126.39811706542969,bfm_angles
2827,141,10469191,1540.8904912728183,win,0.41,3461.951171875,-174.01258850097656,80.34480285644531,bfm_angles
2828,141,10469608,-987.6331296893693,loss,0.41,3461.951171875,-174.01258850097656,80.34480285644531,bfm_angles
2829,141,10475608,-250.1274051607725,timeout,0.41,3286.02490234375,153.92189025878906,111.68221282958984,bfm_angles
2830,141,10481608,-219.95063428188467,timeout,0.41,3286.02490234375,153.92189025878906,111.68221282958984,bfm_angles
2831,141,10487608,-158.84863771661443,timeout,0.4,3299.630615234375,-133.82083129882812,168.74871826171875,bfm_angles
2832,141,10493608,-139.70505720407215,timeout,0.4,3299.630615234375,-133.82083129882812,168.74871826171875,bfm_angles
2833,141,10494039,-981.8112907703662,loss,0.4,3208.55126953125,160.83453369140625,81.28580474853516,bfm_angles
2834,141,10494526,-1021.5144483090077,loss,0.4,3208.55126953125,160.83453369140625,81.28580474853516,bfm_angles
2835,141,10500526,2.8428319865379374,timeout,0.4,4068.83984375,41.46867752075195,106.80878448486328,bfm_angles
2836,141,10501885,1524.2358805831338,win,0.4,4068.83984375,41.46867752075195,106.80878448486328,bfm_angles
2837,141,10507885,-149.29922814538537,timeout,0.4,4208.32958984375,-88.40931701660156,155.02096557617188,bfm_angles
2838,141,10512864,-1073.9278349464487,loss,0.4,4208.32958984375,-88.40931701660156,155.02096557617188,bfm_angles
2839,141,10518224,-1013.0236349074733,loss,0.4,3073.925537109375,-1.2268471717834473,147.82077026367188,bfm_angles
2840,141,10524224,-132.7822813385649,timeout,0.4,3073.925537109375,-1.2268471717834473,147.82077026367188,bfm_angles
2841,142,10530224,-221.04125742652573,timeout,0.39,3087.625,134.00392150878906,108.00983428955078,bfm_angles
2842,142,10536224,-232.94524887814583,timeout,0.38,3087.625,134.00392150878906,108.00983428955078,bfm_angles
2843,142,10536640,1540.4019154610198,win,0.38,3318.107177734375,-155.5419464111328,85.74427032470703,bfm_angles
2844,142,10537066,-981.3936333556691,loss,0.37,3318.107177734375,-155.5419464111328,85.74427032470703,bfm_angles
2845,142,10537436,1541.2280798623085,win,0.37,3534.358154296875,162.2814178466797,-39.641326904296875,bfm_angles
2846,142,10537804,1548.0263088234651,win,0.37,3534.358154296875,162.2814178466797,-39.641326904296875,bfm_angles
2847,142,10538101,1544.326194356918,win,0.37,3093.42138671875,-162.65646362304688,-26.733572006225586,bfm_angles
2848,142,10538397,1548.1299057549063,win,0.37,3093.42138671875,-162.65646362304688,-26.733572006225586,bfm_angles
2849,142,10538757,1543.1880512158862,win,0.38,3322.67529296875,134.69158935546875,-29.367740631103516,bfm_angles
2850,142,10539123,1545.2035078404556,win,0.39,3322.67529296875,134.69158935546875,-29.367740631103516,bfm_angles
2851,142,10545123,-220.2990072234109,timeout,0.39,3300.408935546875,176.81027221679688,-136.42332458496094,bfm_angles
2852,142,10551123,-248.26258076537633,timeout,0.39,3300.408935546875,176.81027221679688,-136.42332458496094,bfm_angles
2853,142,10551511,1542.9449064058374,win,0.39,3088.39404296875,112.27222442626953,-31.532012939453125,bfm_angles
2854,142,10551893,1548.9792410383832,win,0.39,3088.39404296875,112.27222442626953,-31.532012939453125,bfm_angles
2855,142,10552541,1568.9492471339636,win,0.4,4792.775390625,154.47471618652344,85.04454803466797,bfm_angles
2856,142,10558541,-115.6992348049638,timeout,0.4,4792.775390625,154.47471618652344,85.04454803466797,bfm_angles
2857,142,10559002,1554.0558049759445,win,0.41,3821.66455078125,-168.8979034423828,82.4652328491211,bfm_angles
2858,142,10565002,-169.7128471999333,timeout,0.41,3821.66455078125,-168.8979034423828,82.4652328491211,bfm_angles
2859,142,10565410,1549.2855520013916,win,0.42,3399.98046875,-156.30743408203125,-65.42096710205078,bfm_angles
2860,142,10565793,1538.772922754512,win,0.43,3399.98046875,-156.30743408203125,-65.42096710205078,bfm_angles
2861,143,10566121,1547.77291314382,win,0.43,3196.00927734375,152.525390625,-49.32128143310547,bfm_angles
2862,143,10566444,1548.1843350609238,win,0.43,3196.00927734375,152.525390625,-49.32128143310547,bfm_angles
2863,143,10566883,-979.3111598596156,loss,0.43,3490.7529296875,161.26119995117188,79.6772689819336,bfm_angles
2864,143,10567326,-977.236831181203,loss,0.42,3490.7529296875,161.26119995117188,79.6772689819336,bfm_angles
2865,143,10567633,1546.741759227996,win,0.43,2924.38720703125,138.43174743652344,-50.924354553222656,bfm_angles
2866,143,10567958,1547.0787014308855,win,0.44,2924.38720703125,138.43174743652344,-50.924354553222656,bfm_angles
2867,143,10568688,1543.628495706634,win,0.44,3170.51123046875,-43.066619873046875,98.65231323242188,bfm_angles
2868,143,10569419,1553.5803823520387,win,0.45,3170.51123046875,-43.066619873046875,98.65231323242188,bfm_angles
2869,143,10570145,1622.790095048957,win,0.45,3479.43994140625,-56.885658264160156,-25.499608993530273,bfm_angles
2870,143,10570837,1616.677212048517,win,0.45,3479.43994140625,-56.885658264160156,-25.499608993530273,bfm_angles
2871,143,10571308,-954.0366891463273,loss,0.45,3339.717041015625,114.91132354736328,-83.6645278930664,bfm_angles
2872,143,10577308,-122.93174199786024,timeout,0.44,3339.717041015625,114.91132354736328,-83.6645278930664,bfm_angles
2873,143,10583308,-105.15902997575539,timeout,0.44,3320.62744140625,116.31578826904297,43.9727668762207,bfm_angles
2874,143,10589308,-147.56621752183798,timeout,0.44,3320.62744140625,116.31578826904297,43.9727668762207,bfm_angles
2875,143,10589562,1544.7823468020106,win,0.44,2399.124755859375,170.52574157714844,-34.34641647338867,bfm_angles
2876,143,10589773,1535.866229930325,win,0.44,2399.124755859375,170.52574157714844,-34.34641647338867,bfm_angles
2877,143,10590786,1562.366151571259,win,0.45,3187.33544921875,40.7714729309082,-134.48220825195312,bfm_angles
2878,143,10591821,1546.4529588396397,win,0.46,3187.33544921875,40.7714729309082,-134.48220825195312,bfm_angles
2879,143,10592689,1532.7664806790433,win,0.46,4720.6484375,-36.936527252197266,39.377349853515625,bfm_angles
2880,143,10593569,1527.7661065436835,win,0.46,4720.6484375,-36.936527252197266,39.377349853515625,bfm_angles
2881,144,10599569,-116.4673285735193,timeout,0.45,2789.160888671875,-35.5826301574707,-116.68777465820312,bfm_angles
2882,144,10600798,1533.047061329349,win,0.46,2789.160888671875,-35.5826301574707,-116.68777465820312,bfm_angles
2883,144,10601210,-978.7725842673262,loss,0.45,3242.3154296875,159.3558349609375,67.56756591796875,bfm_angles
2884,144,10601604,-977.2114216763632,loss,0.45,3242.3154296875,159.3558349609375,67.56756591796875,bfm_angles
2885,144,10607604,-206.36005315956564,timeout,0.45,3010.5849609375,137.76771545410156,154.15997314453125,bfm_angles
2886,144,10613604,-174.59247902832112,timeout,0.44,3010.5849609375,137.76771545410156,154.15997314453125,bfm_angles
2887,144,10613923,1548.5182082872734,win,0.45,3282.30712890625,-171.63461303710938,25.35843276977539,bfm_angles
2888,144,10614241,1549.1935960491896,win,0.46,3282.30712890625,-171.63461303710938,25.35843276977539,bfm_angles
2889,144,10620241,-208.28530676136924,timeout,0.46,3134.61962890625,-17.184282302856445,127.2716293334961,bfm_angles
2890,144,10623232,-1033.0272258759405,loss,0.46,3134.61962890625,-17.184282302856445,127.2716293334961,bfm_angles
2891,144,10623655,1553.305530450141,win,0.47,3382.15869140625,-161.30877685546875,54.37052917480469,bfm_angles
2892,144,10624005,1542.4207712287853,win,0.48,3382.15869140625,-161.30877685546875,54.37052917480469,bfm_angles
2893,144,10630005,-249.66475537939078,timeout,0.48,2916.28369140625,143.72171020507812,-115.85559844970703,bfm_angles
2894,144,10636005,-248.2805364368352,timeout,0.48,2916.28369140625,143.72171020507812,-115.85559844970703,bfm_angles
2895,144,10637133,1481.7947157770593,win,0.49,2958.038818359375,9.175125122070312,41.75870895385742,bfm_angles
2896,144,10638222,1541.4609683868227,win,0.5,2958.038818359375,9.175125122070312,41.75870895385742,bfm_angles
2897,144,10639046,1617.673557485,win,0.51,4935.08642578125,-33.71434783935547,4.161385536193848,bfm_angles
2898,144,10639860,1609.356787349907,win,0.52,4935.08642578125,-33.71434783935547,4.161385536193848,bfm_angles
2899,144,10640219,1551.2074248560991,win,0.52,3191.889892578125,-171.57313537597656,43.36834716796875,bfm_angles
2900,144,10643301,-1043.228301832717,loss,0.51,3191.889892578125,-171.57313537597656,43.36834716796875,bfm_angles
2901,145,10645222,-994.8554481530666,loss,0.51,3203.384765625,147.98670959472656,113.42314910888672,bfm_angles
2902,145,10648779,-1066.5463765650313,loss,0.51,3203.384765625,147.98670959472656,113.42314910888672,bfm_angles
2903,145,10649518,1558.5276747104601,win,0.51,3335.62548828125,36.52615737915039,-69.01675415039062,bfm_angles
2904,145,10650262,1535.2809155713426,win,0.51,3335.62548828125,36.52615737915039,-69.01675415039062,bfm_angles
2905,145,10656262,-219.9982666441381,timeout,0.51,2877.8134765625,142.61940002441406,92.7319564819336,bfm_angles
2906,145,10662262,-200.01845728233474,timeout,0.51,2877.8134765625,142.61940002441406,92.7319564819336,bfm_angles
2907,145,10664612,-1045.4455088691916,loss,0.51,3176.614013671875,-158.47695922851562,99.76533508300781,bfm_angles
2908,145,10665835,-1008.7024928199646,loss,0.51,3176.614013671875,-158.47695922851562,99.76533508300781,bfm_angles
2909,145,10668222,-995.7233579879484,loss,0.51,3154.590576171875,139.15501403808594,143.9250946044922,bfm_angles
2910,145,10670488,-942.426609227106,loss,0.51,3154.590576171875,139.15501403808594,143.9250946044922,bfm_angles
2911,145,10670852,1549.3582655190712,win,0.51,3314.52099609375,146.88426208496094,-29.555967330932617,bfm_angles
2912,145,10676852,-202.12284390463245,timeout,0.5,3314.52099609375,146.88426208496094,-29.555967330932617,bfm_angles
2913,145,10679361,-972.7167932875257,loss,0.49,3099.91259765625,138.5944061279297,132.4159393310547,bfm_angles
2914,145,10680890,-957.6655264841457,loss,0.48,3099.91259765625,138.5944061279297,132.4159393310547,bfm_angles
2915,145,10681407,1568.3219508243453,win,0.48,4802.67431640625,-154.89044189453125,-15.951249122619629,bfm_angles
2916,145,10681918,1566.2545568858425,win,0.48,4802.67431640625,-154.89044189453125,-15.951249122619629,bfm_angles
2917,145,10684755,1541.119859243746,win,0.49,2652.410888671875,-126.41780090332031,104.17066955566406,bfm_angles
2918,145,10687101,-1011.7431409740524,loss,0.49,2652.410888671875,-126.41780090332031,104.17066955566406,bfm_angles
2919,145,10687499,1552.3864720479028,win,0.49,3596.09228515625,-144.56863403320312,58.45758056640625,bfm_angles
2920,145,10687899,1549.1513676852014,win,0.49,3596.09228515625,-144.56863403320312,58.45758056640625,bfm_angles
2921,146,10693899,-50.66662208238643,timeout,0.48,3056.50048828125,-15.780303955078125,-86.2283935546875,bfm_angles
2922,146,10695051,1660.7572730921247,win,0.48,3056.50048828125,-15.780303955078125,-86.2283935546875,bfm_angles
2923,146,10699386,1381.2464189815266,win,0.49,3316.142578125,-8.592222213745117,4.0224080085754395,bfm_angles
2924,146,10700267,1506.3135937469167,win,0.5,3316.142578125,-8.592222213745117,4.0224080085754395,bfm_angles
2925,146,10706267,-283.2434520331274,timeout,0.5,3005.21142578125,142.0226593017578,118.55426025390625,bfm_angles
2926,146,10712267,-226.81145078855047,timeout,0.5,3005.21142578125,142.0226593017578,118.55426025390625,bfm_angles
2927,146,10712620,1552.6355510476337,win,0.5,3597.69970703125,-158.49156188964844,-16.328418731689453,bfm_angles
2928,146,10712965,1549.8461536483592,win,0.51,3597.69970703125,-158.49156188964844,-16.328418731689453,bfm_angles
2929,146,10718965,-181.94008240206657,timeout,0.51,3304.13037109375,13.849098205566406,119.12413024902344,bfm_angles
2930,146,10724965,-125.08072944284335,timeout,0.51,3304.13037109375,13.849098205566406,119.12413024902344,bfm_angles
2931,146,10730965,-210.15737778787073,timeout,0.51,3326.10107421875,-164.853515625,141.22393798828125,bfm_angles
2932,146,10736965,-257.9687092509435,timeout,0.51,3326.10107421875,-164.853515625,141.22393798828125,bfm_angles
2933,146,10742965,-207.12991852825292,timeout,0.51,3274.96923828125,56.559173583984375,169.7001495361328,bfm_angles
2934,146,10748965,-202.16925205831404,timeout,0.51,3274.96923828125,56.559173583984375,169.7001495361328,bfm_angles
2935,146,10749457,1558.8113327027195,win,0.52,4594.29296875,158.04806518554688,-40.479618072509766,bfm_angles
2936,146,10750024,1568.3514337540619,win,0.52,4594.29296875,158.04806518554688,-40.479618072509766,bfm_angles
2937,146,10756024,-193.1728337034058,timeout,0.52,4610.8876953125,-137.97576904296875,161.88113403320312,bfm_angles
2938,146,10762024,-128.51432650706815,timeout,0.52,4610.8876953125,-137.97576904296875,161.88113403320312,bfm_angles
2939,146,10762560,1583.3068074424652,win,0.53,2646.2802734375,-39.13237380981445,59.458126068115234,bfm_angles
2940,146,10763089,1565.7667761946623,win,0.54,2646.2802734375,-39.13237380981445,59.458126068115234,bfm_angles
2941,147,10763928,1569.049282344226,win,0.55,3188.71044921875,-15.937743186950684,106.21699523925781,bfm_angles
2942,147,10764784,1563.9850180960373,win,0.56,3188.71044921875,-15.937743186950684,106.21699523925781,bfm_angles
2943,147,10765563,1592.8613257762665,win,0.56,3423.671142578125,-9.549798965454102,34.18122482299805,bfm_angles
2944,147,10766334,1600.112889499207,win,0.57,3423.671142578125,-9.549798965454102,34.18122482299805,bfm_angles
2945,147,10767535,1577.8784831688101,win,0.57,3197.88134765625,-31.928211212158203,-136.89056396484375,bfm_angles
2946,147,10771897,-908.302809849349,loss,0.56,3197.88134765625,-31.928211212158203,-136.89056396484375,bfm_angles
2947,147,10772535,1587.5579902614272,win,0.56,3634.093505859375,-51.605926513671875,15.916125297546387,bfm_angles
2948,147,10773184,1588.3063464784773,win,0.56,3634.093505859375,-51.605926513671875,15.916125297546387,bfm_angles
2949,147,10779184,-95.16296474429541,timeout,0.55,3298.505615234375,-26.27719497680664,-169.4851837158203,bfm_angles
2950,147,10785184,-89.06210538477158,timeout,0.54,3298.505615234375,-26.27719497680664,-169.4851837158203,bfm_angles
2951,147,10785497,1543.4299392812636,win,0.55,3328.11669921875,164.4918212890625,7.5680742263793945,bfm_angles
2952,147,10785860,1556.5454581599874,win,0.56,3328.11669921875,164.4918212890625,7.5680742263793945,bfm_angles
2953,147,10791860,-179.2679283625613,timeout,0.55,3042.81884765625,154.38352966308594,167.4328155517578,bfm_angles
2954,147,10797860,-213.0710892869035,timeout,0.54,3042.81884765625,154.38352966308594,167.4328155517578,bfm_angles
2955,147,10798193,1550.1369877667983,win,0.54,2713.51123046875,-149.71217346191406,-38.6551628112793,bfm_angles
2956,147,10799143,1596.9133645148954,win,0.55,2713.51123046875,-149.71217346191406,-38.6551628112793,bfm_angles
2957,147,10800219,-1071.4468691814568,loss,0.54,2323.53857421875,16.276227951049805,41.263057708740234,bfm_angles
2958,147,10806219,-693.2391721458291,timeout,0.54,2323.53857421875,16.276227951049805,41.263057708740234,bfm_angles
2959,147,10812219,-76.7207167306447,timeout,0.53,4670.2109375,-76.61040496826172,-151.36058044433594,bfm_angles
2960,147,10818219,-99.2470680009105,timeout,0.52,4670.2109375,-76.61040496826172,-151.36058044433594,bfm_angles
2961,148,10824219,-87.03134943574479,timeout,0.51,3037.69970703125,-3.786945104598999,176.39401245117188,bfm_angles
2962,148,10826072,-955.278564181443,loss,0.5,3037.69970703125,-3.786945104598999,176.39401245117188,bfm_angles
2963,148,10827677,1542.819085084502,win,0.51,3140.034912109375,27.384721755981445,-162.7394561767578,bfm_angles
2964,148,10829508,-952.1216310257611,loss,0.51,3140.034912109375,27.384721755981445,-162.7394561767578,bfm_angles
2965,148,10829867,1548.1127863575946,win,0.51,3199.77978515625,-138.8968048095703,66.645751953125,bfm_angles
2966,148,10835867,-78.01681560376633,timeout,0.5,3199.77978515625,-138.8968048095703,66.645751953125,bfm_angles
2967,148,10836570,1541.9083502768146,win,0.5,3044.697265625,35.70954513549805,-68.79539489746094,bfm_angles
2968,148,10837324,1555.371247901898,win,0.5,3044.697265625,35.70954513549805,-68.79539489746094,bfm_angles
2969,148,10837647,1551.6922430957356,win,0.5,3307.893798828125,174.3387908935547,-30.82867431640625,bfm_angles
2970,148,10837973,1549.0765459716818,win,0.5,3307.893798828125,174.3387908935547,-30.82867431640625,bfm_angles
2971,148,10839077,1583.8028826408429,win,0.51,3487.073486328125,-119.43412017822266,-3.3239736557006836,bfm_angles
2972,148,10839521,1563.7002428825767,win,0.52,3487.073486328125,-119.43412017822266,-3.3239736557006836,bfm_angles
2973,148,10840592,1602.4207488007216,win,0.53,2880.1943359375,-24.180723190307617,-99.77983856201172,bfm_angles
2974,148,10841730,1606.5567567037438,win,0.54,2880.1943359375,-24.180723190307617,-99.77983856201172,bfm_angles
2975,148,10842618,1558.57494337188,win,0.54,4849.13818359375,-27.677724838256836,58.148292541503906,bfm_angles
2976,148,10843485,1545.833891283129,win,0.54,4849.13818359375,-27.677724838256836,58.148292541503906,bfm_angles
2977,148,10843717,1534.9686192602016,win,0.54,2647.9873046875,174.23204040527344,18.722759246826172,bfm_angles
2978,148,10843950,1533.2353404556231,win,0.54,2647.9873046875,174.23204040527344,18.722759246826172,bfm_angles
2979,148,10844468,1543.9682933996833,win,0.54,2140.5791015625,79.4757080078125,-110.56632232666016,bfm_angles
2980,148,10844981,1544.9015159468695,win,0.54,2140.5791015625,79.4757080078125,-110.56632232666016,bfm_angles
2981,149,10846141,1582.401286628972,win,0.55,3293.742431640625,-27.00250816345215,-124.13568115234375,bfm_angles
2982,149,10847290,1586.438440965107,win,0.55,3293.742431640625,-27.00250816345215,-124.13568115234375,bfm_angles
2983,149,10853290,-155.52951622630576,timeout,0.55,3055.87158203125,143.8533935546875,90.90975952148438,bfm_angles
2984,149,10859290,-184.4051676042167,timeout,0.55,3055.87158203125,143.8533935546875,90.90975952148438,bfm_angles
2985,149,10865290,-164.87125435324157,timeout,0.55,3371.23291015625,173.48716735839844,93.02643585205078,bfm_angles
2986,149,10871290,-164.1178840790398,timeout,0.55,3371.23291015625,173.48716735839844,93.02643585205078,bfm_angles
2987,149,10872116,1564.94297208347,win,0.55,3450.35888671875,-20.982410430908203,72.0328140258789,bfm_angles
2988,149,10872907,1564.433312294851,win,0.55,3450.35888671875,-20.982410430908203,72.0328140258789,bfm_angles
2989,149,10873240,1555.4621567174213,win,0.56,3461.52001953125,171.0455322265625,-11.774333000183105,bfm_angles
2990,149,10873573,1553.819687311254,win,0.57,3461.52001953125,171.0455322265625,-11.774333000183105,bfm_angles
2991,149,10873938,1543.8659906475793,win,0.57,3315.49951171875,177.91143798828125,65.5134506225586,bfm_angles
2992,149,10879938,-225.44373940587775,timeout,0.56,3315.49951171875,177.91143798828125,65.5134506225586,bfm_angles
2993,149,10880933,1618.808124159139,win,0.57,3125.5380859375,-168.24380493164062,-42.024600982666016,bfm_angles
2994,149,10881252,1544.8393840935382,win,0.58,3125.5380859375,-168.24380493164062,-42.024600982666016,bfm_angles
2995,149,10887252,-145.16526688136875,timeout,0.57,4294.1494140625,115.12642669677734,-163.298828125,bfm_angles
2996,149,10888075,1560.1605111294227,win,0.57,4294.1494140625,115.12642669677734,-163.298828125,bfm_angles
2997,149,10888487,1544.661319120254,win,0.57,3984.60498046875,157.46380615234375,28.38624382019043,bfm_angles
2998,149,10888899,1556.3953371822465,win,0.57,3984.60498046875,157.46380615234375,28.38624382019043,bfm_angles
2999,149,10889464,1559.3051168429777,win,0.57,4557.0400390625,135.87632751464844,-86.81378936767578,bfm_angles
3000,149,10890069,1577.4712187186265,win,0.58,4557.0400390625,135.87632751464844,-86.81378936767578,bfm_angles
3001,150,10890588,1544.1724680973853,win,0.59,3301.99560546875,135.9005889892578,-124.30445861816406,bfm_angles
3002,150,10891111,-972.5667354096512,loss,0.59,3301.99560546875,135.9005889892578,-124.30445861816406,bfm_angles
3003,150,10891520,1546.4760316257084,win,0.59,3358.32666015625,-99.85491943359375,31.71086883544922,bfm_angles
3004,150,10891958,1545.411545500613,win,0.59,3358.32666015625,-99.85491943359375,31.71086883544922,bfm_angles
3005,150,10893147,1540.243768525245,win,0.6,3338.027587890625,-22.09694480895996,174.51829528808594,bfm_angles
3006,150,10894474,1530.2075289076515,win,0.61,3338.027587890625,-22.09694480895996,174.51829528808594,bfm_angles
3007,150,10894834,1542.311101044718,win,0.62,3314.73291015625,162.41177368164062,-71.9968032836914,bfm_angles
3008,150,10895262,1562.6079098669827,win,0.63,3314.73291015625,162.41177368164062,-71.9968032836914,bfm_angles
3009,150,10901262,-219.8488102829012,timeout,0.63,3432.26904296875,149.00306701660156,65.09602355957031,bfm_angles
3010,150,10907262,-193.65079718190523,timeout,0.63,3432.26904296875,149.00306701660156,65.09602355957031,bfm_angles
3011,150,10907913,1561.8145419245448,win,0.63,3508.942626953125,-66.77286529541016,98.71155548095703,bfm_angles
3012,150,10908571,1566.3152032284863,win,0.64,3508.942626953125,-66.77286529541016,98.71155548095703,bfm_angles
3013,150,10908919,1543.2842123139305,win,0.65,3380.86572265625,-160.37777709960938,52.140316009521484,bfm_angles
3014,150,10909274,1551.5557584039202,win,0.66,3380.86572265625,-160.37777709960938,52.140316009521484,bfm_angles
3015,150,10909572,1545.7353653879713,win,0.66,2754.031494140625,118.18962097167969,-11.584625244140625,bfm_angles
3016,150,10909865,1538.8964604744676,win,0.66,2754.031494140625,118.18962097167969,-11.584625244140625,bfm_angles
3017,150,10910947,1481.1550378034794,win,0.66,2700.554931640625,-12.872776985168457,-144.4976806640625,bfm_angles
3018,150,10912126,1530.9027727363593,win,0.67,2700.554931640625,-12.872776985168457,-144.4976806640625,bfm_angles
3019,150,10918126,-66.11100916238843,timeout,0.66,2288.451171875,125.09672546386719,73.14005279541016,bfm_angles
3020,150,10920980,1504.6026318094662,win,0.66,2288.451171875,125.09672546386719,73.14005279541016,bfm_angles
3021,151,10922082,1556.007110026461,win,0.67,2957.4130859375,-27.995296478271484,-109.44111633300781,bfm_angles
3022,151,10923272,1515.9933427393073,win,0.67,2957.4130859375,-27.995296478271484,-109.44111633300781,bfm_angles
3023,151,10924176,1632.5154258557031,win,0.67,3180.8447265625,-15.135086059570312,-67.72342681884766,bfm_angles
3024,151,10925137,1610.2915007646106,win,0.67,3180.8447265625,-15.135086059570312,-67.72342681884766,bfm_angles
3025,151,10926913,1438.766032155981,win,0.68,3365.70703125,-45.83156967163086,-142.35134887695312,bfm_angles
3026,151,10928046,1537.1194164424246,win,0.69,3365.70703125,-45.83156967163086,-142.35134887695312,bfm_angles
3027,151,10928764,1567.1114601482382,win,0.69,3346.7587890625,-19.355541229248047,23.522838592529297,bfm_angles
3028,151,10929481,1636.3195641216346,win,0.69,3346.7587890625,-19.355541229248047,23.522838592529297,bfm_angles
3029,151,10935481,-203.76033041002339,timeout,0.69,3410.60888671875,159.63438415527344,118.31648254394531,bfm_angles
3030,151,10941481,-186.61501882465222,timeout,0.69,3410.60888671875,159.63438415527344,118.31648254394531,bfm_angles
3031,151,10942788,1435.807779724846,win,0.7,3388.224853515625,-142.7897186279297,73.04818725585938,bfm_angles
3032,151,10943183,1547.4020144644082,win,0.71,3388.224853515625,-142.7897186279297,73.04818725585938,bfm_angles
3033,151,10943604,1546.6644367199901,win,0.72,3380.36474609375,-120.56832885742188,21.159080505371094,bfm_angles
3034,151,10944009,1535.892636731325,win,0.73,3380.36474609375,-120.56832885742188,21.159080505371094,bfm_angles
3035,151,10944889,1622.6354304622628,win,0.73,2284.6455078125,10.311713218688965,43.83658218383789,bfm_angles
3036,151,10950889,-1253.8999203099888,timeout,0.72,2284.6455078125,10.311713218688965,43.83658218383789,bfm_angles
3037,151,10956889,-6.747986933586221,timeout,0.72,4151.244140625,54.4166374206543,124.22050476074219,bfm_angles
3038,151,10962889,-55.924550232808635,timeout,0.72,4151.244140625,54.4166374206543,124.22050476074219,bfm_angles
3039,151,10964157,1546.0411417447758,win,0.72,3474.62890625,50.5189094543457,-155.71466064453125,bfm_angles
3040,151,10968203,-1450.164757665594,loss,0.71,3474.62890625,50.5189094543457,-155.71466064453125,bfm_angles
3041,152,10974203,-50.11730161130762,timeout,0.7,3005.24658203125,27.4560604095459,154.98440551757812,bfm_angles
3042,152,10975506,1533.5564837747459,win,0.7,3005.24658203125,27.4560604095459,154.98440551757812,bfm_angles
3043,152,10981506,-89.40569089459726,timeout,0.69,3435.0849609375,-21.61123275756836,-24.60654640197754,bfm_angles
3044,152,10983335,-818.1643645401939,loss,0.68,3435.0849609375,-21.61123275756836,-24.60654640197754,bfm_angles
3045,152,10983725,1551.6583091240677,win,0.68,3386.8232421875,149.00955200195312,31.429962158203125,bfm_angles
3046,152,10984095,1553.4687920902145,win,0.69,3386.8232421875,149.00955200195312,31.429962158203125,bfm_angles
3047,152,10985291,1597.857426598122,win,0.69,3430.0947265625,170.91671752929688,68.92121124267578,bfm_angles
3048,152,10991291,-237.66402142940703,timeout,0.68,3430.0947265625,170.91671752929688,68.92121124267578,bfm_angles
3049,152,10997291,-213.8473107504213,timeout,0.68,3526.916015625,175.49099731445312,97.18399047851562,bfm_angles
3050,152,11003291,-208.57650387103678,timeout,0.68,3526.916015625,175.49099731445312,97.18399047851562,bfm_angles
3051,152,11004664,-993.0047175043442,loss,0.67,3251.240234375,129.63197326660156,-129.8223876953125,bfm_angles
3052,152,11005592,-1042.3131367500596,loss,0.66,3251.240234375,129.63197326660156,-129.8223876953125,bfm_angles
3053,152,11007495,-976.173368331237,loss,0.66,3029.66162109375,137.29917907714844,162.17001342773438,bfm_angles
3054,152,11013495,-173.99421013793773,timeout,0.66,3029.66162109375,137.29917907714844,162.17001342773438,bfm_angles
3055,152,11019495,-132.12936416152147,timeout,0.65,4946.71240234375,-139.60812377929688,141.14437866210938,bfm_angles
3056,152,11025495,-141.04705833770373,timeout,0.64,4946.71240234375,-139.60812377929688,141.14437866210938,bfm_angles
3057,152,11031495,-194.42104869330635,timeout,0.64,3590.84912109375,-172.69557189941406,137.3749237060547,bfm_angles
3058,152,11037495,-172.8354143900696,timeout,0.64,3590.84912109375,-172.69557189941406,137.3749237060547,bfm_angles
3059,152,11038106,1590.0130595543558,win,0.65,3586.73974609375,72.71925354003906,-30.8053035736084,bfm_angles
3060,152,11038689,1579.3124004194897,win,0.66,3586.73974609375,72.71925354003906,-30.8053035736084,bfm_angles
3061,153,11040217,1289.6727377358459,win,0.67,3188.59423828125,-3.0718493461608887,-132.2030792236328,bfm_angles
3062,153,11041211,1524.3405961574251,win,0.68,3188.59423828125,-3.0718493461608887,-132.2030792236328,bfm_angles
3063,153,11047211,-237.1798043219928,timeout,0.67,3199.39501953125,157.20655822753906,125.85585021972656,bfm_angles
3064,153,11053211,-247.00394587533978,timeout,0.67,3199.39501953125,157.20655822753906,125.85585021972656,bfm_angles
3065,153,11053505,1544.3166559895978,win,0.67,3201.73193359375,169.61480712890625,9.308029174804688,bfm_angles
3066,153,11053793,1532.5852710599754,win,0.68,3201.73193359375,169.61480712890625,9.308029174804688,bfm_angles
3067,153,11059793,-128.91621121155552,timeout,0.67,3162.400390625,145.40606689453125,-81.758544921875,bfm_angles
3068,153,11060257,1559.1469967530184,win,0.67,3162.400390625,145.40606689453125,-81.758544921875,bfm_angles
3069,153,11060916,-1005.1020158833618,loss,0.66,3232.22900390625,159.94830322265625,67.45348358154297,bfm_angles
3070,153,11061564,-1019.4327530680074,loss,0.65,3232.22900390625,159.94830322265625,67.45348358154297,bfm_angles
3071,153,11062027,1573.7801949604413,win,0.65,3252.988037109375,-88.62285614013672,12.11682415008545,bfm_angles
3072,153,11062554,1576.158223859,win,0.65,3252.988037109375,-88.62285614013672,12.11682415008545,bfm_angles
3073,153,11062890,1546.3795961433148,win,0.65,3500.2041015625,177.89553833007812,13.063470840454102,bfm_angles
3074,153,11063224,1548.6501724396658,win,0.65,3500.2041015625,177.89553833007812,13.063470840454102,bfm_angles
3075,153,11069224,-254.33817863418545,timeout,0.64,2566.528076171875,128.51266479492188,-150.52740478515625,bfm_angles
3076,153,11075224,-262.10176371403065,timeout,0.63,2566.528076171875,128.51266479492188,-150.52740478515625,bfm_angles
3077,153,11075894,1578.4828509698757,win,0.63,3093.094482421875,-18.961376190185547,58.45444107055664,bfm_angles
3078,153,11076549,1568.6513943558527,win,0.63,3093.094482421875,-18.961376190185547,58.45444107055664,bfm_angles
3079,153,11076973,1561.655151796095,win,0.63,3678.224609375,151.29473876953125,25.350053787231445,bfm_angles
3080,153,11077417,1567.2933192022156,win,0.63,3678.224609375,151.29473876953125,25.350053787231445,bfm_angles
3081,154,11083417,-297.8294669520047,timeout,0.62,3220.296875,-38.54103088378906,81.38079833984375,bfm_angles
3082,154,11089417,-293.1265431149385,timeout,0.61,3220.296875,-38.54103088378906,81.38079833984375,bfm_angles
3083,154,11089802,1558.6174187485856,win,0.62,3229.43115234375,126.710693359375,-38.52151107788086,bfm_angles
3084,154,11090188,1562.1456053465909,win,0.63,3229.43115234375,126.710693359375,-38.52151107788086,bfm_angles
3085,154,11090486,1543.0508873802166,win,0.64,3149.868408203125,-176.1072998046875,9.469621658325195,bfm_angles
3086,154,11090783,1545.3664367823294,win,0.65,3149.868408203125,-176.1072998046875,9.469621658325195,bfm_angles
3087,154,11096783,-133.17529935464015,timeout,0.64,3092.32568359375,1.06340754032135,169.19520568847656,bfm_angles
3088,154,11102783,-160.94864933549727,timeout,0.63,3092.32568359375,1.06340754032135,169.19520568847656,bfm_angles
3089,154,11108783,-237.65087299672527,timeout,0.62,3158.791015625,134.546630859375,130.83349609375,bfm_angles
3090,154,11114783,-160.58615651421957,timeout,0.61,3158.791015625,134.546630859375,130.83349609375,bfm_angles
3091,154,11115171,-970.6922202036483,loss,0.6,3490.94189453125,156.81680297851562,59.00193405151367,bfm_angles
3092,154,11115565,-968.4204263502684,loss,0.6,3490.94189453125,156.81680297851562,59.00193405151367,bfm_angles
3093,154,11116494,1491.4823565701574,win,0.6,3037.49462890625,8.720184326171875,44.665687561035156,bfm_angles
3094,154,11117439,1529.5648267602598,win,0.6,3037.49462890625,8.720184326171875,44.665687561035156,bfm_angles
3095,154,11123439,-90.97623085563801,timeout,0.6,3675.990234375,-30.332252502441406,174.0479736328125,bfm_angles
3096,154,11129439,-140.783871745001,timeout,0.59,3675.990234375,-30.332252502441406,174.0479736328125,bfm_angles
3097,154,11130759,1515.223590033865,win,0.59,4032.3828125,-174.21363830566406,-20.758180618286133,bfm_angles
3098,154,11131158,1559.3152280509946,win,0.59,4032.3828125,-174.21363830566406,-20.758180618286133,bfm_angles
3099,154,11131625,1592.4945497771644,win,0.59,3075.4267578125,-84.6249771118164,1.7860139608383179,bfm_angles
3100,154,11132177,1609.2782354196922,win,0.59,3075.4267578125,-84.6249771118164,1.7860139608383179,bfm_angles
3101,155,11132830,1568.1181638799485,win,0.59,3399.8076171875,73.16949462890625,-101.53360748291016,bfm_angles
3102,155,11133510,1568.563507037828,win,0.6,3399.8076171875,73.16949462890625,-101.53360748291016,bfm_angles
3103,155,11134666,1452.1860893509047,win,0.6,3182.676025390625,-6.798651695251465,-120.79093933105469,bfm_angles
3104,155,11140666,-325.3297774173587,timeout,0.59,3182.676025390625,-6.798651695251465,-120.79093933105469,bfm_angles
3105,155,11141536,-995.2954551588857,loss,0.58,3468.759033203125,-174.25787353515625,94.66252899169922,bfm_angles
3106,155,11147536,-239.91119526580334,timeout,0.57,3468.759033203125,-174.25787353515625,94.66252899169922,bfm_angles
3107,155,11153536,-152.19989005444543,timeout,0.56,3419.56982421875,-179.03233337402344,121.3822021484375,bfm_angles
3108,155,11159536,-140.32098076766746,timeout,0.55,3419.56982421875,-179.03233337402344,121.3822021484375,bfm_angles
3109,155,11160388,1539.1684677712026,win,0.56,3371.517578125,-34.456329345703125,112.24290466308594,bfm_angles
3110,155,11161237,1532.6649588900336,win,0.57,3371.517578125,-34.456329345703125,112.24290466308594,bfm_angles
3111,155,11162520,1462.744502252929,win,0.57,3210.49267578125,14.194080352783203,168.12864685058594,bfm_angles
3112,155,11163732,1461.5104555922253,win,0.57,3210.49267578125,14.194080352783203,168.12864685058594,bfm_angles
3113,155,11169732,-1338.5292223403953,timeout,0.56,3180.70947265625,7.284494876861572,162.66976928710938,bfm_angles
3114,155,11171990,1342.2688393611347,win,0.56,3180.70947265625,7.284494876861572,162.66976928710938,bfm_angles
3115,155,11177990,-189.19624224589336,timeout,0.55,2609.885009765625,49.8312873840332,127.57091522216797,bfm_angles
3116,155,11183990,-247.6327553467839,timeout,0.54,2609.885009765625,49.8312873840332,127.57091522216797,bfm_angles
3117,155,11189990,-200.99693130168237,timeout,0.53,2119.65673828125,-38.04534912109375,-161.6695098876953,bfm_angles
3118,155,11195990,-233.28085347549654,timeout,0.52,2119.65673828125,-38.04534912109375,-161.6695098876953,bfm_angles
3119,155,11197000,1513.6080406258166,win,0.53,5025.0966796875,18.305030822753906,-44.66902542114258,bfm_angles
3120,155,11197904,1520.0215930023144,win,0.53,5025.0966796875,18.305030822753906,-44.66902542114258,bfm_angles
3121,156,11203904,-211.4069170515698,timeout,0.52,3417.4306640625,153.2233428955078,91.33656311035156,bfm_angles
3122,156,11209904,-195.28960477887222,timeout,0.51,3417.4306640625,153.2233428955078,91.33656311035156,bfm_angles
3123,156,11210289,1549.4522642486832,win,0.51,3823.18994140625,170.762451171875,13.35084056854248,bfm_angles
3124,156,11210725,1560.0625738225942,win,0.51,3823.18994140625,170.762451171875,13.35084056854248,bfm_angles
3125,156,11216725,-238.72629434310494,timeout,0.5,3192.6875,168.7118682861328,87.1371078491211,bfm_angles
3126,156,11222725,-235.56891503381763,timeout,0.49,3192.6875,168.7118682861328,87.1371078491211,bfm_angles
3127,156,11223106,1561.6774750693655,win,0.49,3231.20458984375,179.08602905273438,22.558195114135742,bfm_angles
3128,156,11223489,1558.362629115521,win,0.49,3231.20458984375,179.08602905273438,22.558195114135742,bfm_angles
3129,156,11229489,-162.82723100071317,timeout,0.49,3173.246337890625,121.39109802246094,130.49481201171875,bfm_angles
3130,156,11235489,-176.85649265791972,timeout,0.49,3173.246337890625,121.39109802246094,130.49481201171875,bfm_angles
3131,156,11241489,-173.88297982729694,timeout,0.48,3536.43994140625,138.3741912841797,102.8544921875,bfm_angles
3132,156,11247489,-193.66071578681291,timeout,0.47,3536.43994140625,138.3741912841797,102.8544921875,bfm_angles
3133,156,11253489,-134.7282994841185,timeout,0.46,3523.2265625,164.5996856689453,96.50782012939453,bfm_angles
3134,156,11259489,-149.08112730993136,timeout,0.45,3523.2265625,164.5996856689453,96.50782012939453,bfm_angles
3135,156,11260276,-979.3461375583605,loss,0.44,4347.11474609375,117.71820831298828,101.00908660888672,bfm_angles
3136,156,11261082,-978.8633398440405,loss,0.44,4347.11474609375,117.71820831298828,101.00908660888672,bfm_angles
3137,156,11264020,-1648.0047317862977,loss,0.44,4965.6162109375,-52.240962982177734,-111.74205017089844,bfm_angles
3138,156,11270020,-135.5456954483967,timeout,0.44,4965.6162109375,-52.240962982177734,-111.74205017089844,bfm_angles
3139,156,11276020,-95.37131139020343,timeout,0.43,4570.34765625,18.84846305847168,67.34532928466797,bfm_angles
3140,156,11277290,1381.8795399270934,win,0.44,4570.34765625,18.84846305847168,67.34532928466797,bfm_angles
3141,157,11283290,-125.05269773026602,timeout,0.44,3381.38037109375,153.86647033691406,101.60102081298828,bfm_angles
3142,157,11289290,-193.31012944311823,timeout,0.43,3381.38037109375,153.86647033691406,101.60102081298828,bfm_angles
3143,157,11289623,-966.3545206575673,loss,0.43,3389.45166015625,156.051025390625,27.377166748046875,bfm_angles
3144,157,11289947,-969.9233608312476,loss,0.43,3389.45166015625,156.051025390625,27.377166748046875,bfm_angles
3145,157,11295947,-231.78613219699469,timeout,0.42,3212.025390625,135.48065185546875,-124.13565826416016,bfm_angles
3146,157,11301947,-219.73892337312947,timeout,0.41,3212.025390625,135.48065185546875,-124.13565826416016,bfm_angles
3147,157,11302309,1554.2083569883662,win,0.41,3600.50146484375,165.64932250976562,-50.72857666015625,bfm_angles
3148,157,11303751,1829.3324873874494,win,0.42,3600.50146484375,165.64932250976562,-50.72857666015625,bfm_angles
3149,157,11304113,-967.3750990915454,loss,0.42,3298.80810546875,176.1996307373047,58.3879280090332,bfm_angles
3150,157,11304467,1545.067562868476,win,0.43,3298.80810546875,176.1996307373047,58.3879280090332,bfm_angles
3151,157,11304808,1547.835755217948,win,0.44,3583.18017578125,173.77252197265625,-8.065385818481445,bfm_angles
3152,157,11305148,1547.894257043702,win,0.45,3583.18017578125,173.77252197265625,-8.065385818481445,bfm_angles
3153,157,11305538,1548.827992549582,win,0.46,3502.9609375,155.0589599609375,44.67356872558594,bfm_angles
3154,157,11305921,1546.6037679072913,win,0.47,3502.9609375,155.0589599609375,44.67356872558594,bfm_angles
3155,157,11311921,-170.7194804553928,timeout,0.47,4581.5810546875,107.52317810058594,132.58824157714844,bfm_angles
3156,157,11317921,-163.6186000941408,timeout,0.47,4581.5810546875,107.52317810058594,132.58824157714844,bfm_angles
3157,157,11323921,-218.80570160544093,timeout,0.47,3601.962646484375,-176.904052734375,175.6303253173828,bfm_angles
3158,157,11329921,-178.87555018330184,timeout,0.47,3601.962646484375,-176.904052734375,175.6303253173828,bfm_angles
3159,157,11331313,1546.5752923080383,win,0.47,3417.3740234375,52.40506362915039,173.73074340820312,bfm_angles
3160,157,11337313,-269.2048287281003,timeout,0.46,3417.3740234375,52.40506362915039,173.73074340820312,bfm_angles
3161,158,11338042,1576.4495987211697,win,0.46,3558.9287109375,43.39084243774414,-10.938594818115234,bfm_angles
3162,158,11338780,1576.3266666844847,win,0.46,3558.9287109375,43.39084243774414,-10.938594818115234,bfm_angles
3163,158,11339243,1560.8423915064968,win,0.47,3353.42236328125,-90.93692779541016,47.35044860839844,bfm_angles
3164,158,11339704,1565.7292503338574,win,0.48,3353.42236328125,-90.93692779541016,47.35044860839844,bfm_angles
3165,158,11340060,-973.076730379156,loss,0.47,3244.188720703125,162.61109924316406,59.876800537109375,bfm_angles
3166,158,11340419,-975.3768832494704,loss,0.46,3244.188720703125,162.61109924316406,59.876800537109375,bfm_angles
3167,158,11340808,1548.3875934797504,win,0.47,3800.1923828125,163.67410278320312,47.150508880615234,bfm_angles
3168,158,11341197,1550.1920593039713,win,0.47,3800.1923828125,163.67410278320312,47.150508880615234,bfm_angles
3169,158,11343271,-1564.2929613773922,crash,0.47,3497.245361328125,-21.660974502563477,-49.13005828857422,bfm_angles
3170,158,11346574,781.5845158380737,win,0.48,3497.245361328125,-21.660974502563477,-49.13005828857422,bfm_angles
3171,158,11346941,1552.2160128968417,win,0.48,3248.18798828125,161.89456176757812,15.37679672241211,bfm_angles
3172,158,11347241,1537.771823003377,win,0.48,3248.18798828125,161.89456176757812,15.37679672241211,bfm_angles
3173,158,11347694,1558.8348657664587,win,0.48,3444.019287109375,156.8281707763672,-74.6966781616211,bfm_angles
3174,158,11348087,1547.6965382039914,win,0.48,3444.019287109375,156.8281707763672,-74.6966781616211,bfm_angles
3175,158,11354087,-198.4785669714128,timeout,0.48,2471.96142578125,98.90711212158203,-164.92074584960938,bfm_angles
3176,158,11360087,-242.820143048779,timeout,0.48,2471.96142578125,98.90711212158203,-164.92074584960938,bfm_angles
3177,158,11366087,-106.70993729629998,timeout,0.47,4709.40771484375,-56.514320373535156,-148.20884704589844,bfm_angles
3178,158,11372087,-80.78759914268987,timeout,0.46,4709.40771484375,-56.514320373535156,-148.20884704589844,bfm_angles
3179,158,11378087,-204.32473300377723,timeout,0.45,2485.537353515625,-74.68921661376953,-162.10499572753906,bfm_angles
3180,158,11384087,-210.64496460445912,timeout,0.44,2485.537353515625,-74.68921661376953,-162.10499572753906,bfm_angles
3181,159,11385012,1557.0138934797437,win,0.45,3039.063232421875,10.290220260620117,-116.59603118896484,bfm_angles
3182,159,11385892,1555.3586252533578,win,0.46,3039.063232421875,10.290220260620117,-116.59603118896484,bfm_angles
3183,159,11386451,1561.0539720765935,win,0.46,3253.11962890625,62.48184585571289,-51.381919860839844,bfm_angles
3184,159,11387036,1566.681865647105,win,0.46,3253.11962890625,62.48184585571289,-51.381919860839844,bfm_angles
3185,159,11393036,-246.90843456332647,timeout,0.45,3658.70654296875,-160.65786743164062,136.4518585205078,bfm_angles
3186,159,11399036,-229.27287048600303,timeout,0.44,3658.70654296875,-160.65786743164062,136.4518585205078,bfm_angles
3187,159,11399400,1546.9841592751552,win,0.45,3613.2412109375,-162.1861572265625,34.38257598876953,bfm_angles
3188,159,11399767,1544.5422756093433,win,0.46,3613.2412109375,-162.1861572265625,34.38257598876953,bfm_angles
3189,159,11405767,-42.30900929830373,timeout,0.46,3428.28076171875,105.68814849853516,60.68414306640625,bfm_angles
3190,159,11406857,1478.087855197064,win,0.47,3428.28076171875,105.68814849853516,60.68414306640625,bfm_angles
3191,159,11412857,-215.44519335082322,timeout,0.47,3547.98388671875,169.35479736328125,83.1415786743164,bfm_angles
3192,159,11418857,-228.62084225391285,timeout,0.47,3547.98388671875,169.35479736328125,83.1415786743164,bfm_angles
3193,159,11419575,1623.2566744520204,win,0.47,3249.715576171875,-46.357513427734375,-7.255782604217529,bfm_angles
3194,159,11420288,1628.4727363128272,win,0.47,3249.715576171875,-46.357513427734375,-7.255782604217529,bfm_angles
3195,159,11426288,-257.9547377037665,timeout,0.47,1913.6070556640625,177.45298767089844,167.8282012939453,bfm_angles
3196,159,11432288,-285.0755823882138,timeout,0.47,1913.6070556640625,177.45298767089844,167.8282012939453,bfm_angles
3197,159,11433201,1572.9902820796797,win,0.47,4989.2080078125,-51.442684173583984,-58.310665130615234,bfm_angles
3198,159,11434154,1581.4434517386535,win,0.47,4989.2080078125,-51.442684173583984,-58.310665130615234,bfm_angles
3199,159,11440154,-277.3264377180647,timeout,0.46,2628.10693359375,-1.318572998046875,-140.5263214111328,bfm_angles
3200,159,11446154,-257.8663251757825,timeout,0.45,2628.10693359375,-1.318572998046875,-140.5263214111328,bfm_angles
3201,160,11452154,-273.757799599863,timeout,0.44,3058.491455078125,4.148505210876465,-87.14810943603516,bfm_angles
3202,160,11458154,-332.0425322720453,timeout,0.43,3058.491455078125,4.148505210876465,-87.14810943603516,bfm_angles
3203,160,11461160,-1044.239411740192,loss,0.42,3287.59130859375,130.62606811523438,73.1407699584961,bfm_angles
3204,160,11464616,-1112.7318918846115,loss,0.42,3287.59130859375,130.62606811523438,73.1407699584961,bfm_angles
3205,160,11465192,1600.3220903964127,win,0.43,3283.53125,-59.997886657714844,-14.527033805847168,bfm_angles
3206,160,11465813,1612.7860290614049,win,0.44,3283.53125,-59.997886657714844,-14.527033805847168,bfm_angles
3207,160,11466326,1560.339573311983,win,0.45,3500.97412109375,158.96531677246094,-95.67378234863281,bfm_angles
3208,160,11466839,1560.9810747897764,win,0.46,3500.97412109375,158.96531677246094,-95.67378234863281,bfm_angles
3209,160,11467238,1559.6548927693327,win,0.46,3215.7861328125,121.98328399658203,9.933518409729004,bfm_angles
3210,160,11467588,1551.8202936506514,win,0.46,3215.7861328125,121.98328399658203,9.933518409729004,bfm_angles
3211,160,11467975,1545.0399917382354,win,0.46,3887.9453125,160.72946166992188,7.448131084442139,bfm_angles
3212,160,11468362,1551.184835060764,win,0.46,3887.9453125,160.72946166992188,7.448131084442139,bfm_angles
3213,160,11469264,1528.318542666329,win,0.47,3572.720947265625,10.731964111328125,-76.86298370361328,bfm_angles
3214,160,11470146,-1006.4061753578978,loss,0.46,3572.720947265625,10.731964111328125,-76.86298370361328,bfm_angles
3215,160,11476146,-157.27856412576037,timeout,0.46,2634.873046875,85.8501968383789,145.44007873535156,bfm_angles
3216,160,11482146,-165.59424191275028,timeout,0.46,2634.873046875,85.8501968383789,145.44007873535156,bfm_angles
3217,160,11482715,1533.2197129018568,win,0.47,1992.325439453125,-50.07682800292969,94.85948181152344,bfm_angles
3218,160,11483308,1537.4052155052552,win,0.48,1992.325439453125,-50.07682800292969,94.85948181152344,bfm_angles
3219,160,11489308,-305.4390559982666,timeout,0.47,3059.12744140625,-16.783924102783203,-113.23391723632812,bfm_angles
3220,160,11495308,-177.05643705670775,timeout,0.46,3059.12744140625,-16.783924102783203,-113.23391723632812,bfm_angles
3221,161,11501308,-104.52504575360945,timeout,0.46,3290.5146484375,-2.386461019515991,149.64730834960938,bfm_angles
3222,161,11507308,-65.36283168518727,timeout,0.46,3290.5146484375,-2.386461019515991,149.64730834960938,bfm_angles
3223,161,11507705,1550.4706779144576,win,0.46,3550.5185546875,152.5772247314453,-70.62628936767578,bfm_angles
3224,161,11508157,1557.5761025416873,win,0.46,3550.5185546875,152.5772247314453,-70.62628936767578,bfm_angles
3225,161,11514157,-207.77964460454785,timeout,0.46,3515.822265625,97.67025756835938,-123.10722351074219,bfm_angles
3226,161,11514785,1555.1831092413618,win,0.47,3515.822265625,97.67025756835938,-123.10722351074219,bfm_angles
3227,161,11515942,1507.827825445895,win,0.47,3365.4970703125,-3.800055980682373,137.6957550048828,bfm_angles
3228,161,11517056,1524.582561576815,win,0.47,3365.4970703125,-3.800055980682373,137.6957550048828,bfm_angles
3229,161,11517961,1593.4413704949434,win,0.48,3538.207275390625,-17.645212173461914,-49.60227584838867,bfm_angles
3230,161,11518921,1562.1960317034982,win,0.49,3538.207275390625,-17.645212173461914,-49.60227584838867,bfm_angles
3231,161,11519696,1584.6100695943721,win,0.5,3265.365478515625,91.79601287841797,63.29899597167969,bfm_angles
3232,161,11525696,-524.725870412046,timeout,0.5,3265.365478515625,91.79601287841797,63.29899597167969,bfm_angles
3233,161,11526856,1569.6295400668373,win,0.51,3501.15087890625,31.05736541748047,-170.31515502929688,bfm_angles
3234,161,11530185,-935.7116973878863,loss,0.51,3501.15087890625,31.05736541748047,-170.31515502929688,bfm_angles
3235,161,11530594,1545.92037382397,win,0.52,3947.60498046875,144.96804809570312,-4.688382625579834,bfm_angles
3236,161,11531001,1551.4376877608925,win,0.53,3947.60498046875,144.96804809570312,-4.688382625579834,bfm_angles
3237,161,11535250,-1016.4501089804268,loss,0.53,3534.344482421875,63.16338348388672,121.11953735351562,bfm_angles
3238,161,11541031,-1116.9105720525276,loss,0.53,3534.344482421875,63.16338348388672,121.11953735351562,bfm_angles
3239,161,11545658,-1078.9718186949215,loss,0.53,3852.197509765625,140.1586456298828,81.00664520263672,bfm_angles
3240,161,11550734,-1047.785535027665,loss,0.52,3852.197509765625,140.1586456298828,81.00664520263672,bfm_angles
3241,162,11551828,1581.3273941331877,win,0.53,3645.0029296875,-25.66993522644043,-77.30397033691406,bfm_angles
3242,162,11557828,-234.00663751657154,timeout,0.53,3645.0029296875,-25.66993522644043,-77.30397033691406,bfm_angles
3243,162,11558698,1576.9386125144579,win,0.54,3665.408203125,3.297365188598633,-24.243331909179688,bfm_angles
3244,162,11559559,1572.397879786238,win,0.55,3665.408203125,3.297365188598633,-24.243331909179688,bfm_angles
3245,162,11560884,1567.1170044236942,win,0.56,3392.614990234375,18.306318283081055,170.3552703857422,bfm_angles
3246,162,11562205,1570.5241206366857,win,0.57,3392.614990234375,18.306318283081055,170.3552703857422,bfm_angles
3247,162,11562635,1556.5006143674198,win,0.57,3431.3408203125,100.46403503417969,-9.360844612121582,bfm_angles
3248,162,11563054,1553.342979362563,win,0.57,3431.3408203125,100.46403503417969,-9.360844612121582,bfm_angles
3249,162,11563424,1559.1279922509475,win,0.58,3732.865966796875,172.27035522460938,-29.74428939819336,bfm_angles
3250,162,11563795,1556.413244808017,win,0.58,3732.865966796875,172.27035522460938,-29.74428939819336,bfm_angles
3251,162,11565198,1556.6170471867595,win,0.58,3303.574462890625,164.8948974609375,50.900115966796875,bfm_angles
3252,162,11565587,1545.190217633112,win,0.58,3303.574462890625,164.8948974609375,50.900115966796875,bfm_angles
3253,162,11566120,1585.8872941795398,win,0.58,3411.671875,72.48741149902344,0.744797945022583,bfm_angles
3254,162,11566650,1585.0868715371312,win,0.58,3411.671875,72.48741149902344,0.744797945022583,bfm_angles
3255,162,11567065,1549.6270394146532,win,0.59,3827.10986328125,-165.3744354248047,-65.57744598388672,bfm_angles
3256,162,11567479,1550.6525077642514,win,0.6,3827.10986328125,-165.3744354248047,-65.57744598388672,bfm_angles
3257,162,11567807,1539.0101256019436,win,0.61,2538.26513671875,127.87885284423828,-72.60626220703125,bfm_angles
3258,162,11568174,1545.1448770404136,win,0.62,2538.26513671875,127.87885284423828,-72.60626220703125,bfm_angles
3259,162,11568654,1567.085709372035,win,0.62,4546.62060546875,-175.62188720703125,-58.086856842041016,bfm_angles
3260,162,11569144,1556.861252689277,win,0.63,4546.62060546875,-175.62188720703125,-58.086856842041016,bfm_angles
3261,163,11572921,-1062.5130226209267,loss,0.62,3596.67919921875,177.7340545654297,-144.10183715820312,bfm_angles
3262,163,11575680,-1004.8610289901211,loss,0.61,3596.67919921875,177.7340545654297,-144.10183715820312,bfm_angles
3263,163,11576088,1567.9649315131137,win,0.61,3530.142578125,-152.02650451660156,-33.0485725402832,bfm_angles
3264,163,11576462,1555.7976391428665,win,0.61,3530.142578125,-152.02650451660156,-33.0485725402832,bfm_angles
3265,163,11582462,-54.71282953666563,timeout,0.61,3430.23095703125,-20.25613784790039,177.14349365234375,bfm_angles
3266,163,11587221,-1017.464891487334,loss,0.61,3430.23095703125,-20.25613784790039,177.14349365234375,bfm_angles
3267,163,11592343,-1022.6535145288423,loss,0.6,3361.3505859375,-35.67710494995117,138.13763427734375,bfm_angles
3268,163,11598343,-76.49434528508706,timeout,0.59,3361.3505859375,-35.67710494995117,138.13763427734375,bfm_angles
3269,163,11598715,1552.0994306758926,win,0.6,3523.03857421875,-137.31552124023438,52.45063400268555,bfm_angles
3270,163,11599092,1547.8367430494163,win,0.6,3523.03857421875,-137.31552124023438,52.45063400268555,bfm_angles
3271,163,11600137,1560.8015229168698,win,0.6,3306.376708984375,-2.9867069721221924,-76.08676147460938,bfm_angles
3272,163,11606137,-97.9016759279459,timeout,0.59,3306.376708984375,-2.9867069721221924,-76.08676147460938,bfm_angles
3273,163,11607068,1565.4715759345231,win,0.59,3325.385498046875,-0.2445290982723236,-84.88618469238281,bfm_angles
3274,163,11608079,1576.3293852986517,win,0.59,3325.385498046875,-0.2445290982723236,-84.88618469238281,bfm_angles
3275,163,11608687,1564.1147426949085,win,0.6,4105.98779296875,114.62539672851562,-117.9228286743164,bfm_angles
3276,163,11609292,1563.51867894623,win,0.61,4105.98779296875,114.62539672851562,-117.9228286743164,bfm_angles
3277,163,11615292,-109.72438444249583,timeout,0.61,2463.413330078125,-68.34253692626953,-149.08091735839844,bfm_angles
3278,163,11621292,-57.483981663623766,timeout,0.61,2463.413330078125,-68.34253692626953,-149.08091735839844,bfm_angles
3279,163,11627292,-39.92588481405417,timeout,0.61,3175.65625,-170.8917999267578,-133.4821014404297,bfm_angles
3280,163,11633292,-123.3480673024751,timeout,0.61,3175.65625,-170.8917999267578,-133.4821014404297,bfm_angles
3281,164,11639292,-139.0001058504572,timeout,0.6,3608.75048828125,166.5804443359375,100.05034637451172,bfm_angles
3282,164,11645292,-174.6929101519658,timeout,0.59,3608.75048828125,166.5804443359375,100.05034637451172,bfm_angles
3283,164,11651292,-143.61269737450365,timeout,0.58,3927.755859375,152.65582275390625,114.72373962402344,bfm_angles
3284,164,11657292,-113.11004354971212,timeout,0.57,3927.755859375,152.65582275390625,114.72373962402344,bfm_angles
3285,164,11663292,-143.7783331755587,timeout,0.57,3475.292236328125,168.5669708251953,-132.8687744140625,bfm_angles
3286,164,11669292,-127.54983065258331,timeout,0.57,3475.292236328125,168.5669708251953,-132.8687744140625,bfm_angles
3287,164,11675292,-238.3246117525886,timeout,0.56,3923.938232421875,171.6346435546875,87.13949584960938,bfm_angles
3288,164,11676098,-1032.5610834260945,loss,0.55,3923.938232421875,171.6346435546875,87.13949584960938,bfm_angles
3289,164,11682098,-178.77834352487932,timeout,0.55,3276.49658203125,138.67477416992188,131.01580810546875,bfm_angles
3290,164,11688098,-158.20080376696768,timeout,0.54,3276.49658203125,138.67477416992188,131.01580810546875,bfm_angles
3291,164,11688477,1548.0251408304755,win,0.55,3649.6259765625,172.3943634033203,52.250946044921875,bfm_angles
3292,164,11688852,1549.7219147177418,win,0.56,3649.6259765625,172.3943634033203,52.250946044921875,bfm_angles
3293,164,11689296,1554.4118949816375,win,0.56,3478.059326171875,119.21491241455078,-13.883604049682617,bfm_angles
3294,164,11689726,1552.027510769535,win,0.56,3478.059326171875,119.21491241455078,-13.883604049682617,bfm_angles
3295,164,11695726,-76.02843127481171,timeout,0.56,3836.843505859375,-20.506332397460938,-78.90789031982422,bfm_angles
3296,164,11697203,1409.1730514775882,win,0.57,3836.843505859375,-20.506332397460938,-78.90789031982422,bfm_angles
3297,164,11697509,1541.4838976892286,win,0.57,3032.953125,145.43789672851562,-15.65233325958252,bfm_angles
3298,164,11697795,1539.5244275025482,win,0.57,3032.953125,145.43789672851562,-15.65233325958252,bfm_angles
3299,164,11698885,-1243.9222362533528,loss,0.57,2223.7958984375,-17.228445053100586,-125.733154296875,bfm_angles
3300,164,11699919,1506.4153821169607,win,0.58,2223.7958984375,-17.228445053100586,-125.733154296875,bfm_angles
3301,165,11705919,-263.83686752329913,timeout,0.58,3572.6083984375,162.7980194091797,92.63490295410156,bfm_angles
3302,165,11711919,-378.794407347565,timeout,0.58,3572.6083984375,162.7980194091797,92.63490295410156,bfm_angles
3303,165,11712302,1550.4309983018352,win,0.59,3580.33935546875,-148.28456115722656,48.92375946044922,bfm_angles
3304,165,11712677,1549.6663539973517,win,0.6,3580.33935546875,-148.28456115722656,48.92375946044922,bfm_angles
3305,165,11713429,-983.1867791911734,loss,0.59,3429.58935546875,97.11247253417969,-115.515380859375,bfm_angles
3306,165,11714019,1552.5974461385865,win,0.59,3429.58935546875,97.11247253417969,-115.515380859375,bfm_angles
3307,165,11715592,1814.8042117326436,win,0.59,3377.128662109375,-14.004695892333984,-9.676521301269531,bfm_angles
3308,165,11716404,1647.7660637853185,win,0.59,3377.128662109375,-14.004695892333984,-9.676521301269531,bfm_angles
3309,165,11716897,1565.106420139267,win,0.59,3836.041015625,-99.63153076171875,3.4356400966644287,bfm_angles
3310,165,11717370,1577.3996247879247,win,0.59,3836.041015625,-99.63153076171875,3.4356400966644287,bfm_angles
3311,165,11723370,-54.40290423971739,timeout,0.58,3639.631591796875,-89.88661193847656,-122.2890625,bfm_angles
3312,165,11729370,-112.96441419190806,timeout,0.57,3639.631591796875,-89.88661193847656,-122.2890625,bfm_angles
3313,165,11735370,-437.15935975084585,timeout,0.56,3552.37158203125,146.68359375,90.99280548095703,bfm_angles
3314,165,11741370,-303.53875887527977,timeout,0.56,3552.37158203125,146.68359375,90.99280548095703,bfm_angles
3315,165,11742274,1558.418695033679,win,0.57,2357.75146484375,-55.59172821044922,-112.09368133544922,bfm_angles
3316,165,11743134,1551.566483460081,win,0.58,2357.75146484375,-55.59172821044922,-112.09368133544922,bfm_angles
3317,165,11749134,-370.97564826405255,timeout,0.57,3243.692626953125,-111.21321868896484,127.73419189453125,bfm_angles
3318,165,11755134,-244.33605344020575,timeout,0.56,3243.692626953125,-111.21321868896484,127.73419189453125,bfm_angles
3319,165,11761134,-149.87912809690937,timeout,0.56,3969.405517578125,-144.16552734375,132.83453369140625,bfm_angles
3320,165,11767134,-139.9529397862073,timeout,0.56,3969.405517578125,-144.16552734375,132.83453369140625,bfm_angles
3321,166,11767600,1571.0207118232306,win,0.57,3603.74462890625,-120.28833770751953,-16.776708602905273,bfm_angles
3322,166,11768050,1575.5985653449384,win,0.58,3603.74462890625,-120.28833770751953,-16.776708602905273,bfm_angles
3323,166,11768845,1627.4192615942798,win,0.58,3267.390625,-42.113670349121094,-41.682315826416016,bfm_angles
3324,166,11769631,1638.282711018753,win,0.58,3267.390625,-42.113670349121094,-41.682315826416016,bfm_angles
3325,166,11771141,1537.2002624045338,win,0.59,3573.7373046875,173.1169891357422,56.514930725097656,bfm_angles
3326,166,11771516,1548.1097680609762,win,0.59,3573.7373046875,173.1169891357422,56.514930725097656,bfm_angles
3327,166,11772708,-1142.3019778161015,loss,0.58,3559.75830078125,157.79214477539062,65.44020080566406,bfm_angles
3328,166,11773362,-1058.1995383862713,loss,0.57,3559.75830078125,157.79214477539062,65.44020080566406,bfm_angles
3329,166,11773986,1554.4365191878906,win,0.57,3770.298828125,-61.39686584472656,37.70644760131836,bfm_angles
3330,166,11774587,1547.8392759002734,win,0.57,3770.298828125,-61.39686584472656,37.70644760131836,bfm_angles
3331,166,11780587,-155.93976989776192,timeout,0.56,3187.1962890625,107.61930847167969,165.90223693847656,bfm_angles
3332,166,11786587,-172.71697226728358,timeout,0.56,3187.1962890625,107.61930847167969,165.90223693847656,bfm_angles
3333,166,11792587,-225.085720922446,timeout,0.55,3703.49853515625,138.7822265625,95.21279907226562,bfm_angles
3334,166,11798587,-193.67357574809103,timeout,0.55,3703.49853515625,138.7822265625,95.21279907226562,bfm_angles
3335,166,11804587,-103.6723268193694,timeout,0.54,4015.36279296875,25.2330379486084,-109.8051986694336,bfm_angles
3336,166,11805685,1547.634674191606,win,0.54,4015.36279296875,25.2330379486084,-109.8051986694336,bfm_angles
3337,166,11806827,1593.9841433361814,win,0.55,5094.8515625,-43.073707580566406,-123.029052734375,bfm_angles
3338,166,11807936,1583.4488794567474,win,0.56,5094.8515625,-43.073707580566406,-123.029052734375,bfm_angles
3339,166,11813936,-276.1504027620605,timeout,0.56,2097.8671875,-157.75619506835938,-123.74958801269531,bfm_angles
3340,166,11817936,-1178.3337979538662,loss,0.56,2097.8671875,-157.75619506835938,-123.74958801269531,bfm_angles
3341,167,11818320,1550.65650460637,win,0.56,3449.08154296875,159.6311492919922,-69.02642059326172,bfm_angles
3342,167,11818706,1552.2092993307447,win,0.57,3449.08154296875,159.6311492919922,-69.02642059326172,bfm_angles
3343,167,11819058,1543.6033861900682,win,0.57,3622.833984375,-169.582763671875,-2.9685113430023193,bfm_angles
3344,167,11819451,1558.1398195266847,win,0.57,3622.833984375,-169.582763671875,-2.9685113430023193,bfm_angles
3345,167,11825451,-74.79438482885018,timeout,0.56,3347.52001953125,-5.679821968078613,174.60116577148438,bfm_angles
3346,167,11827353,1560.2412265963403,win,0.56,3347.52001953125,-5.679821968078613,174.60116577148438,bfm_angles
3347,167,11827853,1556.688241017528,win,0.56,3912.072265625,-109.81200408935547,64.31305694580078,bfm_angles
3348,167,11828367,1559.8382219980688,win,0.56,3912.072265625,-109.81200408935547,64.31305694580078,bfm_angles
3349,167,11828926,1574.1403189022892,win,0.56,3877.644775390625,75.2774887084961,-24.685596466064453,bfm_angles
3350,167,11829493,1551.8241316048893,win,0.56,3877.644775390625,75.2774887084961,-24.685596466064453,bfm_angles
3351,167,11835493,-227.31088057909577,timeout,0.55,3774.13671875,154.90745544433594,125.90036010742188,bfm_angles
3352,167,11840498,-1160.2459302746988,loss,0.54,3774.13671875,154.90745544433594,125.90036010742188,bfm_angles
3353,167,11846498,-107.19437680624812,timeout,0.53,3535.318359375,17.541532516479492,152.57765197753906,bfm_angles
3354,167,11848478,1345.6864423325194,win,0.53,3535.318359375,17.541532516479492,152.57765197753906,bfm_angles
3355,167,11854478,-264.5863147493991,timeout,0.52,4026.5068359375,-2.6597259044647217,93.04788208007812,bfm_angles
3356,167,11860478,-57.35832421047111,timeout,0.51,4026.5068359375,-2.6597259044647217,93.04788208007812,bfm_angles
3357,167,11860840,1567.225424566898,win,0.51,2913.6513671875,97.8052978515625,-18.939884185791016,bfm_angles
3358,167,11861205,1561.594628121481,win,0.51,2913.6513671875,97.8052978515625,-18.939884185791016,bfm_angles
3359,167,11867205,-91.16275692919557,timeout,0.5,3253.13623046875,-8.07028865814209,85.4959945678711,bfm_angles
3360,167,11873205,-167.47366992413063,timeout,0.49,3253.13623046875,-8.07028865814209,85.4959945678711,bfm_angles
3361,168,11874047,1579.0956998275558,win,0.5,3382.86376953125,-22.157480239868164,67.02881622314453,bfm_angles
3362,168,11874856,1565.0102924826494,win,0.51,3382.86376953125,-22.157480239868164,67.02881622314453,bfm_angles
3363,168,11875202,1554.7585767052994,win,0.51,3519.75439453125,144.7970428466797,-2.636179208755493,bfm_angles
3364,168,11875585,1554.9997164344775,win,0.51,3519.75439453125,144.7970428466797,-2.636179208755493,bfm_angles
3365,168,11881585,-206.63406891678886,timeout,0.51,3417.6025390625,-5.916052341461182,125.83085632324219,bfm_angles
3366,168,11887585,-260.43227050619953,timeout,0.51,3417.6025390625,-5.916052341461182,125.83085632324219,bfm_angles
3367,168,11893585,-236.30271864812218,timeout,0.51,3737.789306640625,-23.7664852142334,111.76642608642578,bfm_angles
3368,168,11899585,-240.37012955585467,timeout,0.51,3737.789306640625,-23.7664852142334,111.76642608642578,bfm_angles
3369,168,11905585,-152.19699734565236,timeout,0.5,3381.41650390625,31.780269622802734,74.4128189086914,bfm_angles
3370,168,11911585,-236.38425372828365,timeout,0.49,3381.41650390625,31.780269622802734,74.4128189086914,bfm_angles
3371,168,11917585,-225.62767224376017,timeout,0.48,3662.41650390625,150.9610137939453,120.48100280761719,bfm_angles
3372,168,11923585,-234.92681767081694,timeout,0.48,3662.41650390625,150.9610137939453,120.48100280761719,bfm_angles
3373,168,11924493,1663.3653272144202,win,0.48,3503.78076171875,-18.00276756286621,-16.86350440979004,bfm_angles
3374,168,11925402,1661.716076165945,win,0.48,3503.78076171875,-18.00276756286621,-16.86350440979004,bfm_angles
3375,168,11931402,-186.1492787953331,timeout,0.47,2858.440185546875,136.3399200439453,176.5220489501953,bfm_angles
3376,168,11937402,-261.53989403861283,timeout,0.46,2858.440185546875,136.3399200439453,176.5220489501953,bfm_angles
3377,168,11943402,-58.52159348286325,timeout,0.46,3311.279541015625,80.25485229492188,59.740882873535156,bfm_angles
3378,168,11948242,-4552.837410147553,crash,0.46,3311.279541015625,80.25485229492188,59.740882873535156,bfm_angles
3379,168,11948643,1565.707111049981,win,0.47,3318.528564453125,-123.68270111083984,-33.28590393066406,bfm_angles
3380,168,11949061,1562.6671261907738,win,0.48,3318.528564453125,-123.68270111083984,-33.28590393066406,bfm_angles
3381,169,11949429,1550.865955927816,win,0.49,3688.38525390625,167.35842895507812,41.75519561767578,bfm_angles
3382,169,11949798,1548.9850669066648,win,0.5,3688.38525390625,167.35842895507812,41.75519561767578,bfm_angles
3383,169,11951341,1487.0581811407953,win,0.51,3381.6767578125,8.499638557434082,130.7860870361328,bfm_angles
3384,169,11953798,-1819.8824735612536,loss,0.51,3381.6767578125,8.499638557434082,130.7860870361328,bfm_angles
3385,169,11954169,1553.963315621452,win,0.52,3551.34912109375,135.63519287109375,-23.59564781188965,bfm_angles
3386,169,11954537,1552.8606613531942,win,0.53,3551.34912109375,135.63519287109375,-23.59564781188965,bfm_angles
3387,169,11960537,-176.61680511374288,timeout,0.53,3399.097412109375,-18.537858963012695,160.89617919921875,bfm_angles
3388,169,11961771,1531.43882068572,win,0.54,3399.097412109375,-18.537858963012695,160.89617919921875,bfm_angles
3389,169,11967771,-226.24929616379,timeout,0.54,3312.965576171875,157.1815185546875,102.52501678466797,bfm_angles
3390,169,11973771,-248.53666939865684,timeout,0.54,3312.965576171875,157.1815185546875,102.52501678466797,bfm_angles
3391,169,11979771,-200.19636604808412,timeout,0.53,3280.607421875,130.21070861816406,134.57003784179688,bfm_angles
3392,169,11985771,-164.836909237535,timeout,0.52,3280.607421875,130.21070861816406,134.57003784179688,bfm_angles
3393,169,11991771,-80.50708406558088,timeout,0.51,3394.212890625,-13.572726249694824,156.38296508789062,bfm_angles
3394,169,11997771,-7.395389123601045,timeout,0.5,3394.212890625,-13.572726249694824,156.38296508789062,bfm_angles
3395,169,12003771,-165.98579188185562,timeout,0.5,3466.437255859375,121.04915618896484,-155.7815704345703,bfm_angles
3396,169,12009771,-181.82492713639013,timeout,0.49,3466.437255859375,121.04915618896484,-155.7815704345703,bfm_angles
3397,169,12015771,-160.04163276408576,timeout,0.48,5054.5927734375,46.687992095947266,-178.95315551757812,bfm_angles
3398,169,12021771,-297.367739900241,timeout,0.47,5054.5927734375,46.687992095947266,-178.95315551757812,bfm_angles
3399,169,12022783,1538.3354360189262,win,0.48,2693.698486328125,30.472991943359375,74.50361633300781,bfm_angles
3400,169,12024542,-1108.1253730657033,loss,0.47,2693.698486328125,30.472991943359375,74.50361633300781,bfm_angles
3401,170,12030542,-166.133154303482,timeout,0.47,3702.85546875,154.3548126220703,111.4280014038086,bfm_angles
3402,170,12036542,-147.7442528817874,timeout,0.47,3702.85546875,154.3548126220703,111.4280014038086,bfm_angles
3403,170,12042542,-99.95427703176463,timeout,0.46,3244.66748046875,-7.839275360107422,-163.86383056640625,bfm_angles
3404,170,12048542,-94.75030212004388,timeout,0.45,3244.66748046875,-7.839275360107422,-163.86383056640625,bfm_angles
3405,170,12048901,1555.6478519684517,win,0.46,3678.1591796875,-176.55810546875,29.0811767578125,bfm_angles
3406,170,12049249,1548.9174791367905,win,0.46,3678.1591796875,-176.55810546875,29.0811767578125,bfm_angles
3407,170,12055249,-115.05045248800823,timeout,0.45,3442.4208984375,158.08447265625,155.51800537109375,bfm_angles
3408,170,12061249,-82.28308013604799,timeout,0.44,3442.4208984375,158.08447265625,155.51800537109375,bfm_angles
3409,170,12062162,-984.296962400987,loss,0.43,3333.63525390625,7.995189189910889,-112.56968688964844,bfm_angles
3410,170,12063034,1543.9315685869697,win,0.43,3333.63525390625,7.995189189910889,-112.56968688964844,bfm_angles
3411,170,12063934,1493.8176802246403,win,0.44,3648.15478515625,-2.1243789196014404,63.56952667236328,bfm_angles
3412,170,12064856,1499.6965103019518,win,0.45,3648.15478515625,-2.1243789196014404,63.56952667236328,bfm_angles
3413,170,12070856,-180.22467341325964,timeout,0.45,3321.17431640625,160.04791259765625,70.67890167236328,bfm_angles
3414,170,12076856,-205.84968202974184,timeout,0.45,3321.17431640625,160.04791259765625,70.67890167236328,bfm_angles
3415,170,12077605,1543.9025773521569,win,0.45,3849.626708984375,40.11274719238281,-28.149900436401367,bfm_angles
3416,170,12078420,1536.8839591768494,win,0.45,3849.626708984375,40.11274719238281,-28.149900436401367,bfm_angles
3417,170,12078795,1552.4958971818307,win,0.46,3779.010009765625,148.431396484375,-18.049150466918945,bfm_angles
3418,170,12079164,1546.505240675834,win,0.47,3779.010009765625,148.431396484375,-18.049150466918945,bfm_angles
3419,170,12085164,-187.92670272793768,timeout,0.47,2590.976806640625,-82.3664321899414,163.8294677734375,bfm_angles
3420,170,12091164,-258.71703742277316,timeout,0.47,2590.976806640625,-82.3664321899414,163.8294677734375,bfm_angles
3421,171,12094832,-1042.6798648191511,loss,0.46,3910.489501953125,161.02540588378906,142.25558471679688,bfm_angles
3422,171,12100832,-1273.645066857115,timeout,0.45,3910.489501953125,161.02540588378906,142.25558471679688,bfm_angles
3423,171,12102053,1455.0777124699919,win,0.45,3532.490234375,7.456540584564209,-94.99739837646484,bfm_angles
3424,171,12103126,1504.9384458860172,win,0.45,3532.490234375,7.456540584564209,-94.99739837646484,bfm_angles
3425,171,12109126,-341.4359248798829,timeout,0.44,3548.844482421875,-19.14469337463379,-72.68201446533203,bfm_angles
3426,171,12110382,1550.506920931778,win,0.44,3548.844482421875,-19.14469337463379,-72.68201446533203,bfm_angles
3427,171,12110935,1546.5278981930173,win,0.45,3986.2080078125,-105.35298156738281,33.61572265625,bfm_angles
3428,171,12111487,1551.5488558728384,win,0.46,3986.2080078125,-105.35298156738281,33.61572265625,bfm_angles
3429,171,12117487,-585.2713330917456,timeout,0.45,3316.0947265625,91.73395538330078,143.92361450195312,bfm_angles
3430,171,12123487,-169.47890862434963,timeout,0.44,3316.0947265625,91.73395538330078,143.92361450195312,bfm_angles
3431,171,12124517,1556.5536732646283,win,0.45,3334.213134765625,12.719059944152832,-153.83026123046875,bfm_angles
3432,171,12125553,1559.7728596282582,win,0.46,3334.213134765625,12.719059944152832,-153.83026123046875,bfm_angles
3433,171,12131553,-230.83203531113762,timeout,0.46,3838.49951171875,166.66983032226562,127.21698760986328,bfm_angles
3434,171,12137553,-265.4057345365076,timeout,0.46,3838.49951171875,166.66983032226562,127.21698760986328,bfm_angles
3435,171,12143553,-174.03588768150615,timeout,0.46,2834.814453125,-155.30752563476562,-132.76339721679688,bfm_angles
3436,171,12149553,-187.70404288376912,timeout,0.45,2834.814453125,-155.30752563476562,-132.76339721679688,bfm_angles
3437,171,12150691,1535.0833215295247,win,0.45,4157.36376953125,-57.05805206298828,-39.56009292602539,bfm_angles
3438,171,12151753,1596.5371439624912,win,0.45,4157.36376953125,-57.05805206298828,-39.56009292602539,bfm_angles
3439,171,12157753,-353.43609636331576,timeout,0.45,5066.15625,-23.924373626708984,-145.0395050048828,bfm_angles
3440,171,12163753,-313.9573412794188,timeout,0.45,5066.15625,-23.924373626708984,-145.0395050048828,bfm_angles
3441,172,12164198,1572.7251482389738,win,0.45,3632.012939453125,-159.50843811035156,-24.058242797851562,bfm_angles
3442,172,12164562,1537.2809664614613,win,0.45,3632.012939453125,-159.50843811035156,-24.058242797851562,bfm_angles
3443,172,12165017,1547.298286790667,win,0.45,3641.2333984375,154.6848907470703,-92.31974029541016,bfm_angles
3444,172,12165472,1542.3437645441288,win,0.45,3641.2333984375,154.6848907470703,-92.31974029541016,bfm_angles
3445,172,12166047,1549.0634608906628,win,0.46,3668.75390625,129.59942626953125,-123.64766693115234,bfm_angles
3446,172,12166633,1546.3022681930258,win,0.46,3668.75390625,129.59942626953125,-123.64766693115234,bfm_angles
3447,172,12172633,-388.7498953188253,timeout,0.45,3554.957763671875,-5.916410446166992,-150.53709411621094,bfm_angles
3448,172,12178633,-1306.2528515950578,timeout,0.44,3554.957763671875,-5.916410446166992,-150.53709411621094,bfm_angles
3449,172,12179049,1551.359312821694,win,0.44,3652.77587890625,-129.7936553955078,2.4492411613464355,bfm_angles
3450,172,12179465,1558.297977005132,win,0.44,3652.77587890625,-129.7936553955078,2.4492411613464355,bfm_angles
3451,172,12180638,1557.35353843137,win,0.45,3286.0146484375,-32.10537338256836,-109.8923568725586,bfm_angles
3452,172,12182808,-962.9527618320033,loss,0.45,3286.0146484375,-32.10537338256836,-109.8923568725586,bfm_angles
3453,172,12183628,1591.6971140461153,win,0.46,3616.5419921875,-24.6459903717041,-43.57163619995117,bfm_angles
3454,172,12184432,1583.85746007909,win,0.46,3616.5419921875,-24.6459903717041,-43.57163619995117,bfm_angles
3455,172,12190432,-7.70141744040178,timeout,0.46,4226.7314453125,-147.8698272705078,149.8304443359375,bfm_angles
3456,172,12196432,-124.70533590493055,timeout,0.46,4226.7314453125,-147.8698272705078,149.8304443359375,bfm_angles
3457,172,12202432,-986.590078980044,timeout,0.45,3202.793701171875,-25.448362350463867,6.513867378234863,bfm_angles
3458,172,12207278,-963.8465526938211,loss,0.44,3202.793701171875,-25.448362350463867,6.513867378234863,bfm_angles
3459,172,12208187,1627.6474633076755,win,0.45,2290.62548828125,28.40752601623535,52.58168029785156,bfm_angles
3460,172,12208994,1620.7676972179304,win,0.46,2290.62548828125,28.40752601623535,52.58168029785156,bfm_angles
3461,173,12214994,-146.19796498525386,timeout,0.45,3586.36962890625,-32.9832878112793,-102.21435546875,bfm_angles
3462,173,12220994,-188.3547726633047,timeout,0.44,3586.36962890625,-32.9832878112793,-102.21435546875,bfm_angles
3463,173,12222073,1583.023847797166,win,0.44,3492.5625,144.34451293945312,17.670772552490234,bfm_angles
3464,173,12222421,1548.968929022653,win,0.44,3492.5625,144.34451293945312,17.670772552490234,bfm_angles
3465,173,12223133,1571.5995128846632,win,0.45,3500.649658203125,-39.48099899291992,72.38397216796875,bfm_angles
3466,173,12223883,1577.3778737132832,win,0.46,3500.649658203125,-39.48099899291992,72.38397216796875,bfm_angles
3467,173,12224223,1551.9712708004276,win,0.47,3453.61669921875,166.7994842529297,-39.92592239379883,bfm_angles
3468,173,12224603,1532.3772180920382,win,0.48,3453.61669921875,166.7994842529297,-39.92592239379883,bfm_angles
3469,173,12224977,1560.9437127190386,win,0.49,3688.173828125,-148.44247436523438,-11.189682960510254,bfm_angles
3470,173,12225390,1568.4186215062105,win,0.5,3688.173828125,-148.44247436523438,-11.189682960510254,bfm_angles
3471,173,12226113,1617.5395328814739,win,0.51,3077.154296875,41.4223518371582,-36.525306701660156,bfm_angles
3472,173,12229064,1566.9312924623555,win,0.52,3077.154296875,41.4223518371582,-36.525306701660156,bfm_angles
3473,173,12235064,-198.730908651165,timeout,0.51,3601.31103515625,123.22158813476562,117.75410461425781,bfm_angles
3474,173,12241064,-195.6391137062454,timeout,0.5,3601.31103515625,123.22158813476562,117.75410461425781,bfm_angles
3475,173,12241666,1609.6823650866954,win,0.51,2774.302001953125,-36.47776794433594,21.907535552978516,bfm_angles
3476,173,12242245,1607.6640435324032,win,0.52,2774.302001953125,-36.47776794433594,21.907535552978516,bfm_angles
3477,173,12243044,1570.258268469921,win,0.53,4744.7880859375,-74.40723419189453,-83.09996795654297,bfm_angles
3478,173,12243905,1588.9718394323381,win,0.54,4744.7880859375,-74.40723419189453,-83.09996795654297,bfm_angles
3479,173,12244444,1573.4662208382094,win,0.54,4998.08447265625,-130.7601318359375,-28.312929153442383,bfm_angles
3480,173,12244998,1570.0312480926118,win,0.54,4998.08447265625,-130.7601318359375,-28.312929153442383,bfm_angles
3481,174,12250998,-48.94625646286251,timeout,0.53,3390.29541015625,-2.256190061569214,169.7931365966797,bfm_angles
3482,174,12256998,-97.28790640740401,timeout,0.52,3390.29541015625,-2.256190061569214,169.7931365966797,bfm_angles
3483,174,12257374,1553.6585033210633,win,0.52,3596.47802734375,-157.79380798339844,38.216278076171875,bfm_angles
3484,174,12257814,1570.0917177333085,win,0.53,3596.47802734375,-157.79380798339844,38.216278076171875,bfm_angles
3485,174,12263814,-127.17291084000162,timeout,0.52,3292.15869140625,30.051889419555664,142.83050537109375,bfm_angles
3486,174,12269814,-101.83188144363655,timeout,0.51,3292.15869140625,30.051889419555664,142.83050537109375,bfm_angles
3487,174,12275814,-128.6598704364254,timeout,0.51,3645.54833984375,-11.002845764160156,131.5153350830078,bfm_angles
3488,174,12281814,-65.38846419054454,timeout,0.5,3645.54833984375,-11.002845764160156,131.5153350830078,bfm_angles
3489,174,12282343,1556.4865449592585,win,0.51,3625.70703125,107.50088500976562,-89.66619110107422,bfm_angles
3490,174,12282860,1554.7413224673392,win,0.52,3625.70703125,107.50088500976562,-89.66619110107422,bfm_angles
3491,174,12283247,1549.3821825709772,win,0.53,3731.842041015625,-176.65672302246094,54.74903869628906,bfm_angles
3492,174,12283638,1551.875673777523,win,0.54,3731.842041015625,-176.65672302246094,54.74903869628906,bfm_angles
3493,174,12289638,-194.97177196605182,timeout,0.54,3585.303466796875,164.8182830810547,88.25287628173828,bfm_angles
3494,174,12295638,-218.71904156778146,timeout,0.54,3585.303466796875,164.8182830810547,88.25287628173828,bfm_angles
3495,174,12296548,1589.6849996805126,win,0.55,5002.95166015625,39.80204391479492,30.370952606201172,bfm_angles
3496,174,12297478,1576.1524482174482,win,0.56,5002.95166015625,39.80204391479492,30.370952606201172,bfm_angles
3497,174,12298006,1599.0737841838106,win,0.57,3302.3212890625,-75.6075668334961,-4.985171318054199,bfm_angles
3498,174,12298532,1599.9699357227018,win,0.58,3302.3212890625,-75.6075668334961,-4.985171318054199,bfm_angles
3499,174,12299343,1576.348849641819,win,0.58,3665.723388671875,8.584636688232422,-42.36884307861328,bfm_angles
3500,174,12300152,1541.6565590567304,win,0.59,3665.723388671875,8.584636688232422,-42.36884307861328,bfm_angles
3501,175,12300607,1547.4898433464818,win,0.6,3652.149169921875,178.27239990234375,79.47137451171875,bfm_angles
3502,175,12305843,-318.05056131772267,win,0.61,3652.149169921875,178.27239990234375,79.47137451171875,bfm_angles
3503,175,12306515,1539.8614763133853,win,0.62,3267.045654296875,104.53221130371094,-124.94222259521484,bfm_angles
3504,175,12307139,1556.307171515761,win,0.63,3267.045654296875,104.53221130371094,-124.94222259521484,bfm_angles
3505,175,12307980,1597.019960567392,win,0.63,3597.99462890625,-46.809288024902344,-79.10246276855469,bfm_angles
3506,175,12308972,1619.7144365339532,win,0.63,3597.99462890625,-46.809288024902344,-79.10246276855469,bfm_angles
3507,175,12314693,-1053.1862705415367,loss,0.63,3676.01708984375,-39.01164627075195,150.4949493408203,bfm_angles
3508,175,12320693,-87.21031777647632,timeout,0.63,3676.01708984375,-39.01164627075195,150.4949493408203,bfm_angles
3509,175,12321737,1561.4400019451305,win,0.64,3455.28271484375,11.663337707519531,-81.29342651367188,bfm_angles
3510,175,12327737,31.562185853443655,timeout,0.63,3455.28271484375,11.663337707519531,-81.29342651367188,bfm_angles
3511,175,12333737,-193.5778489227014,timeout,0.62,3473.56640625,153.70230102539062,138.15040588378906,bfm_angles
3512,175,12339737,-186.10836254199904,timeout,0.61,3473.56640625,153.70230102539062,138.15040588378906,bfm_angles
3513,175,12340141,1549.144080738803,win,0.62,3742.4814453125,170.29074096679688,60.862239837646484,bfm_angles
3514,175,12340538,1546.1978641312323,win,0.63,3742.4814453125,170.29074096679688,60.862239837646484,bfm_angles
3515,175,12346538,-305.2653811733627,timeout,0.62,3257.908203125,-133.25367736816406,103.88861083984375,bfm_angles
3516,175,12350484,-2543.8730655334352,crash,0.61,3257.908203125,-133.25367736816406,103.88861083984375,bfm_angles
3517,175,12350904,1530.6588352360839,win,0.61,4048.6484375,-136.33767700195312,14.051088333129883,bfm_angles
3518,175,12351326,1526.7084454611213,win,0.61,4048.6484375,-136.33767700195312,14.051088333129883,bfm_angles
3519,175,12351928,1552.8337705245297,win,0.62,4302.09033203125,138.5748748779297,-112.88849639892578,bfm_angles
3520,175,12352559,1558.3432234756556,win,0.63,4302.09033203125,138.5748748779297,-112.88849639892578,bfm_angles
3521,176,12358559,-227.92705708431023,timeout,0.63,3646.478271484375,160.81617736816406,131.6453857421875,bfm_angles
3522,176,12364559,-137.7346135122087,timeout,0.63,3646.478271484375,160.81617736816406,131.6453857421875,bfm_angles
3523,176,12370559,-236.47625783650756,timeout,0.62,3344.98486328125,170.29916381835938,83.30284881591797,bfm_angles
3524,176,12374909,-2048.1159843446376,crash,0.61,3344.98486328125,170.29916381835938,83.30284881591797,bfm_angles
3525,176,12376149,1572.5429509284913,win,0.62,3446.782958984375,-14.974824905395508,-129.20242309570312,bfm_angles
3526,176,12377296,1605.2806203682965,win,0.62,3446.782958984375,-14.974824905395508,-129.20242309570312,bfm_angles
3527,176,12378187,1524.1758541929125,win,0.62,3526.718505859375,-11.031316757202148,102.27535247802734,bfm_angles
3528,176,12379090,1513.733650473362,win,0.62,3526.718505859375,-11.031316757202148,102.27535247802734,bfm_angles
3529,176,12380024,1520.4381358797634,win,0.63,3583.1123046875,29.22676658630371,-98.57620239257812,bfm_angles
3530,176,12381078,1550.8849740583926,win,0.64,3583.1123046875,29.22676658630371,-98.57620239257812,bfm_angles
3531,176,12381977,1560.0099963253992,win,0.64,3326.8310546875,-9.300954818725586,-71.03445434570312,bfm_angles
3532,176,12382976,1563.0787499125074,win,0.64,3326.8310546875,-9.300954818725586,-71.03445434570312,bfm_angles
3533,176,12388976,-190.7055673184452,timeout,0.64,3483.46826171875,16.553070068359375,144.41676330566406,bfm_angles
3534,176,12394976,-117.44892965713562,timeout,0.64,3483.46826171875,16.553070068359375,144.41676330566406,bfm_angles
3535,176,12395326,-995.9965237669546,loss,0.64,2123.44921875,-104.02751159667969,97.8555679321289,bfm_angles
3536,176,12395681,-990.798376245207,loss,0.64,2123.44921875,-104.02751159667969,97.8555679321289,bfm_angles
3537,176,12396554,1678.42564123056,win,0.64,2623.4951171875,-39.97583770751953,-28.613157272338867,bfm_angles
3538,176,12397279,1666.7925177457212,win,0.64,2623.4951171875,-39.97583770751953,-28.613157272338867,bfm_angles
3539,176,12398179,1571.3096842400214,win,0.65,3967.0439453125,-70.95219421386719,-120.90345001220703,bfm_angles
3540,176,12399080,1574.5991538467479,win,0.66,3967.0439453125,-70.95219421386719,-120.90345001220703,bfm_angles
3541,177,12399527,1568.8122613273852,win,0.66,3800.223876953125,-144.26776123046875,34.936912536621094,bfm_angles
3542,177,12399916,1552.7141066974523,win,0.66,3800.223876953125,-144.26776123046875,34.936912536621094,bfm_angles
3543,177,12403585,101.64627711228013,win,0.66,3354.50244140625,0.7996950745582581,87.94550323486328,bfm_angles
3544,177,12404574,1524.4838036736944,win,0.66,3354.50244140625,0.7996950745582581,87.94550323486328,bfm_angles
3545,177,12410574,-176.9130193239436,timeout,0.65,3535.52734375,157.9283905029297,96.02487182617188,bfm_angles
3546,177,12416574,-206.7287781473924,timeout,0.64,3535.52734375,157.9283905029297,96.02487182617188,bfm_angles
3547,177,12417408,1580.1993313809296,win,0.65,3145.84765625,-4.081180095672607,-11.640379905700684,bfm_angles
3548,177,12418317,1573.5912904149027,win,0.66,3145.84765625,-4.081180095672607,-11.640379905700684,bfm_angles
3549,177,12418859,1583.9230006288294,win,0.66,3328.951904296875,91.66907501220703,34.77315139770508,bfm_angles
3550,177,12419416,1590.836788195322,win,0.66,3328.951904296875,91.66907501220703,34.77315139770508,bfm_angles
3551,177,12425416,-109.80479696656133,timeout,0.65,3495.162109375,-3.2873542308807373,162.19606018066406,bfm_angles
3552,177,12431416,-47.6879120592722,timeout,0.65,3495.162109375,-3.2873542308807373,162.19606018066406,bfm_angles
3553,177,12432355,1616.5762693162612,win,0.65,3420.339111328125,-20.124202728271484,-59.07626724243164,bfm_angles
3554,177,12433397,1632.291007448755,win,0.65,3420.339111328125,-20.124202728271484,-59.07626724243164,bfm_angles
3555,177,12434676,1509.2829412263618,win,0.66,2661.4560546875,47.39121627807617,7.050827503204346,bfm_angles
3556,177,12435792,1594.013480550251,win,0.67,2661.4560546875,47.39121627807617,7.050827503204346,bfm_angles
3557,177,12441792,-124.34040216599348,timeout,0.67,4323.81103515625,-169.28955078125,-157.22161865234375,bfm_angles
3558,177,12447792,-189.0267251797365,timeout,0.67,4323.81103515625,-169.28955078125,-157.22161865234375,bfm_angles
3559,177,12448070,1544.4782709464519,win,0.67,2126.25732421875,96.43242645263672,-22.296213150024414,bfm_angles
3560,177,12448349,1542.9447645769146,win,0.67,2126.25732421875,96.43242645263672,-22.296213150024414,bfm_angles
3561,178,12449112,1566.6280005291585,win,0.68,3602.76953125,-32.63676452636719,53.97331619262695,bfm_angles
3562,178,12449805,1567.255133699856,win,0.69,3602.76953125,-32.63676452636719,53.97331619262695,bfm_angles
3563,178,12450532,1625.9396839014962,win,0.69,3574.161865234375,-42.591552734375,-17.249263763427734,bfm_angles
3564,178,12451269,1613.5450508555039,win,0.69,3574.161865234375,-42.591552734375,-17.249263763427734,bfm_angles
3565,178,12452783,-1310.517017365807,crash,0.68,3119.142578125,-10.892576217651367,-77.6952133178711,bfm_angles
3566,178,12458783,-537.524880107571,timeout,0.67,3119.142578125,-10.892576217651367,-77.6952133178711,bfm_angles
3567,178,12459150,1544.2528592131814,win,0.67,3689.15087890625,-175.38694763183594,6.594083786010742,bfm_angles
3568,178,12459502,1542.981144307901,win,0.67,3689.15087890625,-175.38694763183594,6.594083786010742,bfm_angles
3569,178,12465502,-88.76365927382417,timeout,0.66,3251.9833984375,8.11090087890625,130.22698974609375,bfm_angles
3570,178,12466886,1533.9453929232777,win,0.66,3251.9833984375,8.11090087890625,130.22698974609375,bfm_angles
3571,178,12472886,-317.28338725997367,timeout,0.65,3526.4580078125,171.91775512695312,86.64839935302734,bfm_angles
3572,178,12478886,-264.871364124884,timeout,0.64,3526.4580078125,171.91775512695312,86.64839935302734,bfm_angles
3573,178,12479347,1553.779241645278,win,0.65,3783.26904296875,175.0785369873047,-78.89678955078125,bfm_angles
3574,178,12479885,1556.3825231843005,win,0.66,3783.26904296875,175.0785369873047,-78.89678955078125,bfm_angles
3575,178,12482885,1432.137702308127,win,0.66,5027.06005859375,21.680145263671875,172.9654083251953,bfm_angles
3576,178,12488885,-232.67253257326638,timeout,0.65,5027.06005859375,21.680145263671875,172.9654083251953,bfm_angles
3577,178,12494885,-112.31650025540488,timeout,0.64,4264.85546875,-100.76846313476562,135.27359008789062,bfm_angles
3578,178,12500885,-206.71462561291077,timeout,0.63,4264.85546875,-100.76846313476562,135.27359008789062,bfm_angles
3579,178,12502890,-1020.0753834587559,loss,0.62,2868.269775390625,144.97787475585938,88.81463623046875,bfm_angles
3580,178,12505463,-1054.8072559161742,loss,0.61,2868.269775390625,144.97787475585938,88.81463623046875,bfm_angles
3581,179,12505811,1558.438408836292,win,0.62,3628.2724609375,177.5376434326172,-24.371009826660156,bfm_angles
3582,179,12506161,1557.6516836040787,win,0.63,3628.2724609375,177.5376434326172,-24.371009826660156,bfm_angles
3583,179,12512161,-295.41419628088875,timeout,0.62,3328.250732421875,23.71259307861328,157.22601318359375,bfm_angles
3584,179,12513592,1490.4509519702185,win,0.62,3328.250732421875,23.71259307861328,157.22601318359375,bfm_angles
3585,179,12515425,-1065.0326179536912,loss,0.62,3531.0341796875,141.55906677246094,75.53536224365234,bfm_angles
3586,179,12517883,-1072.2150192606284,loss,0.62,3531.0341796875,141.55906677246094,75.53536224365234,bfm_angles
3587,179,12518987,1510.8737162878767,win,0.63,3566.52685546875,-1.2545439004898071,-57.0956916809082,bfm_angles
3588,179,12520018,1537.2747221470572,win,0.64,3566.52685546875,-1.2545439004898071,-57.0956916809082,bfm_angles
3589,179,12526018,-260.8607576892229,timeout,0.63,3166.223876953125,2.8197145462036133,-105.82325744628906,bfm_angles
3590,179,12526842,1554.4100057612623,win,0.63,3166.223876953125,2.8197145462036133,-105.82325744628906,bfm_angles
3591,179,12532842,-49.59685122591418,timeout,0.62,3622.12841796875,-4.084476470947266,125.49718475341797,bfm_angles
3592,179,12538487,-1047.2173605583137,loss,0.61,3622.12841796875,-4.084476470947266,125.49718475341797,bfm_angles
3593,179,12538899,1563.8813218172045,win,0.62,3960.495849609375,167.69436645507812,-41.14295196533203,bfm_angles
3594,179,12539309,1563.3874155395874,win,0.63,3960.495849609375,167.69436645507812,-41.14295196533203,bfm_angles
3595,179,12540545,1545.808593363733,win,0.63,4703.74609375,-24.122106552124023,-148.01405334472656,bfm_angles
3596,179,12542018,1527.493485149132,win,0.63,4703.74609375,-24.122106552124023,-148.01405334472656,bfm_angles
3597,179,12542883,1578.873908575907,win,0.63,4340.5029296875,58.36565399169922,-85.79280853271484,bfm_angles
3598,179,12543660,1562.8515941948663,win,0.63,4340.5029296875,58.36565399169922,-85.79280853271484,bfm_angles
3599,179,12544383,1587.1542622263232,win,0.63,2946.855224609375,-11.99952220916748,29.454517364501953,bfm_angles
3600,179,12545138,1573.5495366650373,win,0.63,2946.855224609375,-11.99952220916748,29.454517364501953,bfm_angles
3601,180,12551138,-275.3154866355128,timeout,0.62,3330.7900390625,179.53819274902344,-113.3252944946289,bfm_angles
3602,180,12557138,-273.31676789581167,timeout,0.61,3330.7900390625,179.53819274902344,-113.3252944946289,bfm_angles
3603,180,12557822,1558.2633237103241,win,0.61,3165.29638671875,-25.460994720458984,36.97924041748047,bfm_angles
3604,180,12558495,1547.7596137476808,win,0.61,3165.29638671875,-25.460994720458984,36.97924041748047,bfm_angles
3605,180,12559006,-1047.6971033516356,loss,0.6,3372.181640625,-159.3625030517578,68.24562072753906,bfm_angles
3606,180,12559384,1542.1128323055173,win,0.6,3372.181640625,-159.3625030517578,68.24562072753906,bfm_angles
3607,180,12560249,1520.7645774339414,win,0.61,3503.77001953125,-5.436798572540283,-27.676546096801758,bfm_angles
3608,180,12563470,-1252.6697288333887,loss,0.61,3503.77001953125,-5.436798572540283,-27.676546096801758,bfm_angles
3609,180,12564426,1499.203821975332,win,0.61,3421.09423828125,-12.34109878540039,-83.9465103149414,bfm_angles
3610,180,12565381,1574.8333155410737,win,0.62,3421.09423828125,-12.34109878540039,-83.9465103149414,bfm_angles
3611,180,12565818,1553.6727761543189,win,0.63,3907.248046875,-161.39749145507812,-60.74846267700195,bfm_angles
3612,180,12566340,1572.6261956414037,win,0.64,3907.248046875,-161.39749145507812,-60.74846267700195,bfm_angles
3613,180,12566804,1549.9522044970593,win,0.64,3675.99169921875,155.79083251953125,-90.35216522216797,bfm_angles
3614,180,12567324,1562.534398087798,win,0.64,3675.99169921875,155.79083251953125,-90.35216522216797,bfm_angles
3615,180,12573324,-172.5658634562074,timeout,0.64,1997.310546875,-24.484045028686523,153.83363342285156,bfm_angles
3616,180,12574297,1541.7945344952084,win,0.65,1997.310546875,-24.484045028686523,153.83363342285156,bfm_angles
3617,180,12580297,-187.45223432966583,timeout,0.64,1947.01953125,69.5283432006836,148.60658264160156,bfm_angles
3618,180,12586297,-179.48154891833568,timeout,0.63,1947.01953125,69.5283432006836,148.60658264160156,bfm_angles
3619,180,12592297,-289.94855731382535,timeout,0.62,3486.4365234375,80.78665161132812,-164.83685302734375,bfm_angles
3620,180,12598297,-156.1461027379033,timeout,0.61,3486.4365234375,80.78665161132812,-164.83685302734375,bfm_angles
3621,181,12598989,1593.8835085504159,win,0.62,3338.91845703125,-39.77396011352539,-5.529806137084961,bfm_angles
3622,181,12599671,1589.8855608982421,win,0.63,3338.91845703125,-39.77396011352539,-5.529806137084961,bfm_angles
3623,181,12601934,-1064.0883457490536,loss,0.63,3329.28564453125,-3.5181915760040283,-83.73065185546875,bfm_angles
3624,181,12602926,1511.0165913995618,win,0.64,3329.28564453125,-3.5181915760040283,-83.73065185546875,bfm_angles
3625,181,12608926,-238.12958664798194,timeout,0.63,3724.45703125,-27.31001853942871,131.96534729003906,bfm_angles
3626,181,12609910,1555.5497725710961,win,0.63,3724.45703125,-27.31001853942871,131.96534729003906,bfm_angles
3627,181,12610387,1550.6882640001472,win,0.63,3726.05126953125,-166.37814331054688,91.57769775390625,bfm_angles
3628,181,12610869,1551.8231038402575,win,0.63,3726.05126953125,-166.37814331054688,91.57769775390625,bfm_angles
3629,181,12612030,1531.4702575400177,win,0.63,3313.06591796875,3.4690866470336914,-116.03226470947266,bfm_angles
3630,181,12613318,1529.8250537648728,win,0.63,3313.06591796875,3.4690866470336914,-116.03226470947266,bfm_angles
3631,181,12619318,-252.70382125132798,timeout,0.62,3336.1318359375,131.0854034423828,101.02205657958984,bfm_angles
3632,181,12625318,-268.8148238716405,timeout,0.61,3336.1318359375,131.0854034423828,101.02205657958984,bfm_angles
3633,181,12626327,1559.7851557380022,win,0.62,3328.182861328125,17.20813751220703,-114.64777374267578,bfm_angles
3634,181,12627352,1560.9850981955228,win,0.63,3328.182861328125,17.20813751220703,-114.64777374267578,bfm_angles
3635,181,12633352,-127.63386419371321,timeout,0.63,2481.862548828125,74.35906219482422,99.39254760742188,bfm_angles
3636,181,12639352,-231.03723813512147,timeout,0.63,2481.862548828125,74.35906219482422,99.39254760742188,bfm_angles
3637,181,12640008,1562.8558305048325,win,0.63,4641.79443359375,-87.41634368896484,84.6097640991211,bfm_angles
3638,181,12640673,1566.7601999315132,win,0.63,4641.79443359375,-87.41634368896484,84.6097640991211,bfm_angles
3639,181,12641154,1562.0604024013753,win,0.63,4542.14306640625,175.91624450683594,39.99225997924805,bfm_angles
3640,181,12641638,1565.607570975978,win,0.63,4542.14306640625,175.91624450683594,39.99225997924805,bfm_angles
3641,182,12642310,1560.9014849064088,win,0.63,3437.434326171875,61.064144134521484,-81.80287170410156,bfm_angles
3642,182,12642909,1553.7704355299568,win,0.63,3437.434326171875,61.064144134521484,-81.80287170410156,bfm_angles
3643,182,12648909,-132.4145675323871,timeout,0.62,3584.168212890625,162.30938720703125,104.0541763305664,bfm_angles
3644,182,12652328,-1050.1084429368682,loss,0.61,3584.168212890625,162.30938720703125,104.0541763305664,bfm_angles
3645,182,12658328,-191.26168253695818,timeout,0.61,3539.2900390625,-56.62343978881836,98.82836151123047,bfm_angles
3646,182,12664328,-217.26535544983957,timeout,0.61,3539.2900390625,-56.62343978881836,98.82836151123047,bfm_angles
3647,182,12665652,1564.4204342922646,win,0.61,3389.991455078125,-27.110658645629883,-98.19971466064453,bfm_angles
3648,182,12666930,1576.4054545410543,win,0.61,3389.991455078125,-27.110658645629883,-98.19971466064453,bfm_angles
3649,182,12672930,-281.61627456445893,timeout,0.6,3351.03076171875,75.02317810058594,86.58016204833984,bfm_angles
3650,182,12676905,-1371.7603506930052,loss,0.59,3351.03076171875,75.02317810058594,86.58016204833984,bfm_angles
3651,182,12677863,1635.0208722529808,win,0.6,3472.884765625,-12.272195816040039,-31.437496185302734,bfm_angles
3652,182,12678827,1648.2585137255292,win,0.61,3472.884765625,-12.272195816040039,-31.437496185302734,bfm_angles
3653,182,12683416,-1676.7780492466595,crash,0.6,3667.00732421875,-100.06472778320312,-155.44381713867188,bfm_angles
3654,182,12686742,-1586.0267284998956,crash,0.59,3667.00732421875,-100.06472778320312,-155.44381713867188,bfm_angles
3655,182,12691361,-1525.8801294925925,crash,0.58,3165.5576171875,-23.00579833984375,-179.0845184326172,bfm_angles
3656,182,12697034,-2576.759828106222,crash,0.57,3165.5576171875,-23.00579833984375,-179.0845184326172,bfm_angles
3657,182,12697818,1604.9764798315146,win,0.58,4185.09326171875,43.58372116088867,1.9690608978271484,bfm_angles
3658,182,12698607,1607.8729533829028,win,0.59,4185.09326171875,43.58372116088867,1.9690608978271484,bfm_angles
3659,182,12704607,-583.9726926771832,timeout,0.58,2456.496826171875,-14.623030662536621,159.0797882080078,bfm_angles
3660,182,12710607,-2210.7476615373,timeout,0.57,2456.496826171875,-14.623030662536621,159.0797882080078,bfm_angles
3661,183,12716607,-74.57149758828282,timeout,0.56,3208.80126953125,-4.046367645263672,163.1927032470703,bfm_angles
3662,183,12722607,-313.6182163051724,timeout,0.55,3208.80126953125,-4.046367645263672,163.1927032470703,bfm_angles
3663,183,12728607,-350.90589853445067,timeout,0.54,2852.83447265625,65.1301040649414,144.00791931152344,bfm_angles
3664,183,12734607,-338.6451588109611,timeout,0.53,2852.83447265625,65.1301040649414,144.00791931152344,bfm_angles
3665,183,12740607,-92.69998273691854,timeout,0.53,3330.72900390625,-6.948023319244385,152.12522888183594,bfm_angles
3666,183,12746607,-180.7542784235877,timeout,0.53,3330.72900390625,-6.948023319244385,152.12522888183594,bfm_angles
3667,183,12747360,1607.651119023468,win,0.53,3608.5029296875,-62.43198013305664,-46.145668029785156,bfm_angles
3668,183,12748088,1601.839969911134,win,0.53,3608.5029296875,-62.43198013305664,-46.145668029785156,bfm_angles
3669,183,12754088,-236.07774903173052,timeout,0.53,3658.9833984375,145.0774383544922,104.86260223388672,bfm_angles
3670,183,12758266,-1120.1076789057176,loss,0.52,3658.9833984375,145.0774383544922,104.86260223388672,bfm_angles
3671,183,12759514,1496.177507466721,win,0.53,3717.05517578125,4.381563663482666,76.35054779052734,bfm_angles
3672,183,12760684,1429.6835522105227,win,0.54,3717.05517578125,4.381563663482666,76.35054779052734,bfm_angles
3673,183,12766684,-601.2626308801104,timeout,0.53,3279.691650390625,-146.4866180419922,112.93850708007812,bfm_angles
3674,183,12772684,-247.7376127021369,timeout,0.52,3279.691650390625,-146.4866180419922,112.93850708007812,bfm_angles
3675,183,12773213,1546.7738412687645,win,0.52,4961.134765625,125.72534942626953,-19.615192413330078,bfm_angles
3676,183,12773776,1553.3761869676157,win,0.53,4961.134765625,125.72534942626953,-19.615192413330078,bfm_angles
3677,183,12774482,1558.983942577714,win,0.54,3943.31640625,-76.45829772949219,101.0390396118164,bfm_angles
3678,183,12775180,1557.5425114942213,win,0.55,3943.31640625,-76.45829772949219,101.0390396118164,bfm_angles
3679,183,12776151,1533.1947071234267,win,0.56,4943.4384765625,34.037906646728516,-59.99882888793945,bfm_angles
3680,183,12777123,1541.2822072437666,win,0.57,4943.4384765625,34.037906646728516,-59.99882888793945,bfm_angles
3681,184,12777491,1549.38551580309,win,0.57,3636.96044921875,173.6178436279297,48.461280822753906,bfm_angles
3682,184,12777857,1550.2719088564586,win,0.57,3636.96044921875,173.6178436279297,48.461280822753906,bfm_angles
3683,184,12778881,1495.6822231091824,win,0.58,3214.1806640625,46.113006591796875,-121.76548767089844,bfm_angles
3684,184,12779937,1553.4428986794528,win,0.58,3214.1806640625,46.113006591796875,-121.76548767089844,bfm_angles
3685,184,12781364,-986.5830490121454,loss,0.58,3615.767333984375,52.58960723876953,142.980224609375,bfm_angles
3686,184,12782831,-987.4444100773696,loss,0.58,3615.767333984375,52.58960723876953,142.980224609375,bfm_angles
3687,184,12783298,1553.0708825219117,win,0.58,3810.67529296875,-166.4073028564453,-68.91897583007812,bfm_angles
3688,184,12783753,1555.8303740006754,win,0.58,3810.67529296875,-166.4073028564453,-68.91897583007812,bfm_angles
3689,184,12784328,-954.8629159703834,loss,0.58,3671.04736328125,152.91867065429688,-97.95895385742188,bfm_angles
3690,184,12784904,1555.9749758683663,win,0.58,3671.04736328125,152.91867065429688,-97.95895385742188,bfm_angles
3691,184,12790904,-137.4078506934052,timeout,0.58,3413.90185546875,-29.619972229003906,110.69058227539062,bfm_angles
3692,184,12796904,-144.8418748326578,timeout,0.58,3413.90185546875,-29.619972229003906,110.69058227539062,bfm_angles
3693,184,12797597,1641.1452388569708,win,0.58,3558.463134765625,-27.91921615600586,-4.911937236785889,bfm_angles
3694,184,12803597,3.121246920081987,timeout,0.57,3558.463134765625,-27.91921615600586,-4.911937236785889,bfm_angles
3695,184,12809597,-202.85302454048647,timeout,0.56,2812.79150390625,79.52069854736328,78.2997817993164,bfm_angles
3696,184,12815559,-1259.3976507576817,loss,0.55,2812.79150390625,79.52069854736328,78.2997817993164,bfm_angles
3697,184,12816176,1581.9039250157778,win,0.55,2794.23974609375,39.69615936279297,-77.35794830322266,bfm_angles
3698,184,12816878,1592.645698753423,win,0.55,2794.23974609375,39.69615936279297,-77.35794830322266,bfm_angles
3699,184,12817661,1560.1472636378542,win,0.55,3631.49658203125,-12.2295560836792,42.17774963378906,bfm_angles
3700,184,12818451,1596.574064830923,win,0.55,3631.49658203125,-12.2295560836792,42.17774963378906,bfm_angles
3701,185,12819111,1579.4392523492993,win,0.56,3071.6220703125,40.712284088134766,-82.8823013305664,bfm_angles
3702,185,12819779,1579.531417334294,win,0.57,3071.6220703125,40.712284088134766,-82.8823013305664,bfm_angles
3703,185,12820312,1557.0943678137892,win,0.57,3206.52587890625,90.50831604003906,-87.34369659423828,bfm_angles
3704,185,12820828,1551.9575487018415,win,0.57,3206.52587890625,90.50831604003906,-87.34369659423828,bfm_angles
3705,185,12821527,1572.6448826592182,win,0.58,3570.23828125,-35.998050689697266,39.8449821472168,bfm_angles
3706,185,12822190,1556.9061787606852,win,0.58,3570.23828125,-35.998050689697266,39.8449821472168,bfm_angles
3707,185,12822745,1552.1324539855175,win,0.58,3953.50634765625,-119.33538818359375,90.93196105957031,bfm_angles
3708,185,12823277,1554.922171896481,win,0.59,3953.50634765625,-119.33538818359375,90.93196105957031,bfm_angles
3709,185,12829133,-1214.5940012826327,loss,0.58,3470.5322265625,124.20525360107422,150.84963989257812,bfm_angles
3710,185,12835095,-1253.213472453787,loss,0.57,3470.5322265625,124.20525360107422,150.84963989257812,bfm_angles
3711,185,12840980,-1251.5545502955608,loss,0.56,3383.742431640625,-120.40863800048828,-165.53640747070312,bfm_angles
3712,185,12844802,-1107.0214164857114,loss,0.55,3383.742431640625,-120.40863800048828,-165.53640747070312,bfm_angles
3713,185,12845247,1552.9604959885196,win,0.55,3730.529541015625,172.5379638671875,73.16941833496094,bfm_angles
3714,185,12845705,-983.9420266397489,loss,0.54,3730.529541015625,172.5379638671875,73.16941833496094,bfm_angles
3715,185,12846108,-972.3936058829224,loss,0.54,2803.560791015625,124.98450469970703,-100.24199676513672,bfm_angles
3716,185,12846514,-973.5470236739314,loss,0.53,2803.560791015625,124.98450469970703,-100.24199676513672,bfm_angles
3717,185,12848858,-1634.577663815568,crash,0.53,2219.2216796875,-107.65593719482422,-40.99589538574219,bfm_angles
3718,185,12849916,1647.9192072057015,win,0.54,2219.2216796875,-107.65593719482422,-40.99589538574219,bfm_angles
3719,185,12850328,1577.7729485195737,win,0.55,3197.791015625,-97.98743438720703,-2.0737807750701904,bfm_angles
3720,185,12850743,1580.3218490537463,win,0.56,3197.791015625,-97.98743438720703,-2.0737807750701904,bfm_angles
3721,186,12851091,1547.7947241172458,win,0.56,3434.2451171875,149.53305053710938,-33.095706939697266,bfm_angles
3722,186,12851502,1567.6050813122138,win,0.56,3434.2451171875,149.53305053710938,-33.095706939697266,bfm_angles
3723,186,12852550,1526.8026296690405,win,0.57,3563.166015625,-15.497322082519531,-105.62589263916016,bfm_angles
3724,186,12853518,1576.9580777729648,win,0.57,3563.166015625,-15.497322082519531,-105.62589263916016,bfm_angles
3725,186,12857510,-1095.4870717173715,loss,0.57,3362.14794921875,178.82029724121094,100.6106185913086,bfm_angles
3726,186,12862735,-1199.6855294815264,loss,0.56,3362.14794921875,178.82029724121094,100.6106185913086,bfm_angles
3727,186,12868735,-128.54815281225316,timeout,0.55,3622.47998046875,-20.824542999267578,141.11131286621094,bfm_angles
3728,186,12874735,-128.409147625253,timeout,0.54,3622.47998046875,-20.824542999267578,141.11131286621094,bfm_angles
3729,186,12875669,1507.225013735738,win,0.54,3368.006103515625,-9.502518653869629,125.72337341308594,bfm_angles
3730,186,12876623,1501.6659062991043,win,0.54,3368.006103515625,-9.502518653869629,125.72337341308594,bfm_angles
3731,186,12882623,-217.3305987275932,timeout,0.54,3250.6376953125,41.26441192626953,104.88336181640625,bfm_angles
3732,186,12888623,-158.84011251542898,timeout,0.54,3250.6376953125,41.26441192626953,104.88336181640625,bfm_angles
3733,186,12889293,1562.6549032937066,win,0.54,3416.38037109375,-48.75459671020508,71.46552276611328,bfm_angles
3734,186,12889959,1561.090283651588,win,0.54,3416.38037109375,-48.75459671020508,71.46552276611328,bfm_angles
3735,186,12891219,-987.3729900850842,loss,0.54,3490.8154296875,-45.14545822143555,-71.96414947509766,bfm_angles
3736,186,12892651,1474.59215106021,win,0.55,3490.8154296875,-45.14545822143555,-71.96414947509766,bfm_angles
3737,186,12893975,-1028.9088351552896,loss,0.54,2583.78662109375,153.16732788085938,-2.0783557891845703,bfm_angles
3738,186,12895182,1449.9712862595832,win,0.54,2583.78662109375,153.16732788085938,-2.0783557891845703,bfm_angles
3739,186,12896370,1579.40459965322,win,0.54,3335.43505859375,-115.75838470458984,36.349910736083984,bfm_angles
3740,186,12896802,1556.2021635775145,win,0.54,3335.43505859375,-115.75838470458984,36.349910736083984,bfm_angles
3741,187,12897727,1596.278203161222,win,0.54,3241.99951171875,-33.25927734375,-104.85480499267578,bfm_angles
3742,187,12898726,1607.5409700194984,win,0.54,3241.99951171875,-33.25927734375,-104.85480499267578,bfm_angles
3743,187,12899129,1552.8747443365392,win,0.55,3333.452392578125,127.9541015625,-39.072731018066406,bfm_angles
3744,187,12899483,1551.5446583517244,win,0.56,3333.452392578125,127.9541015625,-39.072731018066406,bfm_angles
3745,187,12900442,1527.205699090011,win,0.57,3221.15771484375,-4.806667327880859,-101.98590850830078,bfm_angles
3746,187,12901363,1561.0043230053088,win,0.58,3221.15771484375,-4.806667327880859,-101.98590850830078,bfm_angles
3747,187,12902810,1362.6027654259374,win,0.58,3244.7490234375,-5.1297607421875,-106.71825408935547,bfm_angles
3748,187,12904319,1374.883202021289,win,0.58,3244.7490234375,-5.1297607421875,-106.71825408935547,bfm_angles
3749,187,12910319,-235.9505699713873,timeout,0.58,3268.790771484375,37.89751052856445,135.96978759765625,bfm_angles
3750,187,12916319,-198.82386925424223,timeout,0.58,3268.790771484375,37.89751052856445,135.96978759765625,bfm_angles
3751,187,12917380,1547.143096031865,win,0.58,3653.501953125,-47.03553771972656,-126.3835678100586,bfm_angles
3752,187,12918434,1538.4113895020796,win,0.58,3653.501953125,-47.03553771972656,-126.3835678100586,bfm_angles
3753,187,12918879,1551.3977131702727,win,0.59,3937.0341796875,-179.97140502929688,-69.48867797851562,bfm_angles
3754,187,12919391,1568.0481995003852,win,0.6,3937.0341796875,-179.97140502929688,-69.48867797851562,bfm_angles
3755,187,12925391,-314.5656142046393,timeout,0.6,2044.1156005859375,-169.6821746826172,-130.81982421875,bfm_angles
3756,187,12931391,-306.7409685163393,timeout,0.6,2044.1156005859375,-169.6821746826172,-130.81982421875,bfm_angles
3757,187,12931868,1576.6282470000197,win,0.6,3283.748291015625,-101.51917266845703,-43.45701599121094,bfm_angles
3758,187,12932356,1578.0508775958608,win,0.6,3283.748291015625,-101.51917266845703,-43.45701599121094,bfm_angles
3759,187,12932653,1549.538484088171,win,0.61,2430.745361328125,-151.9510955810547,-27.40084457397461,bfm_angles
3760,187,12932943,1546.4209089619944,win,0.62,2430.745361328125,-151.9510955810547,-27.40084457397461,bfm_angles
3761,188,12933790,1551.5031652153077,win,0.63,3055.65771484375,5.118282318115234,-102.41615295410156,bfm_angles
3762,188,12934655,1562.149786087982,win,0.64,3055.65771484375,5.118282318115234,-102.41615295410156,bfm_angles
3763,188,12935346,1560.2107220934565,win,0.65,3586.7646484375,-40.47544860839844,77.0090103149414,bfm_angles
3764,188,12936035,1545.6978085294238,win,0.66,3586.7646484375,-40.47544860839844,77.0090103149414,bfm_angles
3765,188,12936756,1647.807383302365,win,0.67,3306.4306640625,-30.576343536376953,-10.508990287780762,bfm_angles
3766,188,12937438,1632.6613908400495,win,0.68,3306.4306640625,-30.576343536376953,-10.508990287780762,bfm_angles
3767,188,12943395,-1108.7290995269154,loss,0.67,3462.810791015625,178.33131408691406,59.9564323425293,bfm_angles
3768,188,12949395,-128.2611779499061,timeout,0.66,3462.810791015625,178.33131408691406,59.9564323425293,bfm_angles
3769,188,12955395,-293.11715051168886,timeout,0.66,3335.479736328125,175.53933715820312,92.86637115478516,bfm_angles
3770,188,12961395,-320.90312618730377,timeout,0.66,3335.479736328125,175.53933715820312,92.86637115478516,bfm_angles
3771,188,12961746,1557.4161565429874,win,0.66,3611.809326171875,173.4228057861328,23.603700637817383,bfm_angles
3772,188,12962097,1552.1280494153507,win,0.66,3611.809326171875,173.4228057861328,23.603700637817383,bfm_angles
3773,188,12962538,1550.1877822203896,win,0.67,3384.18408203125,-142.55548095703125,85.56982421875,bfm_angles
3774,188,12962960,1547.8608430590132,win,0.68,3384.18408203125,-142.55548095703125,85.56982421875,bfm_angles
3775,188,12968960,-317.0559671187394,timeout,0.67,2223.602294921875,118.3747329711914,-133.20480346679688,bfm_angles
3776,188,12974960,-335.008499209016,timeout,0.66,2223.602294921875,118.3747329711914,-133.20480346679688,bfm_angles
3777,188,12975692,-976.2736754586044,loss,0.65,2861.08740234375,-110.13752746582031,-106.07080078125,bfm_angles
3778,188,12976437,-974.2377972248473,loss,0.64,2861.08740234375,-110.13752746582031,-106.07080078125,bfm_angles
3779,188,12982437,-205.5005068281619,timeout,0.63,2498.602783203125,-59.094390869140625,-174.380126953125,bfm_angles
3780,188,12988437,-229.30454613965136,timeout,0.62,2498.602783203125,-59.094390869140625,-174.380126953125,bfm_angles
3781,189,12988798,1548.2313715929981,win,0.62,3543.505126953125,165.02540588378906,46.6906852722168,bfm_angles
3782,189,12989155,1546.9452328870932,win,0.62,3543.505126953125,165.02540588378906,46.6906852722168,bfm_angles
3783,189,12989560,-975.1063032089008,loss,0.61,3132.90087890625,137.48573303222656,-92.49237060546875,bfm_angles
3784,189,12989972,-971.7177877321341,loss,0.6,3132.90087890625,137.48573303222656,-92.49237060546875,bfm_angles
3785,189,12995972,-261.65697805815995,timeout,0.6,3486.74267578125,107.43309783935547,86.58092498779297,bfm_angles
3786,189,13001972,-254.95549154999028,timeout,0.6,3486.74267578125,107.43309783935547,86.58092498779297,bfm_angles
3787,189,13007972,-172.88307436193864,timeout,0.59,3320.5576171875,-27.026525497436523,149.4566650390625,bfm_angles
3788,189,13013972,-147.70561159122278,timeout,0.58,3320.5576171875,-27.026525497436523,149.4566650390625,bfm_angles
3789,189,13019972,-304.0187876073453,timeout,0.58,3658.0576171875,153.9611053466797,77.68682861328125,bfm_angles
3790,189,13025972,-302.6253188697955,timeout,0.57,3658.0576171875,153.9611053466797,77.68682861328125,bfm_angles
3791,189,13026350,1552.040756635297,win,0.58,3305.74462890625,-125.25851440429688,8.55184555053711,bfm_angles
3792,189,13026712,1555.1825240112073,win,0.59,3305.74462890625,-125.25851440429688,8.55184555053711,bfm_angles
3793,189,13027670,1398.7848418267386,win,0.59,3229.900634765625,4.078813076019287,93.04097747802734,bfm_angles
3794,189,13028630,1494.6403832267442,win,0.6,3229.900634765625,4.078813076019287,93.04097747802734,bfm_angles
3795,189,13034630,-199.4240855955448,timeout,0.6,2862.156982421875,-55.764244079589844,151.32460021972656,bfm_angles
3796,189,13040630,-219.3342102986054,timeout,0.6,2862.156982421875,-55.764244079589844,151.32460021972656,bfm_angles
3797,189,13042110,1434.0301316121574,win,0.6,4753.4462890625,-4.12531042098999,-100.88119506835938,bfm_angles
3798,189,13045205,-1393.1837366733682,loss,0.59,4753.4462890625,-4.12531042098999,-100.88119506835938,bfm_angles
3799,189,13051205,-273.3270445739505,timeout,0.58,2119.814453125,-76.9566879272461,133.8687744140625,bfm_angles
3800,189,13057205,-281.68196446879756,timeout,0.57,2119.814453125,-76.9566879272461,133.8687744140625,bfm_angles
3801,190,13063205,-131.2859558721679,timeout,0.56,3053.76171875,43.2086067199707,-165.5966339111328,bfm_angles
3802,190,13069205,-112.65047583171109,timeout,0.55,3053.76171875,43.2086067199707,-165.5966339111328,bfm_angles
3803,190,13069792,1567.1689342035404,win,0.55,3465.0908203125,-86.61534881591797,85.57693481445312,bfm_angles
3804,190,13070320,-960.2461017296707,loss,0.54,3465.0908203125,-86.61534881591797,85.57693481445312,bfm_angles
3805,190,13070673,1549.055795524326,win,0.54,3475.869140625,147.9071807861328,-52.70076370239258,bfm_angles
3806,190,13071026,1545.0815850528074,win,0.54,3475.869140625,147.9071807861328,-52.70076370239258,bfm_angles
3807,190,13071517,-971.3379460401242,loss,0.53,3564.29443359375,-123.72221374511719,87.55638122558594,bfm_angles
3808,190,13072011,-968.6290359767174,loss,0.52,3564.29443359375,-123.72221374511719,87.55638122558594,bfm_angles
3809,190,13078011,-52.72008449128756,timeout,0.52,3739.3349609375,-35.526275634765625,-162.5091552734375,bfm_angles
3810,190,13084011,-160.02107705666222,timeout,0.52,3739.3349609375,-35.526275634765625,-162.5091552734375,bfm_angles
3811,190,13090011,-66.6217393266892,timeout,0.52,3661.541748046875,37.529972076416016,130.95884704589844,bfm_angles
3812,190,13096011,-46.763574253377804,timeout,0.52,3661.541748046875,37.529972076416016,130.95884704589844,bfm_angles
3813,190,13097443,1453.116509562042,win,0.52,3156.2109375,-5.683014869689941,-152.20594787597656,bfm_angles
3814,190,13098925,1369.9387166356128,win,0.53,3156.2109375,-5.683014869689941,-152.20594787597656,bfm_angles
3815,190,13099924,1622.8008858075843,win,0.54,2890.585693359375,-129.66009521484375,-15.624063491821289,bfm_angles
3816,190,13100310,1570.26650653132,win,0.55,2890.585693359375,-129.66009521484375,-15.624063491821289,bfm_angles
3817,190,13106310,-193.62177856505232,timeout,0.55,4042.04248046875,-106.28006744384766,129.34776306152344,bfm_angles
3818,190,13112310,-174.73276867085994,timeout,0.54,4042.04248046875,-106.28006744384766,129.34776306152344,bfm_angles
3819,190,13118310,-282.2983992985733,timeout,0.53,2306.843017578125,-151.02435302734375,140.8525848388672,bfm_angles
3820,190,13124310,-239.37940901363683,timeout,0.52,2306.843017578125,-151.02435302734375,140.8525848388672,bfm_angles
3821,191,13130310,-282.19143565404215,timeout,0.51,3405.8173828125,144.08770751953125,77.09188079833984,bfm_angles
3822,191,13136310,-255.2799751061703,timeout,0.5,3405.8173828125,144.08770751953125,77.09188079833984,bfm_angles
3823,191,13142310,-206.31071897832558,timeout,0.49,3380.50341796875,107.22138214111328,135.8567657470703,bfm_angles
3824,191,13148310,-198.2297148295412,timeout,0.48,3380.50341796875,107.22138214111328,135.8567657470703,bfm_angles
3825,191,13149750,1015.1683488649387,win,0.49,3325.41796875,-11.917414665222168,-146.63934326171875,bfm_angles
3826,191,13151164,1172.0521854914043,win,0.5,3325.41796875,-11.917414665222168,-146.63934326171875,bfm_angles
3827,191,13151617,1558.0474886954628,win,0.51,3607.24609375,147.6561737060547,49.7314338684082,bfm_angles
3828,191,13152065,1555.3552074706306,win,0.52,3607.24609375,147.6561737060547,49.7314338684082,bfm_angles
3829,191,13158065,-213.72570955488646,timeout,0.51,3629.92333984375,103.07493591308594,96.83422088623047,bfm_angles
3830,191,13164065,-167.1369169974907,timeout,0.5,3629.92333984375,103.07493591308594,96.83422088623047,bfm_angles
3831,191,13164443,1560.4244806835948,win,0.51,3822.005615234375,-170.836181640625,-31.496030807495117,bfm_angles
3832,191,13164823,1559.2335309630603,win,0.52,3822.005615234375,-170.836181640625,-31.496030807495117,bfm_angles
3833,191,13165348,1557.2545414381393,win,0.52,3868.074462890625,-178.26950073242188,-101.56707000732422,bfm_angles
3834,191,13165859,1552.8583054843118,win,0.52,3868.074462890625,-178.26950073242188,-101.56707000732422,bfm_angles
3835,191,13166635,1570.0567831490139,win,0.53,4543.033203125,107.11737823486328,-147.8468780517578,bfm_angles
3836,191,13167443,1572.8156833600367,win,0.53,4543.033203125,107.11737823486328,-147.8468780517578,bfm_angles
3837,191,13173443,-209.9744235581086,timeout,0.53,3740.120849609375,166.46743774414062,155.58287048339844,bfm_angles
3838,191,13179443,-198.0831026845057,timeout,0.52,3740.120849609375,166.46743774414062,155.58287048339844,bfm_angles
3839,191,13179989,1616.8894003005705,win,0.52,1907.1046142578125,31.291717529296875,-19.688447952270508,bfm_angles
3840,191,13180597,1634.930769623657,win,0.52,1907.1046142578125,31.291717529296875,-19.688447952270508,bfm_angles
3841,192,13186597,-236.08652611788918,timeout,0.51,3420.826171875,152.9098663330078,167.2841033935547,bfm_angles
3842,192,13192597,-229.95923111283182,timeout,0.5,3420.826171875,152.9098663330078,167.2841033935547,bfm_angles
3843,192,13198597,-105.94181355773485,timeout,0.49,3227.3896484375,26.291799545288086,106.2380142211914,bfm_angles
3844,192,13204597,-70.8830028343264,timeout,0.48,3227.3896484375,26.291799545288086,106.2380142211914,bfm_angles
3845,192,13204963,1552.4930512927683,win,0.48,3650.66943359375,175.4984588623047,46.070499420166016,bfm_angles
3846,192,13205391,1564.5948964059805,win,0.48,3650.66943359375,175.4984588623047,46.070499420166016,bfm_angles
3847,192,13211391,-117.94942324017441,timeout,0.47,3059.171630859375,50.574920654296875,104.00225830078125,bfm_angles
3848,192,13217391,-144.94241636739324,timeout,0.46,3059.171630859375,50.574920654296875,104.00225830078125,bfm_angles
3849,192,13217799,1552.493532728003,win,0.47,3316.21435546875,129.54229736328125,-86.91314697265625,bfm_angles
3850,192,13218196,1547.2413867525474,win,0.48,3316.21435546875,129.54229736328125,-86.91314697265625,bfm_angles
3851,192,13224196,-206.26963258312588,timeout,0.47,2812.91796875,75.3318862915039,-162.16342163085938,bfm_angles
3852,192,13230196,-236.36275101743252,timeout,0.46,2812.91796875,75.3318862915039,-162.16342163085938,bfm_angles
3853,192,13230580,1554.88842173641,win,0.46,3447.353759765625,145.43701171875,23.085424423217773,bfm_angles
3854,192,13230950,1547.1275949383762,win,0.46,3447.353759765625,145.43701171875,23.085424423217773,bfm_angles
3855,192,13236950,-161.80904902345287,timeout,0.46,2217.604736328125,17.230749130249023,-155.23342895507812,bfm_angles
3856,192,13237924,1552.1257924798085,win,0.47,2217.604736328125,17.230749130249023,-155.23342895507812,bfm_angles
3857,192,13243924,-235.49995123225537,timeout,0.46,4312.1416015625,-159.38131713867188,-176.34381103515625,bfm_angles
3858,192,13249924,-187.0630738208631,timeout,0.45,4312.1416015625,-159.38131713867188,-176.34381103515625,bfm_angles
3859,192,13250738,1534.896037718676,win,0.45,4924.33056640625,-41.7530403137207,39.921546936035156,bfm_angles
3860,192,13251544,1527.7609959247577,win,0.45,4924.33056640625,-41.7530403137207,39.921546936035156,bfm_angles
3861,193,13257544,-292.12657784838984,timeout,0.44,3415.96337890625,149.6339874267578,102.22710418701172,bfm_angles
3862,193,13263544,-271.1939405804697,timeout,0.43,3415.96337890625,149.6339874267578,102.22710418701172,bfm_angles
3863,193,13263914,1545.2175483465912,win,0.43,3397.701416015625,-157.252197265625,66.70770263671875,bfm_angles
3864,193,13264289,1547.855040722585,win,0.43,3397.701416015625,-157.252197265625,66.70770263671875,bfm_angles
3865,193,13265199,1540.0862606761343,win,0.43,3043.446533203125,1.2898666858673096,-82.67623138427734,bfm_angles
3866,193,13266124,1545.059300858282,win,0.43,3043.446533203125,1.2898666858673096,-82.67623138427734,bfm_angles
3867,193,13266874,1536.0485683203049,win,0.44,3361.48583984375,-33.499725341796875,83.34002685546875,bfm_angles
3868,193,13267597,1527.7312992136556,win,0.45,3361.48583984375,-33.499725341796875,83.34002685546875,bfm_angles
3869,193,13273597,-264.59656813360914,timeout,0.45,3373.88720703125,147.1466522216797,62.70248794555664,bfm_angles
3870,193,13279597,-371.92921800025454,timeout,0.45,3373.88720703125,147.1466522216797,62.70248794555664,bfm_angles
3871,193,13285597,-170.3698568034783,timeout,0.44,3568.85302734375,64.02685546875,164.68019104003906,bfm_angles
3872,193,13291597,-170.02613048736671,timeout,0.43,3568.85302734375,64.02685546875,164.68019104003906,bfm_angles
3873,193,13297597,-288.93532906849913,timeout,0.42,3776.720703125,178.78067016601562,115.358154296875,bfm_angles
3874,193,13303597,-259.0327726532958,timeout,0.41,3776.720703125,178.78067016601562,115.358154296875,bfm_angles
3875,193,13303859,1539.523260093925,win,0.42,2231.016845703125,107.42201232910156,-60.20625686645508,bfm_angles
3876,193,13304123,1542.049635939148,win,0.43,2231.016845703125,107.42201232910156,-60.20625686645508,bfm_angles
3877,193,13310123,-269.396543153669,timeout,0.43,2764.857177734375,-119.87012481689453,170.59634399414062,bfm_angles
3878,193,13316123,-204.5202938417934,timeout,0.43,2764.857177734375,-119.87012481689453,170.59634399414062,bfm_angles
3879,193,13316758,1567.6429736733335,win,0.44,4805.80712890625,-93.3873291015625,33.675479888916016,bfm_angles
3880,193,13317438,1560.5339937424094,win,0.45,4805.80712890625,-93.3873291015625,33.675479888916016,bfm_angles
3881,194,13318585,1547.2186642248907,win,0.45,3727.724609375,-35.761512756347656,-66.04154968261719,bfm_angles
3882,194,13319747,1546.4623023165616,win,0.45,3727.724609375,-35.761512756347656,-66.04154968261719,bfm_angles
3883,194,13325747,-319.93354878396514,timeout,0.45,3442.5234375,157.49790954589844,89.4877700805664,bfm_angles
3884,194,13331747,-249.51340693595077,timeout,0.45,3442.5234375,157.49790954589844,89.4877700805664,bfm_angles
3885,194,13332419,-969.7978699899287,loss,0.45,3166.49560546875,102.56446075439453,-154.65545654296875,bfm_angles
3886,194,13333094,-967.9421250582517,loss,0.45,3166.49560546875,102.56446075439453,-154.65545654296875,bfm_angles
3887,194,13333495,1552.1009191651465,win,0.46,3785.852294921875,-172.27810668945312,-52.185203552246094,bfm_angles
3888,194,13333900,1550.8936274226876,win,0.47,3785.852294921875,-172.27810668945312,-52.185203552246094,bfm_angles
3889,194,13334938,1557.4178448256034,win,0.48,3499.756591796875,-47.827606201171875,-73.70840454101562,bfm_angles
3890,194,13336100,1586.7573635616707,win,0.49,3499.756591796875,-47.827606201171875,-73.70840454101562,bfm_angles
3891,194,13342100,-238.29434634786787,timeout,0.48,3549.35888671875,153.5084228515625,124.16651916503906,bfm_angles
3892,194,13348100,-286.8632086015407,timeout,0.47,3549.35888671875,153.5084228515625,124.16651916503906,bfm_angles
3893,194,13348933,1644.9029399689502,win,0.47,3387.26220703125,15.802288055419922,25.15281867980957,bfm_angles
3894,194,13349807,1647.6015458557258,win,0.47,3387.26220703125,15.802288055419922,25.15281867980957,bfm_angles
3895,194,13350489,1573.6613090089356,win,0.48,1971.609130859375,5.845035552978516,-101.60189056396484,bfm_angles
3896,194,13351182,1552.880010689362,win,0.49,1971.609130859375,5.845035552978516,-101.60189056396484,bfm_angles
3897,194,13351945,1535.5577568308684,win,0.49,4092.958251953125,57.08333206176758,-84.16734313964844,bfm_angles
3898,194,13352700,1544.6255982441926,win,0.5,4092.958251953125,57.08333206176758,-84.16734313964844,bfm_angles
3899,194,13353158,1552.1326544719566,win,0.51,3940.519287109375,-120.33695220947266,58.911861419677734,bfm_angles
3900,194,13353612,1547.066936487126,win,0.52,3940.519287109375,-120.33695220947266,58.911861419677734,bfm_angles
3901,195,13359612,-325.6279081263287,timeout,0.52,3351.38916015625,154.51339721679688,103.8120346069336,bfm_angles
3902,195,13365612,-276.21145423121845,timeout,0.52,3351.38916015625,154.51339721679688,103.8120346069336,bfm_angles
3903,195,13368059,1538.5367378343208,win,0.52,3821.4853515625,-61.26565170288086,-58.10267639160156,bfm_angles
3904,195,13369047,1580.1130149586834,win,0.53,3821.4853515625,-61.26565170288086,-58.10267639160156,bfm_angles
3905,195,13369709,1645.1194573047533,win,0.53,3007.59423828125,-25.364173889160156,15.891297340393066,bfm_angles
3906,195,13370392,1647.5172228054546,win,0.53,3007.59423828125,-25.364173889160156,15.891297340393066,bfm_angles
3907,195,13371944,1238.1814952488612,win,0.54,3424.134765625,10.388264656066895,159.24722290039062,bfm_angles
3908,195,13373284,1523.8332635988056,win,0.55,3424.134765625,10.388264656066895,159.24722290039062,bfm_angles
3909,195,13374280,1554.3895966906662,win,0.56,3154.44482421875,24.093355178833008,-153.97384643554688,bfm_angles
3910,195,13375260,1552.428116183689,win,0.57,3154.44482421875,24.093355178833008,-153.97384643554688,bfm_angles
3911,195,13381260,-414.96547060918283,timeout,0.57,3144.794921875,-66.05470275878906,-80.79118347167969,bfm_angles
3912,195,13387260,-316.455330788695,timeout,0.57,3144.794921875,-66.05470275878906,-80.79118347167969,bfm_angles
3913,195,13387935,1547.0123112257716,win,0.57,3169.93701171875,-35.18377685546875,77.70864868164062,bfm_angles
3914,195,13388605,1551.6914429406486,win,0.57,3169.93701171875,-35.18377685546875,77.70864868164062,bfm_angles
3915,195,13389107,1535.0900416156242,win,0.57,3237.466796875,90.24887084960938,-40.810874938964844,bfm_angles
3916,195,13389601,1540.9660969035244,win,0.57,3237.466796875,90.24887084960938,-40.810874938964844,bfm_angles
3917,195,13390007,1553.3746336256593,win,0.58,3960.83056640625,173.51065063476562,41.45787811279297,bfm_angles
3918,195,13390413,1539.6432014156755,win,0.59,3960.83056640625,173.51065063476562,41.45787811279297,bfm_angles
3919,195,13396413,-99.05433078746913,timeout,0.59,2695.907958984375,27.19009017944336,139.21755981445312,bfm_angles
3920,195,13402413,-153.082071867568,timeout,0.59,2695.907958984375,27.19009017944336,139.21755981445312,bfm_angles
3921,196,13403347,1628.4285212388465,win,0.6,3653.4658203125,-27.501110076904297,-59.4685173034668,bfm_angles
3922,196,13404487,1549.6684703288004,win,0.61,3653.4658203125,-27.501110076904297,-59.4685173034668,bfm_angles
3923,196,13410487,-206.35732209967898,timeout,0.61,3225.436767578125,87.09725189208984,141.6885528564453,bfm_angles
3924,196,13416487,-218.4080815609142,timeout,0.61,3225.436767578125,87.09725189208984,141.6885528564453,bfm_angles
3925,196,13416983,-974.400439604445,loss,0.6,3481.0458984375,160.57205200195312,-108.6702880859375,bfm_angles
3926,196,13417542,1562.5105070598233,win,0.6,3481.0458984375,160.57205200195312,-108.6702880859375,bfm_angles
3927,196,13418914,1366.0981524952315,win,0.6,2912.20654296875,-4.015055179595947,-117.6209945678711,bfm_angles
3928,196,13420320,1331.765291119116,win,0.6,2912.20654296875,-4.015055179595947,-117.6209945678711,bfm_angles
3929,196,13421011,1553.2940074363994,win,0.61,3519.1015625,-26.668210983276367,39.65256118774414,bfm_angles
3930,196,13421730,1560.818180895068,win,0.62,3519.1015625,-26.668210983276367,39.65256118774414,bfm_angles
3931,196,13422284,1551.207603966584,win,0.62,3949.385498046875,-145.40040588378906,80.86822509765625,bfm_angles
3932,196,13422776,1542.5630925932057,win,0.62,3949.385498046875,-145.40040588378906,80.86822509765625,bfm_angles
3933,196,13424044,1454.1637449297687,win,0.62,3363.466796875,19.707504272460938,101.19562530517578,bfm_angles
3934,196,13425573,1372.854609859395,win,0.62,3363.466796875,19.707504272460938,101.19562530517578,bfm_angles
3935,196,13431573,-158.0198221264229,timeout,0.61,2653.012451171875,91.95511627197266,133.50299072265625,bfm_angles
3936,196,13437573,-205.76677435194586,timeout,0.6,2653.012451171875,91.95511627197266,133.50299072265625,bfm_angles
3937,196,13438382,1565.0424202902018,win,0.61,4930.48388671875,114.37763977050781,-146.5258026123047,bfm_angles
3938,196,13439181,1567.390942187372,win,0.62,4930.48388671875,114.37763977050781,-146.5258026123047,bfm_angles
3939,196,13440415,1451.7390419777068,win,0.62,4721.912109375,59.53884506225586,-127.19757080078125,bfm_angles
3940,196,13441588,1522.5566029884383,win,0.62,4721.912109375,59.53884506225586,-127.19757080078125,bfm_angles
3941,197,13441886,1537.551035065696,win,0.63,3240.060546875,162.5129852294922,-5.883037090301514,bfm_angles
3942,197,13442184,1535.9578461403094,win,0.64,3240.060546875,162.5129852294922,-5.883037090301514,bfm_angles
3943,197,13443943,1662.9332167041055,win,0.65,3407.842041015625,-25.815479278564453,-65.42691040039062,bfm_angles
3944,197,13444957,1612.0358487505412,win,0.66,3407.842041015625,-25.815479278564453,-65.42691040039062,bfm_angles
3945,197,13445357,1547.648785090221,win,0.66,3716.16796875,168.7649688720703,57.209136962890625,bfm_angles
3946,197,13445809,1558.4985331614268,win,0.66,3716.16796875,168.7649688720703,57.209136962890625,bfm_angles
3947,197,13446174,1544.7759635120974,win,0.67,3121.58251953125,169.37240600585938,49.842864990234375,bfm_angles
3948,197,13446541,1549.464445223121,win,0.68,3121.58251953125,169.37240600585938,49.842864990234375,bfm_angles
3949,197,13447200,1560.5673445320515,win,0.68,3567.70654296875,-63.666080474853516,81.92961120605469,bfm_angles
3950,197,13447851,1551.9005824041444,win,0.68,3567.70654296875,-63.666080474853516,81.92961120605469,bfm_angles
3951,197,13453851,-221.17234223772735,timeout,0.68,3160.244873046875,130.73190307617188,62.68978500366211,bfm_angles
3952,197,13459851,-228.70599591401717,timeout,0.68,3160.244873046875,130.73190307617188,62.68978500366211,bfm_angles
3953,197,13461159,1552.2412905593326,win,0.68,3467.13671875,-13.100383758544922,-167.162353515625,bfm_angles
3954,197,13462470,1555.2364840967539,win,0.68,3467.13671875,-13.100383758544922,-167.162353515625,bfm_angles
3955,197,13463020,1563.7036719551807,win,0.69,3963.181884765625,131.03311157226562,-77.23504638671875,bfm_angles
3956,197,13463485,1556.0047442217965,win,0.69,3963.181884765625,131.03311157226562,-77.23504638671875,bfm_angles
3957,197,13469485,-165.09458787725515,timeout,0.69,4478.89599609375,50.50605010986328,146.7519989013672,bfm_angles
3958,197,13475485,-171.4934381416816,timeout,0.69,4478.89599609375,50.50605010986328,146.7519989013672,bfm_angles
3959,197,13481485,-240.59668685588127,timeout,0.68,2824.296630859375,130.02334594726562,156.08787536621094,bfm_angles
3960,197,13487485,-225.76238051569229,timeout,0.67,2824.296630859375,130.02334594726562,156.08787536621094,bfm_angles
3961,198,13487862,1545.2276286632264,win,0.68,3556.236083984375,164.6757354736328,55.701908111572266,bfm_angles
3962,198,13488273,1551.896599273048,win,0.69,3556.236083984375,164.6757354736328,55.701908111572266,bfm_angles
3963,198,13489216,1557.99473801801,win,0.69,3152.25341796875,-1.4915934801101685,15.440771102905273,bfm_angles
3964,198,13495216,-697.4110330791982,timeout,0.68,3152.25341796875,-1.4915934801101685,15.440771102905273,bfm_angles
3965,198,13496619,1556.7410610629913,win,0.68,3275.69189453125,-8.16418170928955,-159.31692504882812,bfm_angles
3966,198,13498041,1541.5100919926435,win,0.68,3275.69189453125,-8.16418170928955,-159.31692504882812,bfm_angles
3967,198,13499488,1480.2636623594458,win,0.68,3358.04296875,-10.737932205200195,-135.91722106933594,bfm_angles
3968,198,13500916,1493.3228134583635,win,0.68,3358.04296875,-10.737932205200195,-135.91722106933594,bfm_angles
3969,198,13506916,-278.462614587223,timeout,0.68,3629.92138671875,153.87100219726562,78.6013412475586,bfm_angles
3970,198,13512916,-268.09924978891905,timeout,0.68,3629.92138671875,153.87100219726562,78.6013412475586,bfm_angles
3971,198,13513813,1576.500000494282,win,0.69,3103.919921875,36.0296745300293,-137.47781372070312,bfm_angles
3972,198,13514671,1571.0423475224593,win,0.7,3103.919921875,36.0296745300293,-137.47781372070312,bfm_angles
3973,198,13520671,-268.4195211754314,timeout,0.7,3586.28466796875,159.55201721191406,119.28662872314453,bfm_angles
3974,198,13526671,-247.2857615705312,timeout,0.7,3586.28466796875,159.55201721191406,119.28662872314453,bfm_angles
3975,198,13527003,1544.859502455014,win,0.7,3340.64208984375,154.15127563476562,-31.94791603088379,bfm_angles
3976,198,13527340,1543.1744263345647,win,0.7,3340.64208984375,154.15127563476562,-31.94791603088379,bfm_angles
3977,198,13533340,-288.6629171346274,timeout,0.7,3603.96044921875,-144.462890625,-121.20177459716797,bfm_angles
3978,198,13539340,-328.67448999860693,timeout,0.7,3603.96044921875,-144.462890625,-121.20177459716797,bfm_angles
3979,198,13540397,1562.4620340812055,win,0.7,4949.9951171875,-44.405155181884766,124.06722259521484,bfm_angles
3980,198,13541458,1563.844906230517,win,0.7,4949.9951171875,-44.405155181884766,124.06722259521484,bfm_angles
3981,199,13547458,-258.0374024567641,timeout,0.69,3529.14697265625,126.7617416381836,130.84902954101562,bfm_angles
3982,199,13553458,-159.44046869761922,timeout,0.68,3529.14697265625,126.7617416381836,130.84902954101562,bfm_angles
3983,199,13553761,1539.8000603775351,win,0.69,3269.787109375,162.06399536132812,2.83528995513916,bfm_angles
3984,199,13554061,1540.4869625920323,win,0.7,3269.787109375,162.06399536132812,2.83528995513916,bfm_angles
3985,199,13558196,-1203.0372381090724,loss,0.7,3477.995361328125,170.25469970703125,70.4959487915039,bfm_angles
3986,199,13564196,-281.9327896367108,timeout,0.7,3477.995361328125,170.25469970703125,70.4959487915039,bfm_angles
3987,199,13564631,1568.1593792402819,win,0.7,3497.6328125,135.16567993164062,-48.394920349121094,bfm_angles
3988,199,13565006,1548.9829295549446,win,0.7,3497.6328125,135.16567993164062,-48.394920349121094,bfm_angles
3989,199,13565896,1611.6304407731732,win,0.7,3551.47119140625,-0.27124205231666565,-59.17206573486328,bfm_angles
3990,199,13567648,1364.2843667972352,win,0.7,3551.47119140625,-0.27124205231666565,-59.17206573486328,bfm_angles
3991,199,13568521,1551.6941083913282,win,0.71,3183.45849609375,12.366405487060547,-127.38143157958984,bfm_angles
3992,199,13569392,1555.495108251414,win,0.72,3183.45849609375,12.366405487060547,-127.38143157958984,bfm_angles
3993,199,13569908,1572.224789000561,win,0.72,3613.4873046875,-92.13274383544922,3.7938876152038574,bfm_angles
3994,199,13570424,1575.0179165169181,win,0.72,3613.4873046875,-92.13274383544922,3.7938876152038574,bfm_angles
3995,199,13570710,1539.3582333945892,win,0.72,2446.926025390625,152.93594360351562,-4.903084754943848,bfm_angles
3996,199,13570996,1537.9822751949464,win,0.72,2446.926025390625,152.93594360351562,-4.903084754943848,bfm_angles
3997,199,13571874,1559.107161515844,win,0.72,4578.96728515625,87.61944580078125,86.05020141601562,bfm_angles
3998,199,13572770,1564.926044671355,win,0.72,4578.96728515625,87.61944580078125,86.05020141601562,bfm_angles
3999,199,13578770,-316.40430625405975,timeout,0.71,2406.8642578125,-154.24496459960938,-104.70477294921875,bfm_angles
4000,199,13584770,-333.11847778706715,timeout,0.7,2406.8642578125,-154.24496459960938,-104.70477294921875,bfm_angles
4001,200,13585605,1558.312901110348,win,0.71,3029.726318359375,-17.421857833862305,111.43180847167969,bfm_angles
4002,200,13586444,1557.858696134377,win,0.72,3029.726318359375,-17.421857833862305,111.43180847167969,bfm_angles
4003,200,13586888,1549.8414291017848,win,0.72,3916.74951171875,167.21841430664062,67.09264373779297,bfm_angles
4004,200,13587339,1550.5022417583111,win,0.72,3916.74951171875,167.21841430664062,67.09264373779297,bfm_angles
4005,200,13588204,1590.2006558314977,win,0.72,3106.72216796875,-18.870914459228516,-61.58338928222656,bfm_angles
4006,200,13589051,1596.6109698965993,win,0.72,3106.72216796875,-18.870914459228516,-61.58338928222656,bfm_angles
4007,200,13589389,1538.9855979644785,win,0.72,3145.89599609375,-160.07603454589844,63.87163543701172,bfm_angles
4008,200,13595389,-306.5949453630894,timeout,0.71,3145.89599609375,-160.07603454589844,63.87163543701172,bfm_angles
4009,200,13595767,1557.0347218285604,win,0.71,3349.943359375,-143.31797790527344,-23.013275146484375,bfm_angles
4010,200,13596181,1566.726323031967,win,0.71,3349.943359375,-143.31797790527344,-23.013275146484375,bfm_angles
4011,200,13596878,1609.58401597292,win,0.72,3278.155517578125,-29.5451717376709,13.622260093688965,bfm_angles
4012,200,13597599,1602.0164161076257,win,0.73,3278.155517578125,-29.5451717376709,13.622260093688965,bfm_angles
4013,200,13598764,1512.0785952332917,win,0.73,3103.82177734375,-1.4153060913085938,-117.95231628417969,bfm_angles
4014,200,13599952,1535.345437276124,win,0.73,3103.82177734375,-1.4153060913085938,-117.95231628417969,bfm_angles
4015,200,13605952,-375.69304975026984,timeout,0.72,2768.149169921875,164.12757873535156,-85.31224060058594,bfm_angles
4016,200,13611952,-352.48665605465123,timeout,0.71,2768.149169921875,164.12757873535156,-85.31224060058594,bfm_angles
4017,200,13617952,-279.49010275936104,timeout,0.7,1910.569091796875,-82.04378509521484,136.44729614257812,bfm_angles
4018,200,13623952,-189.27477755207525,timeout,0.69,1910.569091796875,-82.04378509521484,136.44729614257812,bfm_angles
4019,200,13629952,-297.6285438049169,timeout,0.69,1910.3631591796875,118.05091857910156,-108.464599609375,bfm_angles
4020,200,13635952,-338.8506726761094,timeout,0.69,1910.3631591796875,118.05091857910156,-108.464599609375,bfm_angles
4021,201,13636582,1593.9096773124795,win,0.69,3624.006591796875,-71.42123413085938,-18.6160831451416,bfm_angles
4022,201,13637202,1593.379790292262,win,0.69,3624.006591796875,-71.42123413085938,-18.6160831451416,bfm_angles
4023,201,13637729,1553.4520379752053,win,0.7,3001.134033203125,79.61261749267578,-82.4504165649414,bfm_angles
4024,201,13638268,1563.2070162384057,win,0.71,3001.134033203125,79.61261749267578,-82.4504165649414,bfm_angles
4025,201,13638932,1556.5150412239234,win,0.72,3456.450927734375,-102.9406967163086,-93.0941390991211,bfm_angles
4026,201,13639596,1555.5978253485052,win,0.72,3456.450927734375,-102.9406967163086,-93.0941390991211,bfm_angles
4027,201,13640855,1503.0434712619858,win,0.72,3328.267822265625,-5.959263801574707,-95.09994506835938,bfm_angles
4028,201,13642116,1540.1922901793791,win,0.72,3328.267822265625,-5.959263801574707,-95.09994506835938,bfm_angles
4029,201,13642514,1546.6494771663877,win,0.72,3500.20166015625,-133.86819458007812,63.26348114013672,bfm_angles
4030,201,13642914,1545.3802935639887,win,0.72,3500.20166015625,-133.86819458007812,63.26348114013672,bfm_angles
4031,201,13648914,-108.47907924955345,timeout,0.71,3163.35498046875,22.623022079467773,137.2958526611328,bfm_angles
4032,201,13651195,1542.7519689135916,win,0.71,3163.35498046875,22.623022079467773,137.2958526611328,bfm_angles
4033,201,13652919,1528.21653588153,win,0.71,3067.873046875,-3.774852991104126,-123.26045227050781,bfm_angles
4034,201,13654171,1490.6680768500983,win,0.71,3067.873046875,-3.774852991104126,-123.26045227050781,bfm_angles
4035,201,13654845,1551.8661857693778,win,0.72,3450.5068359375,-69.03909301757812,123.21180725097656,bfm_angles
4036,201,13655542,1559.3127413748982,win,0.73,3450.5068359375,-69.03909301757812,123.21180725097656,bfm_angles
4037,201,13661542,-197.21759853410583,timeout,0.72,3489.9873046875,49.682552337646484,110.50159454345703,bfm_angles
4038,201,13667542,-234.50082037663202,timeout,0.71,3489.9873046875,49.682552337646484,110.50159454345703,bfm_angles
4039,201,13668272,1524.473188367612,win,0.71,3806.379638671875,52.72170639038086,-78.3742446899414,bfm_angles
4040,201,13669007,1524.9744990438244,win,0.71,3806.379638671875,52.72170639038086,-78.3742446899414,bfm_angles
4041,202,13675007,-123.65121273951364,timeout,0.7,3500.80078125,56.942474365234375,130.13327026367188,bfm_angles
4042,202,13681007,-161.40817586851506,timeout,0.69,3500.80078125,56.942474365234375,130.13327026367188,bfm_angles
4043,202,13681722,1517.1913754764212,win,0.69,3342.59375,-36.63335037231445,35.92040252685547,bfm_angles
4044,202,13682374,1545.340196926234,win,0.69,3342.59375,-36.63335037231445,35.92040252685547,bfm_angles
4045,202,13683281,1572.2364946480234,win,0.69,3358.793701171875,91.16973114013672,71.05055236816406,bfm_angles
4046,202,13685910,1019.2581430063752,win,0.69,3358.793701171875,91.16973114013672,71.05055236816406,bfm_angles
4047,202,13686755,1567.9457107832645,win,0.69,3521.701171875,-22.721479415893555,89.3663101196289,bfm_angles
4048,202,13687596,1576.2235033560091,win,0.69,3521.701171875,-22.721479415893555,89.3663101196289,bfm_angles
4049,202,13687934,1537.7338690324873,win,0.69,3185.305908203125,-148.34097290039062,5.81224250793457,bfm_angles
4050,202,13688280,1549.4717298524124,win,0.69,3185.305908203125,-148.34097290039062,5.81224250793457,bfm_angles
4051,202,13689349,1621.0237346028716,win,0.7,3441.98681640625,14.667060852050781,32.31925582885742,bfm_angles
4052,202,13690355,1611.9426371721252,win,0.71,3441.98681640625,14.667060852050781,32.31925582885742,bfm_angles
4053,202,13696355,-218.0097210212235,timeout,0.7,3973.180419921875,173.02200317382812,97.62429809570312,bfm_angles
4054,202,13702355,-228.66708840832405,timeout,0.69,3973.180419921875,173.02200317382812,97.62429809570312,bfm_angles
4055,202,13702691,1553.765367164544,win,0.69,3312.83447265625,-155.0939178466797,27.443435668945312,bfm_angles
4056,202,13703019,1545.4851418602918,win,0.69,3312.83447265625,-155.0939178466797,27.443435668945312,bfm_angles
4057,202,13709019,-140.00080289079386,timeout,0.69,2372.396484375,152.6588592529297,-41.882423400878906,bfm_angles
4058,202,13709281,1549.207565262719,win,0.7,2372.396484375,152.6588592529297,-41.882423400878906,bfm_angles
4059,202,13709814,1548.9301210426738,win,0.71,4213.52587890625,-112.21654510498047,55.34657287597656,bfm_angles
4060,202,13710317,1549.671607251727,win,0.72,4213.52587890625,-112.21654510498047,55.34657287597656,bfm_angles
4061,203,13716317,-272.0522808356625,timeout,0.71,3422.5634765625,170.649169921875,-123.68311309814453,bfm_angles
4062,203,13722317,-216.07095736961935,timeout,0.7,3422.5634765625,170.649169921875,-123.68311309814453,bfm_angles
4063,203,13723593,1488.6579142481896,win,0.7,2930.29345703125,49.12376403808594,-131.28561401367188,bfm_angles
4064,203,13724532,1521.0796696832297,win,0.71,2930.29345703125,49.12376403808594,-131.28561401367188,bfm_angles
4065,203,13725438,1653.1646079965533,win,0.71,3406.2373046875,-10.114831924438477,-58.51280212402344,bfm_angles
4066,203,13727029,-1361.0075727245253,crash,0.7,3406.2373046875,-10.114831924438477,-58.51280212402344,bfm_angles
4067,203,13733029,-171.5117034679386,timeout,0.69,3129.62451171875,106.38948059082031,143.64064025878906,bfm_angles
4068,203,13739029,-242.52373517117678,timeout,0.68,3129.62451171875,106.38948059082031,143.64064025878906,bfm_angles
4069,203,13745029,-180.43845877109936,timeout,0.68,3773.299560546875,-150.11050415039062,68.8665542602539,bfm_angles
4070,203,13751029,-106.76473763167542,timeout,0.68,3773.299560546875,-150.11050415039062,68.8665542602539,bfm_angles
4071,203,13752248,1614.3680582955399,win,0.68,3452.315673828125,-15.082545280456543,-99.58951568603516,bfm_angles
4072,203,13753691,1527.0606636829452,win,0.68,3452.315673828125,-15.082545280456543,-99.58951568603516,bfm_angles
4073,203,13754626,-1023.5273016739582,loss,0.68,4081.435791015625,178.472412109375,86.44454193115234,bfm_angles
4074,203,13755185,-976.6975637144872,loss,0.68,4081.435791015625,178.472412109375,86.44454193115234,bfm_angles
4075,203,13761185,-216.61575327488165,timeout,0.67,4967.06982421875,-151.6830291748047,-141.86883544921875,bfm_angles
4076,203,13767185,-106.40634685962661,timeout,0.66,4967.06982421875,-151.6830291748047,-141.86883544921875,bfm_angles
4077,203,13773185,-174.60303393081188,timeout,0.66,4195.70849609375,-179.46412658691406,130.59642028808594,bfm_angles
4078,203,13779185,-179.57208756994925,timeout,0.66,4195.70849609375,-179.46412658691406,130.59642028808594,bfm_angles
4079,203,13785185,-148.72255103851208,timeout,0.65,5052.6513671875,163.52723693847656,-171.21299743652344,bfm_angles
4080,203,13791185,-135.2776917264433,timeout,0.64,5052.6513671875,163.52723693847656,-171.21299743652344,bfm_angles
4081,204,13792637,1476.2867730746743,win,0.65,3246.2099609375,13.338135719299316,102.45970916748047,bfm_angles
4082,204,13793955,1445.1018383589487,win,0.66,3246.2099609375,13.338135719299316,102.45970916748047,bfm_angles
4083,204,13794343,1544.619273701418,win,0.66,3425.2880859375,169.5549774169922,42.717384338378906,bfm_angles
4084,204,13794679,1542.939804358824,win,0.66,3425.2880859375,169.5549774169922,42.717384338378906,bfm_angles
4085,204,13800679,-157.1902497313443,timeout,0.66,3309.783203125,0.538962185382843,137.0923614501953,bfm_angles
4086,204,13801884,1528.5533610926432,win,0.67,3309.783203125,0.538962185382843,137.0923614501953,bfm_angles
4087,204,13802647,1561.6015772379794,win,0.67,3283.7919921875,-21.071788787841797,75.07059478759766,bfm_angles
4088,204,13803397,1566.9757516646598,win,0.67,3283.7919921875,-21.071788787841797,75.07059478759766,bfm_angles
4089,204,13803912,1550.9527939479617,win,0.67,3212.71484375,87.33666229248047,-63.92460250854492,bfm_angles
4090,204,13804409,1549.8718481809362,win,0.67,3212.71484375,87.33666229248047,-63.92460250854492,bfm_angles
4091,204,13810409,-126.13938914374324,timeout,0.66,3792.592041015625,-107.13114166259766,102.40672302246094,bfm_angles
4092,204,13810978,1550.8281414362893,win,0.66,3792.592041015625,-107.13114166259766,102.40672302246094,bfm_angles
4093,204,13811553,1539.3656346094062,win,0.66,3389.497314453125,-63.55455017089844,63.635746002197266,bfm_angles
4094,204,13812120,1550.694487356668,win,0.66,3389.497314453125,-63.55455017089844,63.635746002197266,bfm_angles
4095,204,13812737,1587.3930742305593,win,0.66,1994.3033447265625,25.3444881439209,-62.7261848449707,bfm_angles
4096,204,13814613,1576.2752917831363,win,0.66,1994.3033447265625,25.3444881439209,-62.7261848449707,bfm_angles
4097,204,13820613,-159.4231764179166,timeout,0.65,1923.937255859375,-17.81715965270996,155.29432678222656,bfm_angles
4098,204,13826613,-189.6113344248907,timeout,0.64,1923.937255859375,-17.81715965270996,155.29432678222656,bfm_angles
4099,204,13827318,1568.5486224931153,win,0.65,4171.65283203125,57.92539978027344,-31.129884719848633,bfm_angles
4100,204,13828008,1548.1887035221866,win,0.66,4171.65283203125,57.92539978027344,-31.129884719848633,bfm_angles
4101,205,13828789,1572.2618354835472,win,0.66,3783.064208984375,-31.98273277282715,81.5212631225586,bfm_angles
4102,205,13829570,1572.515009111335,win,0.66,3783.064208984375,-31.98273277282715,81.5212631225586,bfm_angles
4103,205,13830419,1561.2455635608592,win,0.66,3518.81103515625,-22.484922409057617,98.5009765625,bfm_angles
4104,205,13831242,1556.6472100553906,win,0.66,3518.81103515625,-22.484922409057617,98.5009765625,bfm_angles
4105,205,13833350,-1275.2586453017702,loss,0.65,3069.922607421875,-8.30416202545166,-83.05489349365234,bfm_angles
4106,205,13839350,-1438.8138471297382,timeout,0.64,3069.922607421875,-8.30416202545166,-83.05489349365234,bfm_angles
4107,205,13840013,-1056.4950706864881,loss,0.63,3270.774658203125,178.78761291503906,63.76003646850586,bfm_angles
4108,205,13840363,1538.51797563294,win,0.64,3270.774658203125,178.78761291503906,63.76003646850586,bfm_angles
4109,205,13846363,-209.93057056073295,timeout,0.63,3434.87060546875,124.376953125,74.88375854492188,bfm_angles
4110,205,13852363,-186.76069048404173,timeout,0.62,3434.87060546875,124.376953125,74.88375854492188,bfm_angles
4111,205,13858363,-663.9183091752137,timeout,0.61,3295.08056640625,-6.033899307250977,-70.00859069824219,bfm_angles
4112,205,13863680,492.7731738853752,win,0.61,3295.08056640625,-6.033899307250977,-70.00859069824219,bfm_angles
4113,205,13869680,-249.8318246337353,timeout,0.6,3747.408447265625,168.31253051757812,85.19842529296875,bfm_angles
4114,205,13875680,-217.46012111586222,timeout,0.59,3747.408447265625,168.31253051757812,85.19842529296875,bfm_angles
