===== stdout_part1.log =====
[resume] warm start from models/angle_tactic_A: actor + alpha 0.0182; continuing at epoch 21, env_steps 2328933; critics + curriculum fresh, actor frozen for 20000 updates
ep   421 | epoch   21 | steps  2330712 | return  -1208.43 | outcome disengaged      | win_rate(100) 0.050
ep   422 | epoch   21 | steps  2333525 | return  -1183.67 | outcome disengaged      | win_rate(100) 0.050
ep   423 | epoch   21 | steps  2339525 | return   -728.37 | outcome timeout         | win_rate(100) 0.050
ep   424 | epoch   21 | steps  2345525 | return   -700.28 | outcome timeout         | win_rate(100) 0.050
ep   425 | epoch   21 | steps  2351525 | return   -327.89 | outcome timeout         | win_rate(100) 0.050
ep   426 | epoch   21 | steps  2356271 | return  -1200.40 | outcome disengaged      | win_rate(100) 0.050
ep   427 | epoch   21 | steps  2357773 | return  -1296.77 | outcome disengaged      | win_rate(100) 0.050
ep   428 | epoch   21 | steps  2359269 | return  -1272.69 | outcome disengaged      | win_rate(100) 0.050
ep   429 | epoch   21 | steps  2365269 | return   -247.37 | outcome timeout         | win_rate(100) 0.050
ep   430 | epoch   21 | steps  2371269 | return   -276.66 | outcome timeout         | win_rate(100) 0.050
ep   431 | epoch   21 | steps  2373591 | return  -1150.38 | outcome disengaged      | win_rate(100) 0.050
ep   432 | epoch   21 | steps  2375882 | return  -1162.30 | outcome disengaged      | win_rate(100) 0.050
ep   433 | epoch   21 | steps  2377648 | return  -1158.54 | outcome disengaged      | win_rate(100) 0.050
ep   434 | epoch   21 | steps  2379562 | return  -1189.79 | outcome disengaged      | win_rate(100) 0.050
ep   435 | epoch   21 | steps  2382140 | return   -959.99 | outcome loss            | win_rate(100) 0.050
ep   436 | epoch   21 | steps  2388140 | return    124.02 | outcome timeout         | win_rate(100) 0.050
ep   437 | epoch   21 | steps  2394140 | return   -203.43 | outcome timeout         | win_rate(100) 0.050
ep   438 | epoch   21 | steps  2400140 | return   -259.42 | outcome timeout         | win_rate(100) 0.050
ep   439 | epoch   21 | steps  2406140 | return    116.71 | outcome timeout         | win_rate(100) 0.050
ep   440 | epoch   21 | steps  2412140 | return     96.24 | outcome timeout         | win_rate(100) 0.050
[epoch   21] env_steps  2412140 | win 0 loss 1 timeout 10 crash 0 other 9 | win_rate(100) 0.050 | feasible 0 | alpha 0.0182 entropy nan (actor frozen) | 753 sim steps/s | opp straight 0/12, BFM 0/8 -> next straight
ep   441 | epoch   22 | steps  2418140 | return   -542.04 | outcome timeout         | win_rate(100) 0.050
ep   442 | epoch   22 | steps  2424140 | return   -546.87 | outcome timeout         | win_rate(100) 0.050
ep   443 | epoch   22 | steps  2425312 | return  -1117.60 | outcome disengaged      | win_rate(100) 0.050
ep   444 | epoch   22 | steps  2426478 | return  -1122.07 | outcome disengaged      | win_rate(100) 0.050
ep   445 | epoch   22 | steps  2428689 | return  -1167.25 | outcome disengaged      | win_rate(100) 0.050
ep   446 | epoch   22 | steps  2430815 | return  -1177.29 | outcome disengaged      | win_rate(100) 0.050
ep   447 | epoch   22 | steps  2436815 | return    -84.40 | outcome timeout         | win_rate(100) 0.050
ep   448 | epoch   22 | steps  2438248 | return  -1478.49 | outcome crash           | win_rate(100) 0.050
ep   449 | epoch   22 | steps  2440716 | return  -1217.55 | outcome disengaged      | win_rate(100) 0.050
ep   450 | epoch   22 | steps  2443100 | return  -1034.29 | outcome disengaged      | win_rate(100) 0.050
ep   451 | epoch   22 | steps  2444537 | return  -1124.36 | outcome disengaged      | win_rate(100) 0.050
ep   452 | epoch   22 | steps  2446087 | return  -1614.63 | outcome disengaged      | win_rate(100) 0.050
ep   453 | epoch   22 | steps  2452087 | return   -171.06 | outcome timeout         | win_rate(100) 0.050
ep   454 | epoch   22 | steps  2456499 | return  -1163.19 | outcome disengaged      | win_rate(100) 0.050
ep   455 | epoch   22 | steps  2459224 | return  -1058.83 | outcome loss            | win_rate(100) 0.050
ep   456 | epoch   22 | steps  2461153 | return   -954.96 | outcome loss            | win_rate(100) 0.050
ep   457 | epoch   22 | steps  2465427 | return  -1144.32 | outcome disengaged      | win_rate(100) 0.050
ep   458 | epoch   22 | steps  2468134 | return  -1670.88 | outcome crash           | win_rate(100) 0.050
ep   459 | epoch   22 | steps  2469534 | return  -1142.94 | outcome disengaged      | win_rate(100) 0.040
ep   460 | epoch   22 | steps  2470863 | return  -1155.57 | outcome disengaged      | win_rate(100) 0.040
[epoch   22] env_steps  2470863 | win 0 loss 2 timeout 4 crash 2 other 12 | win_rate(100) 0.040 | feasible 0 | alpha 0.0254 entropy -4.12 | 521 sim steps/s | opp straight 0/14, BFM 0/6 -> next straight
ep   461 | epoch   23 | steps  2472111 | return  -1140.37 | outcome disengaged      | win_rate(100) 0.040
ep   462 | epoch   23 | steps  2473553 | return  -1162.72 | outcome disengaged      | win_rate(100) 0.040
ep   463 | epoch   23 | steps  2476223 | return  -1427.51 | outcome crash           | win_rate(100) 0.040
ep   464 | epoch   23 | steps  2479119 | return  -1583.56 | outcome crash           | win_rate(100) 0.040
ep   465 | epoch   23 | steps  2483895 | return  -1696.67 | outcome crash           | win_rate(100) 0.030
ep   466 | epoch   23 | steps  2486562 | return  -1009.14 | outcome loss            | win_rate(100) 0.020
ep   467 | epoch   23 | steps  2488478 | return  -1167.74 | outcome disengaged      | win_rate(100) 0.020
ep   468 | epoch   23 | steps  2490768 | return  -1263.32 | outcome disengaged      | win_rate(100) 0.020
ep   469 | epoch   23 | steps  2492164 | return  -1119.28 | outcome disengaged      | win_rate(100) 0.020
ep   470 | epoch   23 | steps  2493517 | return  -1120.22 | outcome disengaged      | win_rate(100) 0.020
ep   471 | epoch   23 | steps  2499022 | return  -1247.46 | outcome loss            | win_rate(100) 0.020
ep   472 | epoch   23 | steps  2502752 | return  -1028.20 | outcome loss            | win_rate(100) 0.020
ep   473 | epoch   23 | steps  2504404 | return  -1461.34 | outcome disengaged      | win_rate(100) 0.020
ep   474 | epoch   23 | steps  2506161 | return  -1206.05 | outcome disengaged      | win_rate(100) 0.020
ep   475 | epoch   23 | steps  2508631 | return  -1369.57 | outcome disengaged      | win_rate(100) 0.020
ep   476 | epoch   23 | steps  2512705 | return  -1801.64 | outcome disengaged      | win_rate(100) 0.020
ep   477 | epoch   23 | steps  2517907 | return  -1187.37 | outcome disengaged      | win_rate(100) 0.020
ep   478 | epoch   23 | steps  2522470 | return  -2680.81 | outcome disengaged      | win_rate(100) 0.020
ep   479 | epoch   23 | steps  2524179 | return  -1111.53 | outcome disengaged      | win_rate(100) 0.020
ep   480 | epoch   23 | steps  2525739 | return  -1102.19 | outcome disengaged      | win_rate(100) 0.020
[epoch   23] env_steps  2525739 | win 0 loss 3 timeout 0 crash 3 other 14 | win_rate(100) 0.020 | feasible 0 | alpha 0.0424 entropy -4.05 | 449 sim steps/s | opp straight 0/14, BFM 0/6 -> next straight
ep   481 | epoch   24 | steps  2527534 | return  -1121.27 | outcome disengaged      | win_rate(100) 0.020
ep   482 | epoch   24 | steps  2529409 | return  -1069.97 | outcome disengaged      | win_rate(100) 0.020
ep   483 | epoch   24 | steps  2532561 | return  -1423.42 | outcome loss            | win_rate(100) 0.020
ep   484 | epoch   24 | steps  2535798 | return  -1034.36 | outcome loss            | win_rate(100) 0.020
ep   485 | epoch   24 | steps  2541798 | return    432.32 | outcome timeout         | win_rate(100) 0.020
ep   486 | epoch   24 | steps  2546151 | return   -900.77 | outcome disengaged      | win_rate(100) 0.020
ep   487 | epoch   24 | steps  2547589 | return  -1053.88 | outcome disengaged      | win_rate(100) 0.020
ep   488 | epoch   24 | steps  2549494 | return  -1044.23 | outcome disengaged      | win_rate(100) 0.020
ep   489 | epoch   24 | steps  2551216 | return  -1137.07 | outcome disengaged      | win_rate(100) 0.020
ep   490 | epoch   24 | steps  2552808 | return  -1660.07 | outcome disengaged      | win_rate(100) 0.020
ep   491 | epoch   24 | steps  2554747 | return  -1311.50 | outcome disengaged      | win_rate(100) 0.020
ep   492 | epoch   24 | steps  2556098 | return  -1074.57 | outcome disengaged      | win_rate(100) 0.020
ep   493 | epoch   24 | steps  2557551 | return  -1649.89 | outcome crash           | win_rate(100) 0.020
ep   494 | epoch   24 | steps  2559283 | return  -1123.90 | outcome disengaged      | win_rate(100) 0.020
ep   495 | epoch   24 | steps  2563597 | return   -885.50 | outcome disengaged      | win_rate(100) 0.020
ep   496 | epoch   24 | steps  2568928 | return   -948.54 | outcome disengaged      | win_rate(100) 0.020
ep   497 | epoch   24 | steps  2570490 | return  -1149.23 | outcome disengaged      | win_rate(100) 0.020
ep   498 | epoch   24 | steps  2572072 | return  -1102.94 | outcome disengaged      | win_rate(100) 0.020
ep   499 | epoch   24 | steps  2578072 | return    -27.32 | outcome timeout         | win_rate(100) 0.010
ep   500 | epoch   24 | steps  2583536 | return  -1473.04 | outcome crash           | win_rate(100) 0.010
[epoch   24] env_steps  2583536 | win 0 loss 2 timeout 2 crash 2 other 14 | win_rate(100) 0.010 | feasible 0 | alpha 0.0409 entropy -4.00 | 418 sim steps/s | opp straight 0/18, BFM 0/2 -> next straight
ep   501 | epoch   25 | steps  2585091 | return  -1070.25 | outcome disengaged      | win_rate(100) 0.010
ep   502 | epoch   25 | steps  2587251 | return  -1052.66 | outcome disengaged      | win_rate(100) 0.010
ep   503 | epoch   25 | steps  2587658 | return   -981.74 | outcome loss            | win_rate(100) 0.010
ep   504 | epoch   25 | steps  2588066 | return   -980.39 | outcome loss            | win_rate(100) 0.010
ep   505 | epoch   25 | steps  2589259 | return  -1196.43 | outcome disengaged      | win_rate(100) 0.010
ep   506 | epoch   25 | steps  2590644 | return  -1182.96 | outcome disengaged      | win_rate(100) 0.010
ep   507 | epoch   25 | steps  2590976 | return   -965.53 | outcome loss            | win_rate(100) 0.010
ep   508 | epoch   25 | steps  2593590 | return  -1348.24 | outcome crash           | win_rate(100) 0.010
ep   509 | epoch   25 | steps  2595676 | return  -1510.00 | outcome crash           | win_rate(100) 0.010
ep   510 | epoch   25 | steps  2601492 | return  -1267.42 | outcome loss            | win_rate(100) 0.010
ep   511 | epoch   25 | steps  2607492 | return   -201.85 | outcome timeout         | win_rate(100) 0.010
ep   512 | epoch   25 | steps  2611451 | return  -1022.90 | outcome disengaged      | win_rate(100) 0.010
ep   513 | epoch   25 | steps  2611870 | return   -988.82 | outcome loss            | win_rate(100) 0.000
ep   514 | epoch   25 | steps  2612265 | return   -979.52 | outcome loss            | win_rate(100) 0.000
ep   515 | epoch   25 | steps  2614012 | return  -1559.45 | outcome disengaged      | win_rate(100) 0.000
ep   516 | epoch   25 | steps  2616012 | return  -1409.47 | outcome disengaged      | win_rate(100) 0.000
ep   517 | epoch   25 | steps  2622012 | return   -706.13 | outcome timeout         | win_rate(100) 0.000
ep   518 | epoch   25 | steps  2626722 | return  -2055.15 | outcome disengaged      | win_rate(100) 0.000
===== stdout_part2.log =====
[resume] full checkpoint runs/W_warmA/checkpoints/checkpoint_latest.pt: epoch 25, env_steps 2583536, replay 50948, alpha 0.0409
ep   501 | epoch   25 | steps  2585721 | return  -1048.62 | outcome disengaged      | win_rate(100) 0.010
ep   502 | epoch   25 | steps  2588181 | return  -1054.94 | outcome disengaged      | win_rate(100) 0.010
ep   503 | epoch   25 | steps  2590561 | return  -1129.82 | outcome disengaged      | win_rate(100) 0.010
ep   504 | epoch   25 | steps  2593643 | return  -1126.39 | outcome disengaged      | win_rate(100) 0.010
ep   505 | epoch   25 | steps  2594966 | return  -1154.96 | outcome disengaged      | win_rate(100) 0.010
ep   506 | epoch   25 | steps  2596300 | return  -1152.18 | outcome disengaged      | win_rate(100) 0.010
ep   507 | epoch   25 | steps  2596637 | return   -967.31 | outcome loss            | win_rate(100) 0.010
ep   508 | epoch   25 | steps  2596981 | return   -967.35 | outcome loss            | win_rate(100) 0.010
ep   509 | epoch   25 | steps  2602623 | return  -1340.30 | outcome crash           | win_rate(100) 0.010
ep   510 | epoch   25 | steps  2607408 | return   -972.17 | outcome disengaged      | win_rate(100) 0.010
ep   511 | epoch   25 | steps  2609754 | return  -1069.98 | outcome disengaged      | win_rate(100) 0.010
ep   512 | epoch   25 | steps  2615344 | return  -1078.00 | outcome disengaged      | win_rate(100) 0.010
ep   513 | epoch   25 | steps  2615869 | return   -971.70 | outcome loss            | win_rate(100) 0.000
ep   514 | epoch   25 | steps  2616382 | return   -975.90 | outcome loss            | win_rate(100) 0.000
ep   515 | epoch   25 | steps  2617682 | return   -982.95 | outcome loss            | win_rate(100) 0.000
ep   516 | epoch   25 | steps  2618252 | return   -965.80 | outcome loss            | win_rate(100) 0.000
ep   517 | epoch   25 | steps  2621460 | return   -992.58 | outcome disengaged      | win_rate(100) 0.000
ep   518 | epoch   25 | steps  2624521 | return   -935.42 | outcome disengaged      | win_rate(100) 0.000
ep   519 | epoch   25 | steps  2625284 | return  -1004.69 | outcome loss            | win_rate(100) 0.000
ep   520 | epoch   25 | steps  2626071 | return  -1006.20 | outcome loss            | win_rate(100) 0.000
[epoch   25] env_steps  2626071 | win 0 loss 8 timeout 0 crash 1 other 11 | win_rate(100) 0.000 | feasible 0 | alpha 0.0370 entropy -3.99 | 428 sim steps/s | opp straight 0/14, BFM 0/6 -> next straight
ep   521 | epoch   26 | steps  2626487 | return   -976.07 | outcome loss            | win_rate(100) 0.000
ep   522 | epoch   26 | steps  2626879 | return   -972.61 | outcome loss            | win_rate(100) 0.000
ep   523 | epoch   26 | steps  2629075 | return  -1138.63 | outcome disengaged      | win_rate(100) 0.000
ep   524 | epoch   26 | steps  2631059 | return  -1346.85 | outcome disengaged      | win_rate(100) 0.000
ep   525 | epoch   26 | steps  2631425 | return   -974.17 | outcome loss            | win_rate(100) 0.000
ep   526 | epoch   26 | steps  2632436 | return   -954.23 | outcome loss            | win_rate(100) 0.000
ep   527 | epoch   26 | steps  2638436 | return   -241.13 | outcome timeout         | win_rate(100) 0.000
ep   528 | epoch   26 | steps  2644436 | return     17.44 | outcome timeout         | win_rate(100) 0.000
ep   529 | epoch   26 | steps  2648645 | return  -1626.10 | outcome crash           | win_rate(100) 0.000
ep   530 | epoch   26 | steps  2650890 | return  -1066.70 | outcome disengaged      | win_rate(100) 0.000
ep   531 | epoch   26 | steps  2656890 | return   -773.07 | outcome timeout         | win_rate(100) 0.000
===== stdout_part3.log =====
[resume] full checkpoint runs/W_warmA/checkpoints/checkpoint_latest.pt: epoch 26, env_steps 2626071, replay 59461, alpha 0.0370
ep   521 | epoch   26 | steps  2626465 | return   -973.47 | outcome loss            | win_rate(100) 0.000
ep   522 | epoch   26 | steps  2626878 | return   -973.78 | outcome loss            | win_rate(100) 0.000
ep   523 | epoch   26 | steps  2629506 | return  -1106.46 | outcome disengaged      | win_rate(100) 0.000
ep   524 | epoch   26 | steps  2631269 | return  -1158.20 | outcome disengaged      | win_rate(100) 0.000
ep   525 | epoch   26 | steps  2633342 | return  -1163.61 | outcome disengaged      | win_rate(100) 0.000
ep   526 | epoch   26 | steps  2635362 | return  -1078.06 | outcome disengaged      | win_rate(100) 0.000
ep   527 | epoch   26 | steps  2641362 | return   -313.82 | outcome timeout         | win_rate(100) 0.000
ep   528 | epoch   26 | steps  2646112 | return  -1264.52 | outcome loss            | win_rate(100) 0.000
ep   529 | epoch   26 | steps  2648364 | return  -1279.96 | outcome disengaged      | win_rate(100) 0.000
ep   530 | epoch   26 | steps  2654364 | return     10.17 | outcome timeout         | win_rate(100) 0.000
ep   531 | epoch   26 | steps  2657390 | return  -1253.34 | outcome loss            | win_rate(100) 0.000
ep   532 | epoch   26 | steps  2660103 | return  -1155.33 | outcome loss            | win_rate(100) 0.000
ep   533 | epoch   26 | steps  2662234 | return  -1210.98 | outcome disengaged      | win_rate(100) 0.000
ep   534 | epoch   26 | steps  2664401 | return  -1188.38 | outcome disengaged      | win_rate(100) 0.000
ep   535 | epoch   26 | steps  2667194 | return  -1229.34 | outcome loss            | win_rate(100) 0.000
ep   536 | epoch   26 | steps  2669720 | return   -986.47 | outcome loss            | win_rate(100) 0.000
ep   537 | epoch   26 | steps  2670950 | return  -1111.08 | outcome disengaged      | win_rate(100) 0.000
ep   538 | epoch   26 | steps  2672383 | return  -1146.33 | outcome disengaged      | win_rate(100) 0.000
ep   539 | epoch   26 | steps  2674023 | return  -1273.11 | outcome loss            | win_rate(100) 0.000
ep   540 | epoch   26 | steps  2675289 | return  -1090.00 | outcome loss            | win_rate(100) 0.000
[epoch   26] env_steps  2675289 | win 0 loss 9 timeout 2 crash 0 other 9 | win_rate(100) 0.000 | feasible 0 | alpha 0.0303 entropy -3.98 | 509 sim steps/s | opp straight 0/10, BFM 0/10 -> next straight
ep   541 | epoch   27 | steps  2677218 | return  -1168.31 | outcome loss            | win_rate(100) 0.000
ep   542 | epoch   27 | steps  2679007 | return  -1613.68 | outcome loss            | win_rate(100) 0.000
ep   543 | epoch   27 | steps  2682101 | return  -1483.50 | outcome disengaged      | win_rate(100) 0.000
ep   544 | epoch   27 | steps  2684692 | return  -1579.47 | outcome disengaged      | win_rate(100) 0.000
ep   545 | epoch   27 | steps  2687389 | return  -1381.92 | outcome disengaged      | win_rate(100) 0.000
ep   546 | epoch   27 | steps  2690092 | return  -1294.81 | outcome disengaged      | win_rate(100) 0.000
ep   547 | epoch   27 | steps  2696092 | return   -325.72 | outcome timeout         | win_rate(100) 0.000
ep   548 | epoch   27 | steps  2697359 | return  -1566.23 | outcome crash           | win_rate(100) 0.000
ep   549 | epoch   27 | steps  2699839 | return  -1006.26 | outcome disengaged      | win_rate(100) 0.000
ep   550 | epoch   27 | steps  2702086 | return  -1006.22 | outcome disengaged      | win_rate(100) 0.000
ep   551 | epoch   27 | steps  2705680 | return  -2891.18 | outcome disengaged      | win_rate(100) 0.000
ep   552 | epoch   27 | steps  2711680 | return  -2043.57 | outcome timeout         | win_rate(100) 0.000
ep   553 | epoch   27 | steps  2712104 | return   -965.60 | outcome loss            | win_rate(100) 0.000
ep   554 | epoch   27 | steps  2712540 | return   -972.34 | outcome loss            | win_rate(100) 0.000
ep   555 | epoch   27 | steps  2716488 | return   -950.31 | outcome disengaged      | win_rate(100) 0.000
ep   556 | epoch   27 | steps  2719984 | return   -682.03 | outcome disengaged      | win_rate(100) 0.000
ep   557 | epoch   27 | steps  2721793 | return  -1157.74 | outcome disengaged      | win_rate(100) 0.000
ep   558 | epoch   27 | steps  2723636 | return  -1200.50 | outcome disengaged      | win_rate(100) 0.000
ep   559 | epoch   27 | steps  2725838 | return  -1960.55 | outcome disengaged      | win_rate(100) 0.000
ep   560 | epoch   27 | steps  2728020 | return  -1825.55 | outcome disengaged      | win_rate(100) 0.000
[epoch   27] env_steps  2728020 | win 0 loss 4 timeout 2 crash 1 other 13 | win_rate(100) 0.000 | feasible 0 | alpha 0.0307 entropy -4.00 | 514 sim steps/s | opp straight 0/16, BFM 0/4 -> next straight
ep   561 | epoch   28 | steps  2730294 | return  -1567.14 | outcome crash           | win_rate(100) 0.000
ep   562 | epoch   28 | steps  2734494 | return  -1016.93 | outcome loss            | win_rate(100) 0.000
ep   563 | epoch   28 | steps  2737347 | return  -1561.87 | outcome disengaged      | win_rate(100) 0.000
ep   564 | epoch   28 | steps  2739421 | return  -1095.12 | outcome disengaged      | win_rate(100) 0.000
ep   565 | epoch   28 | steps  2743795 | return  -1758.44 | outcome disengaged      | win_rate(100) 0.000
ep   566 | epoch   28 | steps  2749368 | return  -1139.54 | outcome disengaged      | win_rate(100) 0.000
ep   567 | epoch   28 | steps  2754164 | return  -1634.17 | outcome disengaged      | win_rate(100) 0.000
ep   568 | epoch   28 | steps  2759493 | return  -1753.50 | outcome disengaged      | win_rate(100) 0.000
ep   569 | epoch   28 | steps  2761626 | return  -1067.06 | outcome disengaged      | win_rate(100) 0.000
ep   570 | epoch   28 | steps  2766758 | return  -1085.04 | outcome disengaged      | win_rate(100) 0.000
ep   571 | epoch   28 | steps  2772040 | return   -928.98 | outcome loss            | win_rate(100) 0.000
ep   572 | epoch   28 | steps  2777133 | return   -943.90 | outcome loss            | win_rate(100) 0.000
ep   573 | epoch   28 | steps  2780419 | return  -1307.08 | outcome loss            | win_rate(100) 0.000
ep   574 | epoch   28 | steps  2783016 | return  -1052.19 | outcome loss            | win_rate(100) 0.000
ep   575 | epoch   28 | steps  2786751 | return  -1116.06 | outcome disengaged      | win_rate(100) 0.000
ep   576 | epoch   28 | steps  2790363 | return  -1028.59 | outcome disengaged      | win_rate(100) 0.000
ep   577 | epoch   28 | steps  2794384 | return  -1286.46 | outcome loss            | win_rate(100) 0.000
ep   578 | epoch   28 | steps  2796656 | return  -1042.59 | outcome loss            | win_rate(100) 0.000
ep   579 | epoch   28 | steps  2798224 | return  -1020.99 | outcome disengaged      | win_rate(100) 0.000
ep   580 | epoch   28 | steps  2799645 | return  -1064.00 | outcome disengaged      | win_rate(100) 0.000
[epoch   28] env_steps  2799645 | win 0 loss 7 timeout 0 crash 1 other 12 | win_rate(100) 0.000 | feasible 0 | alpha 0.0285 entropy -4.00 | 528 sim steps/s | opp straight 0/12, BFM 0/8 -> next straight
ep   581 | epoch   29 | steps  2802094 | return  -1070.89 | outcome disengaged      | win_rate(100) 0.000
ep   582 | epoch   29 | steps  2804591 | return  -1073.67 | outcome disengaged      | win_rate(100) 0.000
ep   583 | epoch   29 | steps  2806610 | return  -1146.11 | outcome disengaged      | win_rate(100) 0.000
ep   584 | epoch   29 | steps  2808619 | return  -1139.84 | outcome disengaged      | win_rate(100) 0.000
ep   585 | epoch   29 | steps  2812715 | return  -1568.61 | outcome disengaged      | win_rate(100) 0.000
ep   586 | epoch   29 | steps  2816505 | return  -1307.97 | outcome disengaged      | win_rate(100) 0.000
ep   587 | epoch   29 | steps  2818754 | return  -1339.20 | outcome crash           | win_rate(100) 0.000
ep   588 | epoch   29 | steps  2821084 | return  -1584.84 | outcome crash           | win_rate(100) 0.000
ep   589 | epoch   29 | steps  2822656 | return  -1050.30 | outcome disengaged      | win_rate(100) 0.000
ep   590 | epoch   29 | steps  2824227 | return  -1047.67 | outcome disengaged      | win_rate(100) 0.000
ep   591 | epoch   29 | steps  2827514 | return  -1447.20 | outcome crash           | win_rate(100) 0.000
ep   592 | epoch   29 | steps  2832355 | return  -1045.66 | outcome loss            | win_rate(100) 0.000
ep   593 | epoch   29 | steps  2834514 | return  -1193.57 | outcome disengaged      | win_rate(100) 0.000
ep   594 | epoch   29 | steps  2836573 | return  -1177.02 | outcome disengaged      | win_rate(100) 0.000
ep   595 | epoch   29 | steps  2842573 | return     -7.39 | outcome timeout         | win_rate(100) 0.000
ep   596 | epoch   29 | steps  2845579 | return  -2173.08 | outcome disengaged      | win_rate(100) 0.000
ep   597 | epoch   29 | steps  2849003 | return  -1709.80 | outcome disengaged      | win_rate(100) 0.000
ep   598 | epoch   29 | steps  2852697 | return  -1519.69 | outcome disengaged      | win_rate(100) 0.000
ep   599 | epoch   29 | steps  2855387 | return  -1257.41 | outcome disengaged      | win_rate(100) 0.000
ep   600 | epoch   29 | steps  2857651 | return  -1165.16 | outcome disengaged      | win_rate(100) 0.000
[epoch   29] env_steps  2857651 | win 0 loss 1 timeout 1 crash 3 other 15 | win_rate(100) 0.000 | feasible 0 | alpha 0.0302 entropy -4.00 | 569 sim steps/s | opp straight 0/16, BFM 0/4 -> next straight
ep   601 | epoch   30 | steps  2859312 | return  -1101.96 | outcome disengaged      | win_rate(100) 0.000
ep   602 | epoch   30 | steps  2861075 | return  -1090.04 | outcome disengaged      | win_rate(100) 0.000
ep   603 | epoch   30 | steps  2867075 | return   -132.65 | outcome timeout         | win_rate(100) 0.000
ep   604 | epoch   30 | steps  2873075 | return   -233.48 | outcome timeout         | win_rate(100) 0.000
ep   605 | epoch   30 | steps  2876467 | return   -994.39 | outcome disengaged      | win_rate(100) 0.000
ep   606 | epoch   30 | steps  2879858 | return  -1075.41 | outcome disengaged      | win_rate(100) 0.000
ep   607 | epoch   30 | steps  2880515 | return   -964.25 | outcome loss            | win_rate(100) 0.000
ep   608 | epoch   30 | steps  2881168 | return   -965.87 | outcome loss            | win_rate(100) 0.000
ep   609 | epoch   30 | steps  2884991 | return  -1198.20 | outcome disengaged      | win_rate(100) 0.000
ep   610 | epoch   30 | steps  2889902 | return  -1179.78 | outcome disengaged      | win_rate(100) 0.000
ep   611 | epoch   30 | steps  2892023 | return  -1134.49 | outcome disengaged      | win_rate(100) 0.000
ep   612 | epoch   30 | steps  2894133 | return  -1176.53 | outcome disengaged      | win_rate(100) 0.000
ep   613 | epoch   30 | steps  2896655 | return  -1625.47 | outcome crash           | win_rate(100) 0.000
ep   614 | epoch   30 | steps  2899564 | return  -1177.06 | outcome disengaged      | win_rate(100) 0.000
ep   615 | epoch   30 | steps  2902376 | return  -1143.48 | outcome disengaged      | win_rate(100) 0.000
ep   616 | epoch   30 | steps  2904326 | return  -1421.33 | outcome crash           | win_rate(100) 0.000
ep   617 | epoch   30 | steps  2906326 | return  -1074.20 | outcome disengaged      | win_rate(100) 0.000
ep   618 | epoch   30 | steps  2908405 | return  -1067.97 | outcome disengaged      | win_rate(100) 0.000
ep   619 | epoch   30 | steps  2909596 | return  -1087.33 | outcome disengaged      | win_rate(100) 0.000
ep   620 | epoch   30 | steps  2910838 | return  -1082.79 | outcome disengaged      | win_rate(100) 0.000
[epoch   30] env_steps  2910838 | win 0 loss 2 timeout 2 crash 2 other 14 | win_rate(100) 0.000 | feasible 0 | alpha 0.0362 entropy -4.01 | 562 sim steps/s | opp straight 0/16, BFM 0/4 -> next straight
ep   621 | epoch   31 | steps  2912861 | return   -992.05 | outcome disengaged      | win_rate(100) 0.000
ep   622 | epoch   31 | steps  2914901 | return  -1007.50 | outcome disengaged      | win_rate(100) 0.000
ep   623 | epoch   31 | steps  2920901 | return   -277.54 | outcome timeout         | win_rate(100) 0.000
ep   624 | epoch   31 | steps  2926901 | return   -124.56 | outcome timeout         | win_rate(100) 0.000
ep   625 | epoch   31 | steps  2930392 | return  -1029.77 | outcome disengaged      | win_rate(100) 0.000
ep   626 | epoch   31 | steps  2933287 | return  -1016.21 | outcome disengaged      | win_rate(100) 0.000
ep   627 | epoch   31 | steps  2935763 | return  -1035.91 | outcome disengaged      | win_rate(100) 0.000
ep   628 | epoch   31 | steps  2938251 | return  -1090.11 | outcome disengaged      | win_rate(100) 0.000
ep   629 | epoch   31 | steps  2942890 | return   -869.06 | outcome loss            | win_rate(100) 0.000
ep   630 | epoch   31 | steps  2948890 | return   -150.64 | outcome timeout         | win_rate(100) 0.000
ep   631 | epoch   31 | steps  2949920 | return   -993.81 | outcome loss            | win_rate(100) 0.000
ep   632 | epoch   31 | steps  2951089 | return   -984.75 | outcome loss            | win_rate(100) 0.000
ep   633 | epoch   31 | steps  2954231 | return  -1126.72 | outcome disengaged      | win_rate(100) 0.000
===== stdout_part4.log =====
[resume] full checkpoint runs/W_warmA/checkpoints/checkpoint_latest.pt: epoch 31, env_steps 2910838, replay 116454, alpha 0.0362
ep   621 | epoch   31 | steps  2912872 | return   -997.90 | outcome disengaged      | win_rate(100) 0.000
ep   622 | epoch   31 | steps  2914843 | return  -1003.29 | outcome disengaged      | win_rate(100) 0.000
ep   623 | epoch   31 | steps  2916630 | return  -1082.97 | outcome disengaged      | win_rate(100) 0.000
ep   624 | epoch   31 | steps  2918512 | return  -1083.85 | outcome disengaged      | win_rate(100) 0.000
ep   625 | epoch   31 | steps  2921351 | return   -982.55 | outcome disengaged      | win_rate(100) 0.000
ep   626 | epoch   31 | steps  2924445 | return  -1014.28 | outcome disengaged      | win_rate(100) 0.000
ep   627 | epoch   31 | steps  2927216 | return  -1032.47 | outcome disengaged      | win_rate(100) 0.000
ep   628 | epoch   31 | steps  2930027 | return  -1047.42 | outcome disengaged      | win_rate(100) 0.000
ep   629 | epoch   31 | steps  2932083 | return  -1099.95 | outcome disengaged      | win_rate(100) 0.000
ep   630 | epoch   31 | steps  2934481 | return  -1490.45 | outcome disengaged      | win_rate(100) 0.000
ep   631 | epoch   31 | steps  2935259 | return   -970.11 | outcome loss            | win_rate(100) 0.000
ep   632 | epoch   31 | steps  2936025 | return   -971.06 | outcome loss            | win_rate(100) 0.000
ep   633 | epoch   31 | steps  2939265 | return  -1084.13 | outcome disengaged      | win_rate(100) 0.000
ep   634 | epoch   31 | steps  2942135 | return  -1271.04 | outcome disengaged      | win_rate(100) 0.000
ep   635 | epoch   31 | steps  2944799 | return  -1083.30 | outcome disengaged      | win_rate(100) 0.000
ep   636 | epoch   31 | steps  2947630 | return  -1085.53 | outcome disengaged      | win_rate(100) 0.000
ep   637 | epoch   31 | steps  2949533 | return  -1343.08 | outcome disengaged      | win_rate(100) 0.000
ep   638 | epoch   31 | steps  2951110 | return  -1356.54 | outcome crash           | win_rate(100) 0.000
ep   639 | epoch   31 | steps  2953240 | return  -1134.27 | outcome disengaged      | win_rate(100) 0.000
ep   640 | epoch   31 | steps  2955447 | return  -1070.68 | outcome disengaged      | win_rate(100) 0.000
[epoch   31] env_steps  2955447 | win 0 loss 2 timeout 0 crash 1 other 17 | win_rate(100) 0.000 | feasible 0 | alpha 0.0327 entropy -3.99 | 559 sim steps/s | opp straight 0/18, BFM 0/2 -> next straight
ep   641 | epoch   32 | steps  2958577 | return  -1570.87 | outcome disengaged      | win_rate(100) 0.000
ep   642 | epoch   32 | steps  2961799 | return  -1488.46 | outcome disengaged      | win_rate(100) 0.000
ep   643 | epoch   32 | steps  2965035 | return  -1525.71 | outcome disengaged      | win_rate(100) 0.000
ep   644 | epoch   32 | steps  2967190 | return  -1049.77 | outcome disengaged      | win_rate(100) 0.000
ep   645 | epoch   32 | steps  2969744 | return  -1141.32 | outcome disengaged      | win_rate(100) 0.000
ep   646 | epoch   32 | steps  2971988 | return  -1349.32 | outcome disengaged      | win_rate(100) 0.000
ep   647 | epoch   32 | steps  2977988 | return    -98.56 | outcome timeout         | win_rate(100) 0.000
ep   648 | epoch   32 | steps  2980515 | return   1597.73 | outcome win             | win_rate(100) 0.010
ep   649 | epoch   32 | steps  2982977 | return  -1075.86 | outcome disengaged      | win_rate(100) 0.010
ep   650 | epoch   32 | steps  2988977 | return    138.96 | outcome timeout         | win_rate(100) 0.010
ep   651 | epoch   32 | steps  2990112 | return   -971.79 | outcome loss            | win_rate(100) 0.010
ep   652 | epoch   32 | steps  2991358 | return   -965.30 | outcome loss            | win_rate(100) 0.010
ep   653 | epoch   32 | steps  2993510 | return  -1087.06 | outcome disengaged      | win_rate(100) 0.010
ep   654 | epoch   32 | steps  2996890 | return  -1424.19 | outcome disengaged      | win_rate(100) 0.010
ep   655 | epoch   32 | steps  2997956 | return  -1100.70 | outcome disengaged      | win_rate(100) 0.010
ep   656 | epoch   32 | steps  2999087 | return  -1150.90 | outcome disengaged      | win_rate(100) 0.010
ep   657 | epoch   32 | steps  3002841 | return  -1096.67 | outcome disengaged      | win_rate(100) 0.010
ep   658 | epoch   32 | steps  3006224 | return  -1270.64 | outcome disengaged      | win_rate(100) 0.010
ep   659 | epoch   32 | steps  3008294 | return  -1177.07 | outcome disengaged      | win_rate(100) 0.010
ep   660 | epoch   32 | steps  3010485 | return  -1357.27 | outcome disengaged      | win_rate(100) 0.010
[epoch   32] env_steps  3010485 | win 1 loss 2 timeout 2 crash 0 other 15 | win_rate(100) 0.010 | feasible 1 | alpha 0.0303 entropy -3.99 | 568 sim steps/s | opp straight 1/18, BFM 0/2 -> next straight
ep   661 | epoch   33 | steps  3012486 | return  -1056.98 | outcome disengaged      | win_rate(100) 0.010
ep   662 | epoch   33 | steps  3016731 | return  -1384.62 | outcome disengaged      | win_rate(100) 0.010
ep   663 | epoch   33 | steps  3018601 | return  -1062.83 | outcome disengaged      | win_rate(100) 0.010
ep   664 | epoch   33 | steps  3020617 | return  -1081.94 | outcome disengaged      | win_rate(100) 0.010
ep   665 | epoch   33 | steps  3026617 | return    338.06 | outcome timeout         | win_rate(100) 0.010
ep   666 | epoch   33 | steps  3029207 | return  -1021.61 | outcome disengaged      | win_rate(100) 0.010
ep   667 | epoch   33 | steps  3035207 | return    245.21 | outcome timeout         | win_rate(100) 0.010
ep   668 | epoch   33 | steps  3037251 | return  -1111.80 | outcome disengaged      | win_rate(100) 0.010
ep   669 | epoch   33 | steps  3040647 | return  -1364.63 | outcome crash           | win_rate(100) 0.010
ep   670 | epoch   33 | steps  3044373 | return  -1363.21 | outcome crash           | win_rate(100) 0.010
ep   671 | epoch   33 | steps  3046676 | return  -1038.23 | outcome disengaged      | win_rate(100) 0.010
ep   672 | epoch   33 | steps  3052676 | return    109.95 | outcome timeout         | win_rate(100) 0.010
ep   673 | epoch   33 | steps  3053540 | return   -967.74 | outcome loss            | win_rate(100) 0.010
ep   674 | epoch   33 | steps  3054490 | return   -962.24 | outcome loss            | win_rate(100) 0.010
ep   675 | epoch   33 | steps  3060490 | return    267.97 | outcome timeout         | win_rate(100) 0.010
ep   676 | epoch   33 | steps  3066490 | return    263.18 | outcome timeout         | win_rate(100) 0.010
ep   677 | epoch   33 | steps  3068602 | return  -1223.56 | outcome disengaged      | win_rate(100) 0.010
ep   678 | epoch   33 | steps  3070823 | return  -1268.92 | outcome disengaged      | win_rate(100) 0.010
ep   679 | epoch   33 | steps  3072497 | return  -1053.26 | outcome disengaged      | win_rate(100) 0.010
ep   680 | epoch   33 | steps  3074112 | return  -1064.99 | outcome disengaged      | win_rate(100) 0.010
[epoch   33] env_steps  3074112 | win 0 loss 2 timeout 5 crash 2 other 11 | win_rate(100) 0.010 | feasible 1 | alpha 0.0288 entropy -4.00 | 570 sim steps/s | opp straight 0/16, BFM 0/4 -> next straight
ep   681 | epoch   34 | steps  3080112 | return    420.62 | outcome timeout         | win_rate(100) 0.010
ep   682 | epoch   34 | steps  3086112 | return    406.58 | outcome timeout         | win_rate(100) 0.010
ep   683 | epoch   34 | steps  3087029 | return   -962.54 | outcome loss            | win_rate(100) 0.010
ep   684 | epoch   34 | steps  3087883 | return   -975.06 | outcome loss            | win_rate(100) 0.010
ep   685 | epoch   34 | steps  3093883 | return    506.16 | outcome timeout         | win_rate(100) 0.010
ep   686 | epoch   34 | steps  3099883 | return    461.56 | outcome timeout         | win_rate(100) 0.010
ep   687 | epoch   34 | steps  3105883 | return    866.92 | outcome timeout         | win_rate(100) 0.010
ep   688 | epoch   34 | steps  3111883 | return    196.91 | outcome timeout         | win_rate(100) 0.010
ep   689 | epoch   34 | steps  3117883 | return    -64.89 | outcome timeout         | win_rate(100) 0.010
ep   690 | epoch   34 | steps  3123883 | return     61.72 | outcome timeout         | win_rate(100) 0.010
ep   691 | epoch   34 | steps  3129883 | return    776.04 | outcome timeout         | win_rate(100) 0.010
ep   692 | epoch   34 | steps  3135883 | return    577.02 | outcome timeout         | win_rate(100) 0.010
ep   693 | epoch   34 | steps  3141883 | return     45.25 | outcome timeout         | win_rate(100) 0.010
ep   694 | epoch   34 | steps  3143684 | return  -1094.12 | outcome disengaged      | win_rate(100) 0.010
ep   695 | epoch   34 | steps  3148804 | return  -1175.78 | outcome crash           | win_rate(100) 0.010
ep   696 | epoch   34 | steps  3154804 | return    125.91 | outcome timeout         | win_rate(100) 0.010
ep   697 | epoch   34 | steps  3157757 | return  -1417.92 | outcome loss            | win_rate(100) 0.010
ep   698 | epoch   34 | steps  3160372 | return  -1318.41 | outcome loss            | win_rate(100) 0.010
ep   699 | epoch   34 | steps  3164203 | return  -1185.87 | outcome disengaged      | win_rate(100) 0.010
ep   700 | epoch   34 | steps  3170203 | return    -77.31 | outcome timeout         | win_rate(100) 0.010
[epoch   34] env_steps  3170203 | win 0 loss 4 timeout 13 crash 1 other 2 | win_rate(100) 0.010 | feasible 1 | alpha 0.0281 entropy -4.00 | 574 sim steps/s | opp straight 0/14, BFM 0/6 -> next straight
ep   701 | epoch   35 | steps  3176203 | return    -13.12 | outcome timeout         | win_rate(100) 0.010
ep   702 | epoch   35 | steps  3182203 | return    -49.70 | outcome timeout         | win_rate(100) 0.010
ep   703 | epoch   35 | steps  3184888 | return  -1661.40 | outcome crash           | win_rate(100) 0.010
ep   704 | epoch   35 | steps  3186669 | return  -1440.80 | outcome crash           | win_rate(100) 0.010
ep   705 | epoch   35 | steps  3192669 | return    -95.40 | outcome timeout         | win_rate(100) 0.010
ep   706 | epoch   35 | steps  3196496 | return  -1524.64 | outcome crash           | win_rate(100) 0.010
ep   707 | epoch   35 | steps  3199873 | return  -1509.26 | outcome crash           | win_rate(100) 0.010
ep   708 | epoch   35 | steps  3205873 | return   -146.77 | outcome timeout         | win_rate(100) 0.010
ep   709 | epoch   35 | steps  3211873 | return    -48.89 | outcome timeout         | win_rate(100) 0.010
ep   710 | epoch   35 | steps  3217873 | return     68.59 | outcome timeout         | win_rate(100) 0.010
ep   711 | epoch   35 | steps  3223873 | return   -120.87 | outcome timeout         | win_rate(100) 0.010
ep   712 | epoch   35 | steps  3229873 | return   -685.84 | outcome timeout         | win_rate(100) 0.010
ep   713 | epoch   35 | steps  3234642 | return  -1416.49 | outcome disengaged      | win_rate(100) 0.010
ep   714 | epoch   35 | steps  3238258 | return  -1824.42 | outcome crash           | win_rate(100) 0.010
ep   715 | epoch   35 | steps  3239523 | return  -1160.84 | outcome loss            | win_rate(100) 0.010
ep   716 | epoch   35 | steps  3240963 | return  -1100.98 | outcome loss            | win_rate(100) 0.010
ep   717 | epoch   35 | steps  3246963 | return   -122.33 | outcome timeout         | win_rate(100) 0.010
ep   718 | epoch   35 | steps  3251169 | return  -1034.26 | outcome disengaged      | win_rate(100) 0.010
ep   719 | epoch   35 | steps  3254290 | return  -1706.78 | outcome disengaged      | win_rate(100) 0.010
ep   720 | epoch   35 | steps  3260033 | return  -1402.85 | outcome disengaged      | win_rate(100) 0.010
[epoch   35] env_steps  3260033 | win 0 loss 2 timeout 9 crash 5 other 4 | win_rate(100) 0.010 | feasible 1 | alpha 0.0264 entropy -4.00 | 573 sim steps/s | opp straight 0/16, BFM 0/4 -> next straight
ep   721 | epoch   36 | steps  3266033 | return  -1662.12 | outcome timeout         | win_rate(100) 0.010
ep   722 | epoch   36 | steps  3272033 | return  -1599.67 | outcome timeout         | win_rate(100) 0.010
ep   723 | epoch   36 | steps  3272842 | return   -957.57 | outcome loss            | win_rate(100) 0.010
ep   724 | epoch   36 | steps  3277669 | return  -2709.16 | outcome crash           | win_rate(100) 0.010
ep   725 | epoch   36 | steps  3283669 | return  -1130.36 | outcome timeout         | win_rate(100) 0.010
ep   726 | epoch   36 | steps  3289669 | return   -579.03 | outcome timeout         | win_rate(100) 0.010
ep   727 | epoch   36 | steps  3295669 | return   -493.74 | outcome timeout         | win_rate(100) 0.010
ep   728 | epoch   36 | steps  3301669 | return   -268.05 | outcome timeout         | win_rate(100) 0.010
ep   729 | epoch   36 | steps  3305814 | return  -1576.24 | outcome crash           | win_rate(100) 0.010
ep   730 | epoch   36 | steps  3308742 | return  -1104.36 | outcome disengaged      | win_rate(100) 0.010
ep   731 | epoch   36 | steps  3314742 | return   -187.41 | outcome timeout         | win_rate(100) 0.010
ep   732 | epoch   36 | steps  3320742 | return    -61.99 | outcome timeout         | win_rate(100) 0.010
ep   733 | epoch   36 | steps  3325543 | return  -1293.69 | outcome disengaged      | win_rate(100) 0.010
ep   734 | epoch   36 | steps  3329059 | return  -1752.79 | outcome disengaged      | win_rate(100) 0.010
ep   735 | epoch   36 | steps  3331331 | return  -1569.73 | outcome disengaged      | win_rate(100) 0.010
ep   736 | epoch   36 | steps  3334015 | return  -1758.40 | outcome disengaged      | win_rate(100) 0.010
ep   737 | epoch   36 | steps  3338220 | return   -857.43 | outcome disengaged      | win_rate(100) 0.010
ep   738 | epoch   36 | steps  3344220 | return    288.14 | outcome timeout         | win_rate(100) 0.010
ep   739 | epoch   36 | steps  3350220 | return   -649.23 | outcome timeout         | win_rate(100) 0.010
ep   740 | epoch   36 | steps  3356220 | return     93.25 | outcome timeout         | win_rate(100) 0.010
[epoch   36] env_steps  3356220 | win 0 loss 1 timeout 11 crash 2 other 6 | win_rate(100) 0.010 | feasible 1 | alpha 0.0259 entropy -4.00 | 570 sim steps/s | opp straight 0/16, BFM 0/4 -> next straight
ep   741 | epoch   37 | steps  3362080 | return   -987.73 | outcome disengaged      | win_rate(100) 0.010
ep   742 | epoch   37 | steps  3368080 | return    115.48 | outcome timeout         | win_rate(100) 0.010
ep   743 | epoch   37 | steps  3374080 | return    165.68 | outcome timeout         | win_rate(100) 0.010
ep   744 | epoch   37 | steps  3379014 | return   -849.95 | outcome disengaged      | win_rate(100) 0.010
ep   745 | epoch   37 | steps  3385014 | return    434.04 | outcome timeout         | win_rate(100) 0.010
ep   746 | epoch   37 | steps  3391014 | return   -323.82 | outcome timeout         | win_rate(100) 0.010
ep   747 | epoch   37 | steps  3397014 | return    201.27 | outcome timeout         | win_rate(100) 0.010
ep   748 | epoch   37 | steps  3403014 | return      0.52 | outcome timeout         | win_rate(100) 0.000
ep   749 | epoch   37 | steps  3409014 | return  -1668.96 | outcome timeout         | win_rate(100) 0.000
ep   750 | epoch   37 | steps  3415014 | return  -1124.69 | outcome timeout         | win_rate(100) 0.000
ep   751 | epoch   37 | steps  3418012 | return  -2122.40 | outcome disengaged      | win_rate(100) 0.000
ep   752 | epoch   37 | steps  3421468 | return  -1664.79 | outcome crash           | win_rate(100) 0.000
ep   753 | epoch   37 | steps  3427468 | return   -259.56 | outcome timeout         | win_rate(100) 0.000
ep   754 | epoch   37 | steps  3429223 | return  -1563.03 | outcome crash           | win_rate(100) 0.000
ep   755 | epoch   37 | steps  3432326 | return  -1090.43 | outcome disengaged      | win_rate(100) 0.000
ep   756 | epoch   37 | steps  3434934 | return   -986.10 | outcome disengaged      | win_rate(100) 0.000
ep   757 | epoch   37 | steps  3436504 | return  -1596.00 | outcome crash           | win_rate(100) 0.000
ep   758 | epoch   37 | steps  3440651 | return  -1126.34 | outcome disengaged      | win_rate(100) 0.000
ep   759 | epoch   37 | steps  3446651 | return   -305.28 | outcome timeout         | win_rate(100) 0.000
ep   760 | epoch   37 | steps  3448517 | return  -1399.44 | outcome disengaged      | win_rate(100) 0.000
[epoch   37] env_steps  3448517 | win 0 loss 0 timeout 10 crash 3 other 7 | win_rate(100) 0.000 | feasible 1 | alpha 0.0218 entropy -3.99 | 570 sim steps/s | opp straight 0/20, BFM 0/0 -> next straight
ep   761 | epoch   38 | steps  3452715 | return  -1158.75 | outcome disengaged      | win_rate(100) 0.000
ep   762 | epoch   38 | steps  3455109 | return  -1068.97 | outcome disengaged      | win_rate(100) 0.000
ep   763 | epoch   38 | steps  3459243 | return  -1727.60 | outcome disengaged      | win_rate(100) 0.000
ep   764 | epoch   38 | steps  3462684 | return  -2119.99 | outcome disengaged      | win_rate(100) 0.000
ep   765 | epoch   38 | steps  3467304 | return   -982.56 | outcome disengaged      | win_rate(100) 0.000
ep   766 | epoch   38 | steps  3473304 | return   -190.96 | outcome timeout         | win_rate(100) 0.000
ep   767 | epoch   38 | steps  3479304 | return   -179.49 | outcome timeout         | win_rate(100) 0.000
ep   768 | epoch   38 | steps  3481696 | return  -1239.47 | outcome disengaged      | win_rate(100) 0.000
ep   769 | epoch   38 | steps  3485225 | return  -1751.65 | outcome disengaged      | win_rate(100) 0.000
ep   770 | epoch   38 | steps  3488525 | return  -1874.64 | outcome disengaged      | win_rate(100) 0.000
ep   771 | epoch   38 | steps  3489275 | return   1555.96 | outcome win             | win_rate(100) 0.010
ep   772 | epoch   38 | steps  3490057 | return   -958.47 | outcome loss            | win_rate(100) 0.010
ep   773 | epoch   38 | steps  3492482 | return  -1393.15 | outcome crash           | win_rate(100) 0.010
ep   774 | epoch   38 | steps  3498482 | return   -104.52 | outcome timeout         | win_rate(100) 0.010
ep   775 | epoch   38 | steps  3504482 | return      3.14 | outcome timeout         | win_rate(100) 0.010
ep   776 | epoch   38 | steps  3507320 | return   -870.19 | outcome disengaged      | win_rate(100) 0.010
ep   777 | epoch   38 | steps  3513320 | return    -26.99 | outcome timeout         | win_rate(100) 0.010
ep   778 | epoch   38 | steps  3517654 | return   -936.67 | outcome disengaged      | win_rate(100) 0.010
ep   779 | epoch   38 | steps  3518629 | return   1565.31 | outcome win             | win_rate(100) 0.020
ep   780 | epoch   38 | steps  3519646 | return   1581.26 | outcome win             | win_rate(100) 0.030
[epoch   38] env_steps  3519646 | win 3 loss 1 timeout 5 crash 1 other 10 | win_rate(100) 0.030 | feasible 2 | alpha 0.0216 entropy -4.00 | 580 sim steps/s | opp straight 2/18, BFM 1/2 -> next straight
ep   781 | epoch   39 | steps  3523264 | return   -829.30 | outcome disengaged      | win_rate(100) 0.030
ep   782 | epoch   39 | steps  3526728 | return  -1133.15 | outcome crash           | win_rate(100) 0.030
ep   783 | epoch   39 | steps  3531413 | return   -129.92 | outcome disengaged      | win_rate(100) 0.030
ep   784 | epoch   39 | steps  3534463 | return  -1086.40 | outcome disengaged      | win_rate(100) 0.030
ep   785 | epoch   39 | steps  3535501 | return   -955.25 | outcome loss            | win_rate(100) 0.030
ep   786 | epoch   39 | steps  3536325 | return   -954.15 | outcome loss            | win_rate(100) 0.030
ep   787 | epoch   39 | steps  3541611 | return  -1774.38 | outcome crash           | win_rate(100) 0.030
ep   788 | epoch   39 | steps  3547611 | return   -280.90 | outcome timeout         | win_rate(100) 0.030
ep   789 | epoch   39 | steps  3548970 | return   -983.34 | outcome loss            | win_rate(100) 0.030
ep   790 | epoch   39 | steps  3550057 | return   -966.99 | outcome loss            | win_rate(100) 0.030
ep   791 | epoch   39 | steps  3551403 | return  -1001.50 | outcome loss            | win_rate(100) 0.030
ep   792 | epoch   39 | steps  3552712 | return   -996.10 | outcome loss            | win_rate(100) 0.030
ep   793 | epoch   39 | steps  3556586 | return  -1030.16 | outcome disengaged      | win_rate(100) 0.030
ep   794 | epoch   39 | steps  3562586 | return   -652.57 | outcome timeout         | win_rate(100) 0.030
ep   795 | epoch   39 | steps  3564347 | return  -1393.32 | outcome crash           | win_rate(100) 0.030
ep   796 | epoch   39 | steps  3570347 | return  -1470.33 | outcome timeout         | win_rate(100) 0.030
ep   797 | epoch   39 | steps  3573852 | return  -1472.01 | outcome crash           | win_rate(100) 0.030
ep   798 | epoch   39 | steps  3577813 | return   -960.80 | outcome disengaged      | win_rate(100) 0.030
ep   799 | epoch   39 | steps  3580692 | return  -1103.86 | outcome disengaged      | win_rate(100) 0.030
ep   800 | epoch   39 | steps  3583576 | return  -1363.15 | outcome disengaged      | win_rate(100) 0.030
[epoch   39] env_steps  3583576 | win 0 loss 6 timeout 3 crash 4 other 7 | win_rate(100) 0.030 | feasible 2 | alpha 0.0182 entropy -3.99 | 569 sim steps/s | opp straight 0/14, BFM 0/6 -> next straight
ep   801 | epoch   40 | steps  3589576 | return     12.35 | outcome timeout         | win_rate(100) 0.030
ep   802 | epoch   40 | steps  3590524 | return   1556.96 | outcome win             | win_rate(100) 0.040
ep   803 | epoch   40 | steps  3592043 | return  -1464.51 | outcome crash           | win_rate(100) 0.040
ep   804 | epoch   40 | steps  3593534 | return  -1472.20 | outcome crash           | win_rate(100) 0.040
ep   805 | epoch   40 | steps  3599534 | return    -11.97 | outcome timeout         | win_rate(100) 0.040
ep   806 | epoch   40 | steps  3605534 | return    -25.15 | outcome timeout         | win_rate(100) 0.040
ep   807 | epoch   40 | steps  3609312 | return  -1223.69 | outcome disengaged      | win_rate(100) 0.040
ep   808 | epoch   40 | steps  3615312 | return  -1012.46 | outcome timeout         | win_rate(100) 0.040
ep   809 | epoch   40 | steps  3621043 | return  -1136.74 | outcome disengaged      | win_rate(100) 0.040
ep   810 | epoch   40 | steps  3627043 | return   -156.91 | outcome timeout         | win_rate(100) 0.040
ep   811 | epoch   40 | steps  3632332 | return  -1138.68 | outcome disengaged      | win_rate(100) 0.040
ep   812 | epoch   40 | steps  3638304 | return  -1077.78 | outcome disengaged      | win_rate(100) 0.040
ep   813 | epoch   40 | steps  3644304 | return   -308.65 | outcome timeout         | win_rate(100) 0.040
ep   814 | epoch   40 | steps  3650304 | return   -996.15 | outcome timeout         | win_rate(100) 0.040
ep   815 | epoch   40 | steps  3652954 | return  -1165.51 | outcome disengaged      | win_rate(100) 0.040
ep   816 | epoch   40 | steps  3655511 | return  -1152.10 | outcome disengaged      | win_rate(100) 0.040
ep   817 | epoch   40 | steps  3657989 | return  -1472.63 | outcome disengaged      | win_rate(100) 0.040
ep   818 | epoch   40 | steps  3660166 | return  -1159.72 | outcome disengaged      | win_rate(100) 0.040
ep   819 | epoch   40 | steps  3663016 | return  -1092.22 | outcome disengaged      | win_rate(100) 0.040
ep   820 | epoch   40 | steps  3666003 | return  -1036.59 | outcome disengaged      | win_rate(100) 0.040
[epoch   40] env_steps  3666003 | win 1 loss 0 timeout 7 crash 2 other 10 | win_rate(100) 0.040 | feasible 3 | alpha 0.0188 entropy -4.00 | 565 sim steps/s | opp straight 0/18, BFM 1/2 -> next straight
ep   821 | epoch   41 | steps  3669765 | return  -1125.01 | outcome disengaged      | win_rate(100) 0.040
ep   822 | epoch   41 | steps  3673908 | return  -1766.03 | outcome disengaged      | win_rate(100) 0.040
ep   823 | epoch   41 | steps  3678487 | return  -1065.87 | outcome disengaged      | win_rate(100) 0.040
ep   824 | epoch   41 | steps  3684487 | return   -637.46 | outcome timeout         | win_rate(100) 0.040
ep   825 | epoch   41 | steps  3688091 | return  -1029.00 | outcome disengaged      | win_rate(100) 0.040
ep   826 | epoch   41 | steps  3691487 | return  -1214.53 | outcome disengaged      | win_rate(100) 0.040
ep   827 | epoch   41 | steps  3692663 | return  -1048.28 | outcome loss            | win_rate(100) 0.040
ep   828 | epoch   41 | steps  3694928 | return  -1189.15 | outcome loss            | win_rate(100) 0.040
ep   829 | epoch   41 | steps  3700928 | return   -350.49 | outcome timeout         | win_rate(100) 0.040
ep   830 | epoch   41 | steps  3706928 | return    -87.82 | outcome timeout         | win_rate(100) 0.040
ep   831 | epoch   41 | steps  3709475 | return  -1243.55 | outcome disengaged      | win_rate(100) 0.040
ep   832 | epoch   41 | steps  3711641 | return  -1499.85 | outcome crash           | win_rate(100) 0.040
ep   833 | epoch   41 | steps  3717641 | return    -39.16 | outcome timeout         | win_rate(100) 0.040
ep   834 | epoch   41 | steps  3722312 | return   -981.43 | outcome loss            | win_rate(100) 0.040
ep   835 | epoch   41 | steps  3728312 | return    118.04 | outcome timeout         | win_rate(100) 0.040
ep   836 | epoch   41 | steps  3731982 | return   -707.01 | outcome disengaged      | win_rate(100) 0.040
ep   837 | epoch   41 | steps  3735920 | return  -1921.11 | outcome disengaged      | win_rate(100) 0.040
ep   838 | epoch   41 | steps  3740327 | return  -2159.55 | outcome disengaged      | win_rate(100) 0.040
ep   839 | epoch   41 | steps  3746327 | return   -251.27 | outcome timeout         | win_rate(100) 0.040
ep   840 | epoch   41 | steps  3749184 | return  -1034.47 | outcome disengaged      | win_rate(100) 0.040
[epoch   41] env_steps  3749184 | win 0 loss 3 timeout 6 crash 1 other 10 | win_rate(100) 0.040 | feasible 3 | alpha 0.0171 entropy -4.00 | 560 sim steps/s | opp straight 0/14, BFM 0/6 -> next straight
ep   841 | epoch   42 | steps  3750275 | return   -949.18 | outcome loss            | win_rate(100) 0.040
ep   842 | epoch   42 | steps  3755237 | return  -1432.36 | outcome crash           | win_rate(100) 0.040
ep   843 | epoch   42 | steps  3757592 | return  -1502.82 | outcome crash           | win_rate(100) 0.040
ep   844 | epoch   42 | steps  3763592 | return   -167.78 | outcome timeout         | win_rate(100) 0.040
ep   845 | epoch   42 | steps  3765855 | return  -1509.94 | outcome crash           | win_rate(100) 0.040
ep   846 | epoch   42 | steps  3768331 | return  -1568.92 | outcome crash           | win_rate(100) 0.040
ep   847 | epoch   42 | steps  3773462 | return  -2294.85 | outcome crash           | win_rate(100) 0.040
ep   848 | epoch   42 | steps  3779462 | return   -277.32 | outcome timeout         | win_rate(100) 0.040
ep   849 | epoch   42 | steps  3785462 | return    148.19 | outcome timeout         | win_rate(100) 0.040
ep   850 | epoch   42 | steps  3791462 | return   -673.88 | outcome timeout         | win_rate(100) 0.040
ep   851 | epoch   42 | steps  3797461 | return  -1124.31 | outcome disengaged      | win_rate(100) 0.040
ep   852 | epoch   42 | steps  3803461 | return    134.50 | outcome timeout         | win_rate(100) 0.040
ep   853 | epoch   42 | steps  3809461 | return    137.83 | outcome timeout         | win_rate(100) 0.040
ep   854 | epoch   42 | steps  3815461 | return     86.51 | outcome timeout         | win_rate(100) 0.040
ep   855 | epoch   42 | steps  3817175 | return  -1068.46 | outcome disengaged      | win_rate(100) 0.040
ep   856 | epoch   42 | steps  3818795 | return  -1078.71 | outcome disengaged      | win_rate(100) 0.040
ep   857 | epoch   42 | steps  3820408 | return  -1442.07 | outcome disengaged      | win_rate(100) 0.040
ep   858 | epoch   42 | steps  3822032 | return  -1579.11 | outcome disengaged      | win_rate(100) 0.040
ep   859 | epoch   42 | steps  3824309 | return  -1265.71 | outcome disengaged      | win_rate(100) 0.040
ep   860 | epoch   42 | steps  3826605 | return  -1017.56 | outcome disengaged      | win_rate(100) 0.040
[epoch   42] env_steps  3826605 | win 0 loss 1 timeout 7 crash 5 other 7 | win_rate(100) 0.040 | feasible 3 | alpha 0.0168 entropy -4.00 | 573 sim steps/s | opp straight 0/18, BFM 0/2 -> next straight
ep   861 | epoch   43 | steps  3829652 | return  -1031.24 | outcome disengaged      | win_rate(100) 0.040
ep   862 | epoch   43 | steps  3835652 | return    -63.94 | outcome timeout         | win_rate(100) 0.040
ep   863 | epoch   43 | steps  3839489 | return   -945.78 | outcome disengaged      | win_rate(100) 0.040
ep   864 | epoch   43 | steps  3842555 | return  -1083.53 | outcome disengaged      | win_rate(100) 0.040
ep   865 | epoch   43 | steps  3848555 | return    -55.11 | outcome timeout         | win_rate(100) 0.040
ep   866 | epoch   43 | steps  3854555 | return     73.81 | outcome timeout         | win_rate(100) 0.040
ep   867 | epoch   43 | steps  3860555 | return   -199.52 | outcome timeout         | win_rate(100) 0.040
ep   868 | epoch   43 | steps  3865621 | return  -1337.11 | outcome disengaged      | win_rate(100) 0.040
ep   869 | epoch   43 | steps  3871621 | return     90.67 | outcome timeout         | win_rate(100) 0.040
ep   870 | epoch   43 | steps  3872482 | return   1568.76 | outcome win             | win_rate(100) 0.050
ep   871 | epoch   43 | steps  3875525 | return  -1005.44 | outcome disengaged      | win_rate(100) 0.040
ep   872 | epoch   43 | steps  3881525 | return   -197.97 | outcome timeout         | win_rate(100) 0.040
ep   873 | epoch   43 | steps  3885206 | return  -1039.04 | outcome disengaged      | win_rate(100) 0.040
ep   874 | epoch   43 | steps  3888370 | return  -1071.68 | outcome disengaged      | win_rate(100) 0.040
ep   875 | epoch   43 | steps  3890443 | return  -1206.19 | outcome disengaged      | win_rate(100) 0.040
ep   876 | epoch   43 | steps  3892417 | return  -1185.38 | outcome disengaged      | win_rate(100) 0.040
ep   877 | epoch   43 | steps  3894392 | return  -1218.55 | outcome disengaged      | win_rate(100) 0.040
ep   878 | epoch   43 | steps  3896236 | return  -1218.78 | outcome disengaged      | win_rate(100) 0.040
ep   879 | epoch   43 | steps  3897927 | return  -1082.85 | outcome disengaged      | win_rate(100) 0.030
ep   880 | epoch   43 | steps  3900282 | return  -1257.81 | outcome disengaged      | win_rate(100) 0.020
[epoch   43] env_steps  3900282 | win 1 loss 0 timeout 6 crash 0 other 13 | win_rate(100) 0.020 | feasible 4 | alpha 0.0165 entropy -4.00 | 563 sim steps/s | opp straight 0/16, BFM 1/4 -> next straight
ep   881 | epoch   44 | steps  3903043 | return  -1063.86 | outcome loss            | win_rate(100) 0.020
ep   882 | epoch   44 | steps  3909043 | return    -46.38 | outcome timeout         | win_rate(100) 0.020
ep   883 | epoch   44 | steps  3915043 | return   -513.07 | outcome timeout         | win_rate(100) 0.020
ep   884 | epoch   44 | steps  3921043 | return   -239.34 | outcome timeout         | win_rate(100) 0.020
ep   885 | epoch   44 | steps  3923208 | return  -1155.90 | outcome loss            | win_rate(100) 0.020
ep   886 | epoch   44 | steps  3925955 | return  -1159.98 | outcome loss            | win_rate(100) 0.020
ep   887 | epoch   44 | steps  3931955 | return   -109.36 | outcome timeout         | win_rate(100) 0.020
ep   888 | epoch   44 | steps  3937867 | return  -2870.43 | outcome disengaged      | win_rate(100) 0.020
ep   889 | epoch   44 | steps  3943867 | return    137.66 | outcome timeout         | win_rate(100) 0.020
ep   890 | epoch   44 | steps  3946775 | return  -1185.17 | outcome disengaged      | win_rate(100) 0.020
ep   891 | epoch   44 | steps  3949259 | return  -1052.36 | outcome disengaged      | win_rate(100) 0.020
ep   892 | epoch   44 | steps  3951745 | return  -1129.72 | outcome disengaged      | win_rate(100) 0.020
ep   893 | epoch   44 | steps  3954485 | return  -1060.55 | outcome disengaged      | win_rate(100) 0.020
ep   894 | epoch   44 | steps  3957126 | return  -1066.17 | outcome disengaged      | win_rate(100) 0.020
ep   895 | epoch   44 | steps  3958810 | return  -1073.41 | outcome disengaged      | win_rate(100) 0.020
ep   896 | epoch   44 | steps  3960931 | return  -1117.09 | outcome disengaged      | win_rate(100) 0.020
ep   897 | epoch   44 | steps  3966931 | return    209.20 | outcome timeout         | win_rate(100) 0.020
ep   898 | epoch   44 | steps  3968761 | return  -1239.23 | outcome disengaged      | win_rate(100) 0.020
ep   899 | epoch   44 | steps  3972315 | return    -54.05 | outcome loss            | win_rate(100) 0.020
ep   900 | epoch   44 | steps  3978315 | return    358.19 | outcome timeout         | win_rate(100) 0.020
[epoch   44] env_steps  3978315 | win 0 loss 4 timeout 7 crash 0 other 9 | win_rate(100) 0.020 | feasible 4 | alpha 0.0164 entropy -4.00 | 565 sim steps/s | opp straight 0/16, BFM 0/4 -> next straight
ep   901 | epoch   45 | steps  3979242 | return   -948.58 | outcome loss            | win_rate(100) 0.020
ep   902 | epoch   45 | steps  3983246 | return   -885.58 | outcome loss            | win_rate(100) 0.010
ep   903 | epoch   45 | steps  3984185 | return   -948.13 | outcome loss            | win_rate(100) 0.010
ep   904 | epoch   45 | steps  3988804 | return   -878.79 | outcome loss            | win_rate(100) 0.010
ep   905 | epoch   45 | steps  3989619 | return   -950.13 | outcome loss            | win_rate(100) 0.010
ep   906 | epoch   45 | steps  3991910 | return   -927.72 | outcome loss            | win_rate(100) 0.010
ep   907 | epoch   45 | steps  3992756 | return   -949.86 | outcome loss            | win_rate(100) 0.010
ep   908 | epoch   45 | steps  3995208 | return   -930.48 | outcome loss            | win_rate(100) 0.010
ep   909 | epoch   45 | steps  4001208 | return    355.61 | outcome timeout         | win_rate(100) 0.010
ep   910 | epoch   45 | steps  4003938 | return  -1040.96 | outcome disengaged      | win_rate(100) 0.010
ep   911 | epoch   45 | steps  4009938 | return    -42.40 | outcome timeout         | win_rate(100) 0.010
ep   912 | epoch   45 | steps  4013196 | return   -893.89 | outcome loss            | win_rate(100) 0.010
ep   913 | epoch   45 | steps  4019196 | return     -7.59 | outcome timeout         | win_rate(100) 0.010
ep   914 | epoch   45 | steps  4025196 | return     90.78 | outcome timeout         | win_rate(100) 0.010
ep   915 | epoch   45 | steps  4031196 | return    177.77 | outcome timeout         | win_rate(100) 0.010
ep   916 | epoch   45 | steps  4035812 | return   -611.80 | outcome disengaged      | win_rate(100) 0.010
ep   917 | epoch   45 | steps  4036304 | return   -990.60 | outcome loss            | win_rate(100) 0.010
ep   918 | epoch   45 | steps  4036810 | return   -984.11 | outcome loss            | win_rate(100) 0.010
ep   919 | epoch   45 | steps  4038832 | return  -1919.47 | outcome disengaged      | win_rate(100) 0.010
ep   920 | epoch   45 | steps  4040554 | return  -1435.16 | outcome disengaged      | win_rate(100) 0.010
[epoch   45] env_steps  4040554 | win 0 loss 11 timeout 5 crash 0 other 4 | win_rate(100) 0.010 | feasible 4 | alpha 0.0178 entropy -4.00 | 562 sim steps/s | opp straight 0/8, BFM 0/12 -> next straight
ep   921 | epoch   46 | steps  4046348 | return  -1229.20 | outcome crash           | win_rate(100) 0.010
ep   922 | epoch   46 | steps  4052080 | return  -1339.88 | outcome crash           | win_rate(100) 0.010
ep   923 | epoch   46 | steps  4058080 | return    270.70 | outcome timeout         | win_rate(100) 0.010
ep   924 | epoch   46 | steps  4064080 | return    -27.36 | outcome timeout         | win_rate(100) 0.010
ep   925 | epoch   46 | steps  4068051 | return   -941.16 | outcome loss            | win_rate(100) 0.010
ep   926 | epoch   46 | steps  4070541 | return   -974.42 | outcome loss            | win_rate(100) 0.010
ep   927 | epoch   46 | steps  4076541 | return     41.44 | outcome timeout         | win_rate(100) 0.010
ep   928 | epoch   46 | steps  4079044 | return   -991.76 | outcome disengaged      | win_rate(100) 0.010
ep   929 | epoch   46 | steps  4085044 | return   -404.04 | outcome timeout         | win_rate(100) 0.010
ep   930 | epoch   46 | steps  4091044 | return   -997.42 | outcome timeout         | win_rate(100) 0.010
ep   931 | epoch   46 | steps  4095795 | return  -1523.97 | outcome crash           | win_rate(100) 0.010
ep   932 | epoch   46 | steps  4101795 | return   -556.01 | outcome timeout         | win_rate(100) 0.010
ep   933 | epoch   46 | steps  4107320 | return  -1495.73 | outcome disengaged      | win_rate(100) 0.010
ep   934 | epoch   46 | steps  4113320 | return   -353.79 | outcome timeout         | win_rate(100) 0.010
ep   935 | epoch   46 | steps  4113896 | return  -1024.16 | outcome loss            | win_rate(100) 0.010
ep   936 | epoch   46 | steps  4114493 | return   1493.79 | outcome win             | win_rate(100) 0.020
ep   937 | epoch   46 | steps  4116978 | return  -1009.35 | outcome disengaged      | win_rate(100) 0.020
ep   938 | epoch   46 | steps  4120388 | return  -1130.35 | outcome disengaged      | win_rate(100) 0.020
ep   939 | epoch   46 | steps  4121910 | return   2325.38 | outcome win             | win_rate(100) 0.030
ep   940 | epoch   46 | steps  4123408 | return   2362.21 | outcome win             | win_rate(100) 0.040
[epoch   46] env_steps  4123408 | win 3 loss 3 timeout 7 crash 3 other 4 | win_rate(100) 0.040 | feasible 5 | alpha 0.0141 entropy -3.99 | 572 sim steps/s | opp straight 2/16, BFM 1/4 -> next straight
ep   941 | epoch   47 | steps  4126341 | return   -989.39 | outcome loss            | win_rate(100) 0.040
ep   942 | epoch   47 | steps  4129215 | return   -984.97 | outcome loss            | win_rate(100) 0.040
ep   943 | epoch   47 | steps  4135215 | return   -633.68 | outcome timeout         | win_rate(100) 0.040
ep   944 | epoch   47 | steps  4141215 | return  -1338.38 | outcome timeout         | win_rate(100) 0.040
ep   945 | epoch   47 | steps  4143306 | return  -1113.44 | outcome loss            | win_rate(100) 0.040
ep   946 | epoch   47 | steps  4146471 | return   -962.78 | outcome loss            | win_rate(100) 0.040
ep   947 | epoch   47 | steps  4150726 | return  -1493.00 | outcome disengaged      | win_rate(100) 0.040
ep   948 | epoch   47 | steps  4154869 | return  -1474.10 | outcome disengaged      | win_rate(100) 0.040
ep   949 | epoch   47 | steps  4157847 | return   -957.98 | outcome loss            | win_rate(100) 0.040
ep   950 | epoch   47 | steps  4161251 | return   -946.21 | outcome loss            | win_rate(100) 0.040
ep   951 | epoch   47 | steps  4165542 | return  -1430.80 | outcome disengaged      | win_rate(100) 0.040
ep   952 | epoch   47 | steps  4170717 | return  -2020.35 | outcome crash           | win_rate(100) 0.040
ep   953 | epoch   47 | steps  4173389 | return  -1294.86 | outcome loss            | win_rate(100) 0.040
ep   954 | epoch   47 | steps  4176189 | return   -979.47 | outcome loss            | win_rate(100) 0.040
ep   955 | epoch   47 | steps  4178631 | return  -1564.58 | outcome crash           | win_rate(100) 0.040
ep   956 | epoch   47 | steps  4183800 | return  -2355.35 | outcome disengaged      | win_rate(100) 0.040
ep   957 | epoch   47 | steps  4185307 | return  -1458.03 | outcome crash           | win_rate(100) 0.040
ep   958 | epoch   47 | steps  4186783 | return  -1446.10 | outcome crash           | win_rate(100) 0.040
ep   959 | epoch   47 | steps  4192783 | return   -298.13 | outcome timeout         | win_rate(100) 0.040
ep   960 | epoch   47 | steps  4195918 | return  -1693.36 | outcome disengaged      | win_rate(100) 0.040
[epoch   47] env_steps  4195918 | win 0 loss 8 timeout 3 crash 4 other 5 | win_rate(100) 0.040 | feasible 5 | alpha 0.0121 entropy -3.99 | 559 sim steps/s | opp straight 0/12, BFM 0/8 -> next straight
ep   961 | epoch   48 | steps  4201918 | return    -22.39 | outcome timeout         | win_rate(100) 0.040
ep   962 | epoch   48 | steps  4207754 | return  -2029.71 | outcome crash           | win_rate(100) 0.040
ep   963 | epoch   48 | steps  4213754 | return    908.33 | outcome timeout         | win_rate(100) 0.040
ep   964 | epoch   48 | steps  4217497 | return  -1877.99 | outcome disengaged      | win_rate(100) 0.040
ep   965 | epoch   48 | steps  4223497 | return    812.32 | outcome timeout         | win_rate(100) 0.040
ep   966 | epoch   48 | steps  4226685 | return  -1489.87 | outcome crash           | win_rate(100) 0.040
ep   967 | epoch   48 | steps  4232685 | return   -502.30 | outcome timeout         | win_rate(100) 0.040
ep   968 | epoch   48 | steps  4238685 | return   -628.31 | outcome timeout         | win_rate(100) 0.040
ep   969 | epoch   48 | steps  4244685 | return  -1048.35 | outcome timeout         | win_rate(100) 0.040
ep   970 | epoch   48 | steps  4250685 | return    463.53 | outcome timeout         | win_rate(100) 0.030
ep   971 | epoch   48 | steps  4256685 | return   -613.96 | outcome timeout         | win_rate(100) 0.030
ep   972 | epoch   48 | steps  4262685 | return    335.18 | outcome timeout         | win_rate(100) 0.030
ep   973 | epoch   48 | steps  4268685 | return    338.24 | outcome timeout         | win_rate(100) 0.030
ep   974 | epoch   48 | steps  4274685 | return    107.08 | outcome timeout         | win_rate(100) 0.030
ep   975 | epoch   48 | steps  4275911 | return  -1032.77 | outcome loss            | win_rate(100) 0.030
ep   976 | epoch   48 | steps  4277129 | return   -958.46 | outcome loss            | win_rate(100) 0.030
ep   977 | epoch   48 | steps  4283129 | return     49.05 | outcome timeout         | win_rate(100) 0.030
ep   978 | epoch   48 | steps  4285195 | return  -1051.50 | outcome loss            | win_rate(100) 0.030
ep   979 | epoch   48 | steps  4289845 | return  -1180.65 | outcome disengaged      | win_rate(100) 0.030
ep   980 | epoch   48 | steps  4294870 | return  -1187.59 | outcome disengaged      | win_rate(100) 0.030
[epoch   48] env_steps  4294870 | win 0 loss 3 timeout 12 crash 2 other 3 | win_rate(100) 0.030 | feasible 5 | alpha 0.0128 entropy -4.00 | 573 sim steps/s | opp straight 0/16, BFM 0/4 -> next straight
ep   981 | epoch   49 | steps  4300870 | return    273.62 | outcome timeout         | win_rate(100) 0.030
ep   982 | epoch   49 | steps  4306870 | return   -133.48 | outcome timeout         | win_rate(100) 0.030
ep   983 | epoch   49 | steps  4312870 | return    -27.45 | outcome timeout         | win_rate(100) 0.030
ep   984 | epoch   49 | steps  4316223 | return  -1096.31 | outcome disengaged      | win_rate(100) 0.030
ep   985 | epoch   49 | steps  4322223 | return    181.08 | outcome timeout         | win_rate(100) 0.030
ep   986 | epoch   49 | steps  4328223 | return      8.58 | outcome timeout         | win_rate(100) 0.030
ep   987 | epoch   49 | steps  4330091 | return  -1234.03 | outcome loss            | win_rate(100) 0.030
ep   988 | epoch   49 | steps  4331940 | return  -1118.37 | outcome loss            | win_rate(100) 0.030
ep   989 | epoch   49 | steps  4335327 | return  -1041.04 | outcome disengaged      | win_rate(100) 0.030
ep   990 | epoch   49 | steps  4341327 | return     57.72 | outcome timeout         | win_rate(100) 0.030
ep   991 | epoch   49 | steps  4344477 | return  -1072.77 | outcome disengaged      | win_rate(100) 0.030
ep   992 | epoch   49 | steps  4348158 | return  -1080.63 | outcome disengaged      | win_rate(100) 0.030
ep   993 | epoch   49 | steps  4351892 | return   -900.06 | outcome loss            | win_rate(100) 0.030
ep   994 | epoch   49 | steps  4356927 | return   -954.49 | outcome loss            | win_rate(100) 0.030
ep   995 | epoch   49 | steps  4362927 | return   -446.33 | outcome timeout         | win_rate(100) 0.030
ep   996 | epoch   49 | steps  4368927 | return   -474.67 | outcome timeout         | win_rate(100) 0.030
ep   997 | epoch   49 | steps  4370448 | return   1577.74 | outcome win             | win_rate(100) 0.040
ep   998 | epoch   49 | steps  4372006 | return   -947.44 | outcome loss            | win_rate(100) 0.040
ep   999 | epoch   49 | steps  4378006 | return    171.98 | outcome timeout         | win_rate(100) 0.040
ep  1000 | epoch   49 | steps  4384006 | return     16.37 | outcome timeout         | win_rate(100) 0.040
[epoch   49] env_steps  4384006 | win 1 loss 5 timeout 10 crash 0 other 4 | win_rate(100) 0.040 | feasible 6 | alpha 0.0126 entropy -4.00 | 571 sim steps/s | opp straight 0/14, BFM 1/6 -> next straight
ep  1001 | epoch   50 | steps  4390006 | return    221.34 | outcome timeout         | win_rate(100) 0.040
ep  1002 | epoch   50 | steps  4394475 | return   1968.33 | outcome win             | win_rate(100) 0.050
ep  1003 | epoch   50 | steps  4400475 | return    702.23 | outcome timeout         | win_rate(100) 0.050
ep  1004 | epoch   50 | steps  4406475 | return    783.57 | outcome timeout         | win_rate(100) 0.050
ep  1005 | epoch   50 | steps  4407700 | return  -1026.89 | outcome loss            | win_rate(100) 0.050
ep  1006 | epoch   50 | steps  4408772 | return   -950.71 | outcome loss            | win_rate(100) 0.050
ep  1007 | epoch   50 | steps  4409904 | return   -957.74 | outcome loss            | win_rate(100) 0.050
ep  1008 | epoch   50 | steps  4411238 | return  -1511.93 | outcome loss            | win_rate(100) 0.050
ep  1009 | epoch   50 | steps  4417238 | return    483.21 | outcome timeout         | win_rate(100) 0.050
ep  1010 | epoch   50 | steps  4423238 | return    468.45 | outcome timeout         | win_rate(100) 0.050
ep  1011 | epoch   50 | steps  4424647 | return  -1034.16 | outcome loss            | win_rate(100) 0.050
ep  1012 | epoch   50 | steps  4426048 | return  -1025.32 | outcome loss            | win_rate(100) 0.050
ep  1013 | epoch   50 | steps  4427194 | return   -977.03 | outcome loss            | win_rate(100) 0.050
ep  1014 | epoch   50 | steps  4428340 | return   -989.20 | outcome loss            | win_rate(100) 0.050
ep  1015 | epoch   50 | steps  4428611 | return   1507.93 | outcome win             | win_rate(100) 0.060
ep  1016 | epoch   50 | steps  4428886 | return   1511.62 | outcome win             | win_rate(100) 0.070
ep  1017 | epoch   50 | steps  4434886 | return    996.95 | outcome timeout         | win_rate(100) 0.070
ep  1018 | epoch   50 | steps  4440886 | return   1056.48 | outcome timeout         | win_rate(100) 0.070
ep  1019 | epoch   50 | steps  4446886 | return    -38.40 | outcome timeout         | win_rate(100) 0.070
ep  1020 | epoch   50 | steps  4452886 | return     35.59 | outcome timeout         | win_rate(100) 0.070
[epoch   50] env_steps  4452886 | win 3 loss 8 timeout 9 crash 0 other 0 | win_rate(100) 0.070 | feasible 7 | alpha 0.0124 entropy -4.00 | 563 sim steps/s | opp straight 3/12, BFM 0/8 -> next straight
ep  1021 | epoch   51 | steps  4454230 | return  -1003.06 | outcome loss            | win_rate(100) 0.070
ep  1022 | epoch   51 | steps  4455629 | return   -974.26 | outcome loss            | win_rate(100) 0.070
ep  1023 | epoch   51 | steps  4461629 | return   1110.01 | outcome timeout         | win_rate(100) 0.070
ep  1024 | epoch   51 | steps  4467629 | return    -50.67 | outcome timeout         | win_rate(100) 0.070
ep  1025 | epoch   51 | steps  4473629 | return    228.47 | outcome timeout         | win_rate(100) 0.070
ep  1026 | epoch   51 | steps  4479629 | return     76.35 | outcome timeout         | win_rate(100) 0.070
ep  1027 | epoch   51 | steps  4485629 | return     62.36 | outcome timeout         | win_rate(100) 0.070
ep  1028 | epoch   51 | steps  4491629 | return   -111.55 | outcome timeout         | win_rate(100) 0.070
ep  1029 | epoch   51 | steps  4494835 | return  -1097.30 | outcome loss            | win_rate(100) 0.070
ep  1030 | epoch   51 | steps  4498596 | return  -1183.28 | outcome loss            | win_rate(100) 0.070
ep  1031 | epoch   51 | steps  4504596 | return    481.71 | outcome timeout         | win_rate(100) 0.070
ep  1032 | epoch   51 | steps  4507988 | return  -1104.76 | outcome disengaged      | win_rate(100) 0.070
ep  1033 | epoch   51 | steps  4513988 | return    351.37 | outcome timeout         | win_rate(100) 0.070
ep  1034 | epoch   51 | steps  4519670 | return  -1505.22 | outcome crash           | win_rate(100) 0.070
ep  1035 | epoch   51 | steps  4521385 | return  -1077.60 | outcome disengaged      | win_rate(100) 0.070
ep  1036 | epoch   51 | steps  4523107 | return  -1105.01 | outcome disengaged      | win_rate(100) 0.060
ep  1037 | epoch   51 | steps  4529107 | return   1176.95 | outcome timeout         | win_rate(100) 0.060
ep  1038 | epoch   51 | steps  4535107 | return   1513.21 | outcome timeout         | win_rate(100) 0.060
ep  1039 | epoch   51 | steps  4541107 | return   -458.96 | outcome timeout         | win_rate(100) 0.050
ep  1040 | epoch   51 | steps  4546316 | return  -2512.24 | outcome crash           | win_rate(100) 0.040
[epoch   51] env_steps  4546316 | win 0 loss 4 timeout 11 crash 2 other 3 | win_rate(100) 0.040 | feasible 7 | alpha 0.0137 entropy -4.00 | 573 sim steps/s | opp straight 0/16, BFM 0/4 -> next straight
ep  1041 | epoch   52 | steps  4552316 | return  -1048.02 | outcome timeout         | win_rate(100) 0.040
ep  1042 | epoch   52 | steps  4558316 | return   -722.52 | outcome timeout         | win_rate(100) 0.040
ep  1043 | epoch   52 | steps  4560114 | return   -974.23 | outcome loss            | win_rate(100) 0.040
ep  1044 | epoch   52 | steps  4561217 | return   -982.54 | outcome loss            | win_rate(100) 0.040
ep  1045 | epoch   52 | steps  4567217 | return   1188.83 | outcome timeout         | win_rate(100) 0.040
ep  1046 | epoch   52 | steps  4572355 | return  -1191.13 | outcome disengaged      | win_rate(100) 0.040
ep  1047 | epoch   52 | steps  4578355 | return    302.56 | outcome timeout         | win_rate(100) 0.040
ep  1048 | epoch   52 | steps  4584355 | return    161.96 | outcome timeout         | win_rate(100) 0.040
ep  1049 | epoch   52 | steps  4585379 | return  -1088.72 | outcome loss            | win_rate(100) 0.040
ep  1050 | epoch   52 | steps  4586445 | return  -1072.59 | outcome loss            | win_rate(100) 0.040
ep  1051 | epoch   52 | steps  4590994 | return  -2062.25 | outcome disengaged      | win_rate(100) 0.040
ep  1052 | epoch   52 | steps  4596994 | return   -909.78 | outcome timeout         | win_rate(100) 0.040
ep  1053 | epoch   52 | steps  4602994 | return  -1121.21 | outcome timeout         | win_rate(100) 0.040
ep  1054 | epoch   52 | steps  4607528 | return  -1572.23 | outcome disengaged      | win_rate(100) 0.040
ep  1055 | epoch   52 | steps  4609339 | return  -1004.70 | outcome loss            | win_rate(100) 0.040
ep  1056 | epoch   52 | steps  4614265 | return  -1005.33 | outcome loss            | win_rate(100) 0.040
ep  1057 | epoch   52 | steps  4619235 | return  -1495.24 | outcome crash           | win_rate(100) 0.040
ep  1058 | epoch   52 | steps  4621068 | return   -944.62 | outcome loss            | win_rate(100) 0.040
ep  1059 | epoch   52 | steps  4622885 | return  -1068.54 | outcome loss            | win_rate(100) 0.040
ep  1060 | epoch   52 | steps  4624749 | return  -1004.98 | outcome loss            | win_rate(100) 0.040
[epoch   52] env_steps  4624749 | win 0 loss 9 timeout 7 crash 1 other 3 | win_rate(100) 0.040 | feasible 7 | alpha 0.0130 entropy -4.00 | 565 sim steps/s | opp straight 0/10, BFM 0/10 -> next straight
ep  1061 | epoch   53 | steps  4630749 | return   -232.68 | outcome timeout         | win_rate(100) 0.040
ep  1062 | epoch   53 | steps  4635441 | return  -2146.26 | outcome disengaged      | win_rate(100) 0.040
ep  1063 | epoch   53 | steps  4640479 | return  -1716.22 | outcome disengaged      | win_rate(100) 0.040
ep  1064 | epoch   53 | steps  4645153 | return  -1211.22 | outcome disengaged      | win_rate(100) 0.040
ep  1065 | epoch   53 | steps  4648834 | return  -1012.46 | outcome disengaged      | win_rate(100) 0.040
ep  1066 | epoch   53 | steps  4651939 | return   -990.40 | outcome disengaged      | win_rate(100) 0.040
ep  1067 | epoch   53 | steps  4655583 | return  -1168.75 | outcome disengaged      | win_rate(100) 0.040
ep  1068 | epoch   53 | steps  4658322 | return  -1010.78 | outcome disengaged      | win_rate(100) 0.040
ep  1069 | epoch   53 | steps  4661527 | return  -1113.74 | outcome disengaged      | win_rate(100) 0.040
ep  1070 | epoch   53 | steps  4664763 | return  -1029.31 | outcome disengaged      | win_rate(100) 0.040
ep  1071 | epoch   53 | steps  4668739 | return  -1791.46 | outcome disengaged      | win_rate(100) 0.040
ep  1072 | epoch   53 | steps  4674739 | return   -766.15 | outcome timeout         | win_rate(100) 0.040
ep  1073 | epoch   53 | steps  4678030 | return  -1021.38 | outcome disengaged      | win_rate(100) 0.040
ep  1074 | epoch   53 | steps  4681343 | return  -1008.27 | outcome disengaged      | win_rate(100) 0.040
ep  1075 | epoch   53 | steps  4685882 | return   -953.94 | outcome loss            | win_rate(100) 0.040
ep  1076 | epoch   53 | steps  4689583 | return   1678.30 | outcome win             | win_rate(100) 0.050
ep  1077 | epoch   53 | steps  4692182 | return  -1097.29 | outcome disengaged      | win_rate(100) 0.050
ep  1078 | epoch   53 | steps  4694536 | return  -1079.79 | outcome disengaged      | win_rate(100) 0.050
ep  1079 | epoch   53 | steps  4699067 | return   -843.67 | outcome disengaged      | win_rate(100) 0.050
ep  1080 | epoch   53 | steps  4705067 | return    276.67 | outcome timeout         | win_rate(100) 0.050
[epoch   53] env_steps  4705067 | win 1 loss 1 timeout 3 crash 0 other 15 | win_rate(100) 0.050 | feasible 8 | alpha 0.0100 entropy -3.99 | 573 sim steps/s | opp straight 0/18, BFM 1/2 -> next straight
ep  1081 | epoch   54 | steps  4708837 | return  -1099.12 | outcome disengaged      | win_rate(100) 0.050
ep  1082 | epoch   54 | steps  4713338 | return  -1248.11 | outcome disengaged      | win_rate(100) 0.050
ep  1083 | epoch   54 | steps  4719332 | return  -1144.79 | outcome disengaged      | win_rate(100) 0.050
ep  1084 | epoch   54 | steps  4725332 | return    -87.25 | outcome timeout         | win_rate(100) 0.050
ep  1085 | epoch   54 | steps  4728737 | return  -1029.22 | outcome loss            | win_rate(100) 0.050
ep  1086 | epoch   54 | steps  4731773 | return  -1005.72 | outcome loss            | win_rate(100) 0.050
ep  1087 | epoch   54 | steps  4737773 | return     86.55 | outcome timeout         | win_rate(100) 0.050
ep  1088 | epoch   54 | steps  4743773 | return     86.01 | outcome timeout         | win_rate(100) 0.050
ep  1089 | epoch   54 | steps  4749773 | return    -43.77 | outcome timeout         | win_rate(100) 0.050
ep  1090 | epoch   54 | steps  4755773 | return   -831.80 | outcome timeout         | win_rate(100) 0.050
ep  1091 | epoch   54 | steps  4761773 | return    -76.16 | outcome timeout         | win_rate(100) 0.050
ep  1092 | epoch   54 | steps  4767773 | return   -168.28 | outcome timeout         | win_rate(100) 0.050
ep  1093 | epoch   54 | steps  4773773 | return    114.28 | outcome timeout         | win_rate(100) 0.050
ep  1094 | epoch   54 | steps  4779773 | return   -389.91 | outcome timeout         | win_rate(100) 0.050
ep  1095 | epoch   54 | steps  4784691 | return   -937.57 | outcome loss            | win_rate(100) 0.050
ep  1096 | epoch   54 | steps  4788079 | return   -875.95 | outcome loss            | win_rate(100) 0.050
ep  1097 | epoch   54 | steps  4794079 | return    917.12 | outcome timeout         | win_rate(100) 0.040
ep  1098 | epoch   54 | steps  4800079 | return    526.80 | outcome timeout         | win_rate(100) 0.040
ep  1099 | epoch   54 | steps  4806079 | return    267.68 | outcome timeout         | win_rate(100) 0.040
ep  1100 | epoch   54 | steps  4812079 | return    455.42 | outcome timeout         | win_rate(100) 0.040
[epoch   54] env_steps  4812079 | win 0 loss 4 timeout 13 crash 0 other 3 | win_rate(100) 0.040 | feasible 8 | alpha 0.0101 entropy -4.00 | 573 sim steps/s | opp straight 0/16, BFM 0/4 -> next straight
ep  1101 | epoch   55 | steps  4815167 | return  -1406.58 | outcome crash           | win_rate(100) 0.040
ep  1102 | epoch   55 | steps  4818082 | return  -1344.55 | outcome crash           | win_rate(100) 0.030
ep  1103 | epoch   55 | steps  4824082 | return    188.92 | outcome timeout         | win_rate(100) 0.030
ep  1104 | epoch   55 | steps  4830082 | return    288.53 | outcome timeout         | win_rate(100) 0.030
ep  1105 | epoch   55 | steps  4835631 | return   -791.56 | outcome loss            | win_rate(100) 0.030
ep  1106 | epoch   55 | steps  4839482 | return   -941.08 | outcome loss            | win_rate(100) 0.030
ep  1107 | epoch   55 | steps  4845482 | return    211.42 | outcome timeout         | win_rate(100) 0.030
ep  1108 | epoch   55 | steps  4851482 | return    219.81 | outcome timeout         | win_rate(100) 0.030
ep  1109 | epoch   55 | steps  4854746 | return   -912.54 | outcome loss            | win_rate(100) 0.030
ep  1110 | epoch   55 | steps  4858919 | return   -886.50 | outcome loss            | win_rate(100) 0.030
ep  1111 | epoch   55 | steps  4862413 | return  -1368.16 | outcome crash           | win_rate(100) 0.030
ep  1112 | epoch   55 | steps  4865441 | return  -1385.18 | outcome crash           | win_rate(100) 0.030
ep  1113 | epoch   55 | steps  4869179 | return  -1134.96 | outcome disengaged      | win_rate(100) 0.030
ep  1114 | epoch   55 | steps  4872214 | return  -1599.48 | outcome crash           | win_rate(100) 0.030
ep  1115 | epoch   55 | steps  4872793 | return   -982.66 | outcome loss            | win_rate(100) 0.020
ep  1116 | epoch   55 | steps  4873394 | return   -985.13 | outcome loss            | win_rate(100) 0.010
ep  1117 | epoch   55 | steps  4877763 | return   -846.08 | outcome loss            | win_rate(100) 0.010
ep  1118 | epoch   55 | steps  4882383 | return   -864.11 | outcome loss            | win_rate(100) 0.010
ep  1119 | epoch   55 | steps  4888383 | return    484.21 | outcome timeout         | win_rate(100) 0.010
ep  1120 | epoch   55 | steps  4894383 | return    -99.61 | outcome timeout         | win_rate(100) 0.010
[epoch   55] env_steps  4894383 | win 0 loss 8 timeout 6 crash 5 other 1 | win_rate(100) 0.010 | feasible 8 | alpha 0.0106 entropy -4.00 | 566 sim steps/s | opp straight 0/12, BFM 0/8 -> next straight
ep  1121 | epoch   56 | steps  4897138 | return  -1550.71 | outcome crash           | win_rate(100) 0.010
ep  1122 | epoch   56 | steps  4900304 | return  -1579.28 | outcome crash           | win_rate(100) 0.010
ep  1123 | epoch   56 | steps  4905723 | return  -1648.27 | outcome crash           | win_rate(100) 0.010
ep  1124 | epoch   56 | steps  4909171 | return  -1583.63 | outcome crash           | win_rate(100) 0.010
ep  1125 | epoch   56 | steps  4915171 | return    -63.53 | outcome timeout         | win_rate(100) 0.010
ep  1126 | epoch   56 | steps  4920362 | return  -1540.54 | outcome crash           | win_rate(100) 0.010
ep  1127 | epoch   56 | steps  4924412 | return  -1035.75 | outcome loss            | win_rate(100) 0.010
ep  1128 | epoch   56 | steps  4925698 | return   -948.93 | outcome loss            | win_rate(100) 0.010
ep  1129 | epoch   56 | steps  4927035 | return   -955.72 | outcome loss            | win_rate(100) 0.010
ep  1130 | epoch   56 | steps  4927935 | return   -966.70 | outcome loss            | win_rate(100) 0.010
ep  1131 | epoch   56 | steps  4933935 | return     84.63 | outcome timeout         | win_rate(100) 0.010
ep  1132 | epoch   56 | steps  4936851 | return  -1169.26 | outcome loss            | win_rate(100) 0.010
ep  1133 | epoch   56 | steps  4938112 | return   -951.18 | outcome loss            | win_rate(100) 0.010
ep  1134 | epoch   56 | steps  4939479 | return   -943.57 | outcome loss            | win_rate(100) 0.010
ep  1135 | epoch   56 | steps  4940322 | return  -1050.76 | outcome loss            | win_rate(100) 0.010
ep  1136 | epoch   56 | steps  4942373 | return  -1075.85 | outcome loss            | win_rate(100) 0.010
ep  1137 | epoch   56 | steps  4943268 | return   2048.93 | outcome win             | win_rate(100) 0.020
ep  1138 | epoch   56 | steps  4943895 | return   1778.65 | outcome win             | win_rate(100) 0.030
ep  1139 | epoch   56 | steps  4949895 | return   -854.87 | outcome timeout         | win_rate(100) 0.030
ep  1140 | epoch   56 | steps  4955895 | return  -1246.23 | outcome timeout         | win_rate(100) 0.030
[epoch   56] env_steps  4955895 | win 2 loss 9 timeout 4 crash 5 other 0 | win_rate(100) 0.030 | feasible 8 | alpha 0.0115 entropy -4.01 | 570 sim steps/s | opp straight 2/12, BFM 0/8 -> next straight
ep  1141 | epoch   57 | steps  4960122 | return  -1057.69 | outcome disengaged      | win_rate(100) 0.030
ep  1142 | epoch   57 | steps  4963415 | return  -1039.29 | outcome disengaged      | win_rate(100) 0.030
ep  1143 | epoch   57 | steps  4968487 | return  -1035.07 | outcome disengaged      | win_rate(100) 0.030
ep  1144 | epoch   57 | steps  4973098 | return  -1023.01 | outcome disengaged      | win_rate(100) 0.030
ep  1145 | epoch   57 | steps  4976324 | return  -1047.44 | outcome disengaged      | win_rate(100) 0.030
ep  1146 | epoch   57 | steps  4979254 | return  -1103.15 | outcome disengaged      | win_rate(100) 0.030
ep  1147 | epoch   57 | steps  4982851 | return  -1072.92 | outcome disengaged      | win_rate(100) 0.030
ep  1148 | epoch   57 | steps  4985801 | return  -1035.70 | outcome disengaged      | win_rate(100) 0.030
ep  1149 | epoch   57 | steps  4989275 | return  -1002.78 | outcome disengaged      | win_rate(100) 0.030
ep  1150 | epoch   57 | steps  4995275 | return    259.49 | outcome timeout         | win_rate(100) 0.030
ep  1151 | epoch   57 | steps  5001275 | return    189.07 | outcome timeout         | win_rate(100) 0.030
ep  1152 | epoch   57 | steps  5007275 | return    125.69 | outcome timeout         | win_rate(100) 0.030
ep  1153 | epoch   57 | steps  5010199 | return  -1389.45 | outcome crash           | win_rate(100) 0.030
ep  1154 | epoch   57 | steps  5012138 | return   -936.96 | outcome loss            | win_rate(100) 0.030
ep  1155 | epoch   57 | steps  5018138 | return    498.13 | outcome timeout         | win_rate(100) 0.030
ep  1156 | epoch   57 | steps  5024138 | return   1193.93 | outcome timeout         | win_rate(100) 0.030
ep  1157 | epoch   57 | steps  5030138 | return    509.14 | outcome timeout         | win_rate(100) 0.030
ep  1158 | epoch   57 | steps  5034503 | return   -524.33 | outcome disengaged      | win_rate(100) 0.030
ep  1159 | epoch   57 | steps  5040503 | return    423.42 | outcome timeout         | win_rate(100) 0.030
ep  1160 | epoch   57 | steps  5046503 | return    374.81 | outcome timeout         | win_rate(100) 0.030
[epoch   57] env_steps  5046503 | win 0 loss 1 timeout 8 crash 1 other 10 | win_rate(100) 0.030 | feasible 8 | alpha 0.0108 entropy -4.00 | 570 sim steps/s | opp straight 0/18, BFM 0/2 -> next straight
ep  1161 | epoch   58 | steps  5052503 | return     -1.26 | outcome timeout         | win_rate(100) 0.030
ep  1162 | epoch   58 | steps  5058503 | return    392.96 | outcome timeout         | win_rate(100) 0.030
ep  1163 | epoch   58 | steps  5064503 | return    106.07 | outcome timeout         | win_rate(100) 0.030
ep  1164 | epoch   58 | steps  5066431 | return   1997.84 | outcome win             | win_rate(100) 0.040
ep  1165 | epoch   58 | steps  5072431 | return    168.83 | outcome timeout         | win_rate(100) 0.040
ep  1166 | epoch   58 | steps  5078431 | return    566.94 | outcome timeout         | win_rate(100) 0.040
ep  1167 | epoch   58 | steps  5084431 | return    741.41 | outcome timeout         | win_rate(100) 0.040
ep  1168 | epoch   58 | steps  5090431 | return    468.97 | outcome timeout         | win_rate(100) 0.040
ep  1169 | epoch   58 | steps  5096431 | return    739.74 | outcome timeout         | win_rate(100) 0.040
ep  1170 | epoch   58 | steps  5102431 | return   1073.58 | outcome timeout         | win_rate(100) 0.040
ep  1171 | epoch   58 | steps  5105162 | return  -1095.02 | outcome loss            | win_rate(100) 0.040
ep  1172 | epoch   58 | steps  5107551 | return   -957.32 | outcome loss            | win_rate(100) 0.040
ep  1173 | epoch   58 | steps  5113551 | return    787.67 | outcome timeout         | win_rate(100) 0.040
ep  1174 | epoch   58 | steps  5119534 | return   2387.14 | outcome win             | win_rate(100) 0.050
ep  1175 | epoch   58 | steps  5122539 | return   -987.16 | outcome loss            | win_rate(100) 0.050
ep  1176 | epoch   58 | steps  5127257 | return   -967.76 | outcome loss            | win_rate(100) 0.040
ep  1177 | epoch   58 | steps  5133257 | return    114.85 | outcome timeout         | win_rate(100) 0.040
ep  1178 | epoch   58 | steps  5139257 | return    205.84 | outcome timeout         | win_rate(100) 0.040
ep  1179 | epoch   58 | steps  5144403 | return   2579.70 | outcome win             | win_rate(100) 0.050
ep  1180 | epoch   58 | steps  5149739 | return   2454.56 | outcome win             | win_rate(100) 0.060
[epoch   58] env_steps  5149739 | win 4 loss 4 timeout 12 crash 0 other 0 | win_rate(100) 0.060 | feasible 10 | alpha 0.0110 entropy -4.00 | 572 sim steps/s | opp straight 4/16, BFM 0/4 -> next straight
ep  1181 | epoch   59 | steps  5155739 | return    470.84 | outcome timeout         | win_rate(100) 0.060
ep  1182 | epoch   59 | steps  5161739 | return    994.40 | outcome timeout         | win_rate(100) 0.060
ep  1183 | epoch   59 | steps  5162446 | return   -950.95 | outcome loss            | win_rate(100) 0.060
ep  1184 | epoch   59 | steps  5164947 | return  -1021.42 | outcome loss            | win_rate(100) 0.060
ep  1185 | epoch   59 | steps  5165500 | return   -967.50 | outcome loss            | win_rate(100) 0.060
ep  1186 | epoch   59 | steps  5166062 | return   -970.32 | outcome loss            | win_rate(100) 0.060
ep  1187 | epoch   59 | steps  5166640 | return   -967.35 | outcome loss            | win_rate(100) 0.060
ep  1188 | epoch   59 | steps  5167265 | return   -961.44 | outcome loss            | win_rate(100) 0.060
ep  1189 | epoch   59 | steps  5173265 | return   1501.70 | outcome timeout         | win_rate(100) 0.060
ep  1190 | epoch   59 | steps  5177077 | return    170.15 | outcome loss            | win_rate(100) 0.060
ep  1191 | epoch   59 | steps  5179289 | return   2695.96 | outcome win             | win_rate(100) 0.070
ep  1192 | epoch   59 | steps  5185289 | return   2004.21 | outcome timeout         | win_rate(100) 0.070
ep  1193 | epoch   59 | steps  5190049 | return   3906.68 | outcome win             | win_rate(100) 0.080
ep  1194 | epoch   59 | steps  5196049 | return   1425.15 | outcome timeout         | win_rate(100) 0.080
ep  1195 | epoch   59 | steps  5202049 | return   -291.79 | outcome timeout         | win_rate(100) 0.080
ep  1196 | epoch   59 | steps  5202589 | return   1559.47 | outcome win             | win_rate(100) 0.090
ep  1197 | epoch   59 | steps  5206234 | return  -2209.88 | outcome disengaged      | win_rate(100) 0.090
ep  1198 | epoch   59 | steps  5212234 | return    618.33 | outcome timeout         | win_rate(100) 0.090
ep  1199 | epoch   59 | steps  5218234 | return   1126.10 | outcome timeout         | win_rate(100) 0.090
ep  1200 | epoch   59 | steps  5224234 | return   1151.30 | outcome timeout         | win_rate(100) 0.090
[epoch   59] env_steps  5224234 | win 3 loss 7 timeout 9 crash 0 other 1 | win_rate(100) 0.090 | feasible 13 | alpha 0.0105 entropy -4.00 | 573 sim steps/s | opp straight 2/12, BFM 1/8 -> next straight
ep  1201 | epoch   60 | steps  5227993 | return   2410.29 | outcome win             | win_rate(100) 0.100
ep  1202 | epoch   60 | steps  5233993 | return    476.58 | outcome timeout         | win_rate(100) 0.100
ep  1203 | epoch   60 | steps  5239993 | return    693.72 | outcome timeout         | win_rate(100) 0.100
ep  1204 | epoch   60 | steps  5245821 | return   2654.01 | outcome win             | win_rate(100) 0.110
ep  1205 | epoch   60 | steps  5251821 | return    620.45 | outcome timeout         | win_rate(100) 0.110
ep  1206 | epoch   60 | steps  5256095 | return   2270.90 | outcome win             | win_rate(100) 0.120
ep  1207 | epoch   60 | steps  5256691 | return   1554.56 | outcome win             | win_rate(100) 0.130
ep  1208 | epoch   60 | steps  5257287 | return   1553.28 | outcome win             | win_rate(100) 0.140
ep  1209 | epoch   60 | steps  5263287 | return   -253.42 | outcome timeout         | win_rate(100) 0.140
ep  1210 | epoch   60 | steps  5269287 | return   -287.03 | outcome timeout         | win_rate(100) 0.140
ep  1211 | epoch   60 | steps  5269887 | return   -960.36 | outcome loss            | win_rate(100) 0.140
ep  1212 | epoch   60 | steps  5270482 | return   -961.18 | outcome loss            | win_rate(100) 0.140
ep  1213 | epoch   60 | steps  5276310 | return   2343.17 | outcome win             | win_rate(100) 0.150
ep  1214 | epoch   60 | steps  5281950 | return   -153.62 | outcome loss            | win_rate(100) 0.150
ep  1215 | epoch   60 | steps  5287950 | return   -261.38 | outcome timeout         | win_rate(100) 0.150
ep  1216 | epoch   60 | steps  5290113 | return   -983.08 | outcome loss            | win_rate(100) 0.150
ep  1217 | epoch   60 | steps  5296113 | return    907.48 | outcome timeout         | win_rate(100) 0.150
ep  1218 | epoch   60 | steps  5297727 | return   2128.27 | outcome win             | win_rate(100) 0.160
ep  1219 | epoch   60 | steps  5303727 | return   1229.52 | outcome timeout         | win_rate(100) 0.160
ep  1220 | epoch   60 | steps  5307535 | return   3757.85 | outcome win             | win_rate(100) 0.170
[epoch   60] env_steps  5307535 | win 8 loss 4 timeout 8 crash 0 other 0 | win_rate(100) 0.170 | feasible 19 | alpha 0.0131 entropy -4.01 | 566 sim steps/s | opp straight 6/12, BFM 2/8 -> next turn4
ep  1221 | epoch   61 | steps  5313535 | return    918.58 | outcome timeout         | win_rate(100) 0.170
ep  1222 | epoch   61 | steps  5319535 | return   -188.57 | outcome timeout         | win_rate(100) 0.170
ep  1223 | epoch   61 | steps  5325535 | return    907.79 | outcome timeout         | win_rate(100) 0.170
ep  1224 | epoch   61 | steps  5331535 | return  -1529.89 | outcome timeout         | win_rate(100) 0.170
ep  1225 | epoch   61 | steps  5337535 | return   -449.26 | outcome timeout         | win_rate(100) 0.170
ep  1226 | epoch   61 | steps  5343535 | return  -1526.28 | outcome timeout         | win_rate(100) 0.170
ep  1227 | epoch   61 | steps  5349535 | return  -1494.55 | outcome timeout         | win_rate(100) 0.170
ep  1228 | epoch   61 | steps  5355535 | return   -480.11 | outcome timeout         | win_rate(100) 0.170
ep  1229 | epoch   61 | steps  5357617 | return   -968.64 | outcome loss            | win_rate(100) 0.170
ep  1230 | epoch   61 | steps  5359804 | return   -984.39 | outcome loss            | win_rate(100) 0.170
ep  1231 | epoch   61 | steps  5365804 | return    321.94 | outcome timeout         | win_rate(100) 0.170
ep  1232 | epoch   61 | steps  5371804 | return      5.62 | outcome timeout         | win_rate(100) 0.170
ep  1233 | epoch   61 | steps  5373598 | return  -1037.94 | outcome loss            | win_rate(100) 0.170
ep  1234 | epoch   61 | steps  5379598 | return   -723.89 | outcome timeout         | win_rate(100) 0.170
ep  1235 | epoch   61 | steps  5380995 | return   -835.07 | outcome loss            | win_rate(100) 0.170
ep  1236 | epoch   61 | steps  5382689 | return   -822.38 | outcome loss            | win_rate(100) 0.170
ep  1237 | epoch   61 | steps  5384130 | return   1692.99 | outcome win             | win_rate(100) 0.170
ep  1238 | epoch   61 | steps  5385025 | return   1775.46 | outcome win             | win_rate(100) 0.170
ep  1239 | epoch   61 | steps  5391025 | return   -944.33 | outcome timeout         | win_rate(100) 0.170
ep  1240 | epoch   61 | steps  5397025 | return    108.84 | outcome timeout         | win_rate(100) 0.170
[epoch   61] env_steps  5397025 | win 2 loss 5 timeout 13 crash 0 other 0 | win_rate(100) 0.170 | feasible 19 | alpha 0.0121 entropy -4.00 | 569 sim steps/s | opp turn4 2/16, BFM 0/4 -> next turn4
ep  1241 | epoch   62 | steps  5399218 | return  -1066.70 | outcome loss            | win_rate(100) 0.170
ep  1242 | epoch   62 | steps  5405218 | return   -175.60 | outcome timeout         | win_rate(100) 0.170
ep  1243 | epoch   62 | steps  5407360 | return  -1057.04 | outcome loss            | win_rate(100) 0.170
ep  1244 | epoch   62 | steps  5409779 | return  -1077.39 | outcome loss            | win_rate(100) 0.170
ep  1245 | epoch   62 | steps  5412748 | return   1502.46 | outcome win             | win_rate(100) 0.180
ep  1246 | epoch   62 | steps  5418748 | return   -153.28 | outcome timeout         | win_rate(100) 0.180
ep  1247 | epoch   62 | steps  5424748 | return   -419.74 | outcome timeout         | win_rate(100) 0.180
ep  1248 | epoch   62 | steps  5430748 | return    333.92 | outcome timeout         | win_rate(100) 0.180
ep  1249 | epoch   62 | steps  5436748 | return  -1590.75 | outcome timeout         | win_rate(100) 0.180
ep  1250 | epoch   62 | steps  5442748 | return  -1227.22 | outcome timeout         | win_rate(100) 0.180
ep  1251 | epoch   62 | steps  5448748 | return   -158.70 | outcome timeout         | win_rate(100) 0.180
ep  1252 | epoch   62 | steps  5454748 | return   -978.48 | outcome timeout         | win_rate(100) 0.180
ep  1253 | epoch   62 | steps  5460748 | return    100.10 | outcome timeout         | win_rate(100) 0.180
ep  1254 | epoch   62 | steps  5466748 | return  -1194.65 | outcome timeout         | win_rate(100) 0.180
ep  1255 | epoch   62 | steps  5472748 | return    810.32 | outcome timeout         | win_rate(100) 0.180
ep  1256 | epoch   62 | steps  5478748 | return   -113.27 | outcome timeout         | win_rate(100) 0.180
ep  1257 | epoch   62 | steps  5484748 | return     53.92 | outcome timeout         | win_rate(100) 0.180
ep  1258 | epoch   62 | steps  5490748 | return   -712.71 | outcome timeout         | win_rate(100) 0.180
ep  1259 | epoch   62 | steps  5491343 | return   1509.77 | outcome win             | win_rate(100) 0.190
ep  1260 | epoch   62 | steps  5491887 | return  -1019.60 | outcome loss            | win_rate(100) 0.190
[epoch   62] env_steps  5491887 | win 2 loss 4 timeout 14 crash 0 other 0 | win_rate(100) 0.190 | feasible 21 | alpha 0.0130 entropy -4.00 | 567 sim steps/s | opp turn4 1/14, BFM 1/6 -> next straight
ep  1261 | epoch   63 | steps  5497887 | return    630.32 | outcome timeout         | win_rate(100) 0.190
ep  1262 | epoch   63 | steps  5503887 | return    916.51 | outcome timeout         | win_rate(100) 0.190
ep  1263 | epoch   63 | steps  5507658 | return  -1392.28 | outcome crash           | win_rate(100) 0.190
ep  1264 | epoch   63 | steps  5512361 | return  -1383.01 | outcome crash           | win_rate(100) 0.180
ep  1265 | epoch   63 | steps  5517756 | return  -1355.90 | outcome loss            | win_rate(100) 0.180
ep  1266 | epoch   63 | steps  5523756 | return   -224.52 | outcome timeout         | win_rate(100) 0.180
ep  1267 | epoch   63 | steps  5529756 | return    988.20 | outcome timeout         | win_rate(100) 0.180
ep  1268 | epoch   63 | steps  5535756 | return    776.10 | outcome timeout         | win_rate(100) 0.180
ep  1269 | epoch   63 | steps  5541756 | return    395.14 | outcome timeout         | win_rate(100) 0.180
ep  1270 | epoch   63 | steps  5546105 | return  -1304.10 | outcome disengaged      | win_rate(100) 0.180
ep  1271 | epoch   63 | steps  5552105 | return   -141.20 | outcome timeout         | win_rate(100) 0.180
ep  1272 | epoch   63 | steps  5558105 | return   -432.30 | outcome timeout         | win_rate(100) 0.180
ep  1273 | epoch   63 | steps  5564105 | return   -168.79 | outcome timeout         | win_rate(100) 0.180
ep  1274 | epoch   63 | steps  5570105 | return    -23.67 | outcome timeout         | win_rate(100) 0.170
ep  1275 | epoch   63 | steps  5576105 | return    817.11 | outcome timeout         | win_rate(100) 0.170
ep  1276 | epoch   63 | steps  5582105 | return    951.98 | outcome timeout         | win_rate(100) 0.170
ep  1277 | epoch   63 | steps  5588105 | return    489.93 | outcome timeout         | win_rate(100) 0.170
ep  1278 | epoch   63 | steps  5594105 | return    463.85 | outcome timeout         | win_rate(100) 0.170
ep  1279 | epoch   63 | steps  5594287 | return   1545.25 | outcome win             | win_rate(100) 0.170
ep  1280 | epoch   63 | steps  5594469 | return   1544.95 | outcome win             | win_rate(100) 0.170
[epoch   63] env_steps  5594469 | win 2 loss 1 timeout 14 crash 2 other 1 | win_rate(100) 0.170 | feasible 21 | alpha 0.0125 entropy -4.00 | 558 sim steps/s | opp straight 2/12, BFM 0/8 -> next straight
ep  1281 | epoch   64 | steps  5595208 | return   -958.45 | outcome loss            | win_rate(100) 0.170
ep  1282 | epoch   64 | steps  5595940 | return   -962.21 | outcome loss            | win_rate(100) 0.170
ep  1283 | epoch   64 | steps  5600664 | return  -1142.50 | outcome disengaged      | win_rate(100) 0.170
ep  1284 | epoch   64 | steps  5606299 | return  -1321.04 | outcome disengaged      | win_rate(100) 0.170
ep  1285 | epoch   64 | steps  5612299 | return   -333.94 | outcome timeout         | win_rate(100) 0.170
ep  1286 | epoch   64 | steps  5617227 | return  -1119.74 | outcome disengaged      | win_rate(100) 0.170
ep  1287 | epoch   64 | steps  5622141 | return  -1432.71 | outcome crash           | win_rate(100) 0.170
ep  1288 | epoch   64 | steps  5625058 | return  -1027.53 | outcome disengaged      | win_rate(100) 0.170
ep  1289 | epoch   64 | steps  5630720 | return  -1430.75 | outcome disengaged      | win_rate(100) 0.170
ep  1290 | epoch   64 | steps  5632909 | return  -1073.05 | outcome disengaged      | win_rate(100) 0.170
ep  1291 | epoch   64 | steps  5633501 | return   -959.81 | outcome loss            | win_rate(100) 0.160
ep  1292 | epoch   64 | steps  5634083 | return   -961.79 | outcome loss            | win_rate(100) 0.160
ep  1293 | epoch   64 | steps  5636364 | return  -1044.93 | outcome disengaged      | win_rate(100) 0.150
ep  1294 | epoch   64 | steps  5638630 | return  -1075.85 | outcome disengaged      | win_rate(100) 0.150
ep  1295 | epoch   64 | steps  5642800 | return   -639.73 | outcome disengaged      | win_rate(100) 0.150
ep  1296 | epoch   64 | steps  5648800 | return    680.08 | outcome timeout         | win_rate(100) 0.140
ep  1297 | epoch   64 | steps  5650797 | return  -1213.99 | outcome loss            | win_rate(100) 0.140
ep  1298 | epoch   64 | steps  5653015 | return  -1361.20 | outcome loss            | win_rate(100) 0.140
ep  1299 | epoch   64 | steps  5657897 | return  -1274.92 | outcome disengaged      | win_rate(100) 0.140
ep  1300 | epoch   64 | steps  5660297 | return  -1086.74 | outcome disengaged      | win_rate(100) 0.140
[epoch   64] env_steps  5660297 | win 0 loss 6 timeout 2 crash 1 other 11 | win_rate(100) 0.140 | feasible 21 | alpha 0.0132 entropy -4.00 | 573 sim steps/s | opp straight 0/14, BFM 0/6 -> next straight
ep  1301 | epoch   65 | steps  5666297 | return   -170.25 | outcome timeout         | win_rate(100) 0.130
ep  1302 | epoch   65 | steps  5672297 | return   -182.17 | outcome timeout         | win_rate(100) 0.130
ep  1303 | epoch   65 | steps  5672946 | return   -960.77 | outcome loss            | win_rate(100) 0.130
ep  1304 | epoch   65 | steps  5673579 | return   -964.32 | outcome loss            | win_rate(100) 0.120
ep  1305 | epoch   65 | steps  5676517 | return  -1151.99 | outcome disengaged      | win_rate(100) 0.120
ep  1306 | epoch   65 | steps  5682517 | return    158.56 | outcome timeout         | win_rate(100) 0.110
ep  1307 | epoch   65 | steps  5683047 | return   -961.00 | outcome loss            | win_rate(100) 0.100
ep  1308 | epoch   65 | steps  5683598 | return   -978.97 | outcome loss            | win_rate(100) 0.090
ep  1309 | epoch   65 | steps  5684233 | return   -964.95 | outcome loss            | win_rate(100) 0.090
ep  1310 | epoch   65 | steps  5684843 | return   -967.12 | outcome loss            | win_rate(100) 0.090
ep  1311 | epoch   65 | steps  5690843 | return    604.14 | outcome timeout         | win_rate(100) 0.090
ep  1312 | epoch   65 | steps  5693388 | return  -1022.94 | outcome disengaged      | win_rate(100) 0.090
ep  1313 | epoch   65 | steps  5696654 | return  -1271.82 | outcome disengaged      | win_rate(100) 0.080
ep  1314 | epoch   65 | steps  5699421 | return  -1015.50 | outcome disengaged      | win_rate(100) 0.080
ep  1315 | epoch   65 | steps  5705421 | return    191.37 | outcome timeout         | win_rate(100) 0.080
ep  1316 | epoch   65 | steps  5711421 | return    561.63 | outcome timeout         | win_rate(100) 0.080
ep  1317 | epoch   65 | steps  5716377 | return   -863.92 | outcome loss            | win_rate(100) 0.080
ep  1318 | epoch   65 | steps  5722377 | return     92.58 | outcome timeout         | win_rate(100) 0.070
ep  1319 | epoch   65 | steps  5725897 | return  -1007.01 | outcome disengaged      | win_rate(100) 0.070
ep  1320 | epoch   65 | steps  5731897 | return    325.57 | outcome timeout         | win_rate(100) 0.060
[epoch   65] env_steps  5731897 | win 0 loss 7 timeout 8 crash 0 other 5 | win_rate(100) 0.060 | feasible 21 | alpha 0.0113 entropy -3.99 | 562 sim steps/s | opp straight 0/12, BFM 0/8 -> next straight
ep  1321 | epoch   66 | steps  5737897 | return    -49.22 | outcome timeout         | win_rate(100) 0.060
ep  1322 | epoch   66 | steps  5740102 | return   -988.69 | outcome disengaged      | win_rate(100) 0.060
ep  1323 | epoch   66 | steps  5746102 | return   -181.87 | outcome timeout         | win_rate(100) 0.060
ep  1324 | epoch   66 | steps  5752102 | return   -172.98 | outcome timeout         | win_rate(100) 0.060
ep  1325 | epoch   66 | steps  5758102 | return    137.17 | outcome timeout         | win_rate(100) 0.060
ep  1326 | epoch   66 | steps  5760831 | return  -1376.07 | outcome disengaged      | win_rate(100) 0.060
ep  1327 | epoch   66 | steps  5763213 | return  -1107.52 | outcome disengaged      | win_rate(100) 0.060
ep  1328 | epoch   66 | steps  5765774 | return  -1059.17 | outcome disengaged      | win_rate(100) 0.060
ep  1329 | epoch   66 | steps  5768282 | return  -1061.13 | outcome disengaged      | win_rate(100) 0.060
ep  1330 | epoch   66 | steps  5771017 | return  -1246.07 | outcome disengaged      | win_rate(100) 0.060
ep  1331 | epoch   66 | steps  5777017 | return    214.73 | outcome timeout         | win_rate(100) 0.060
ep  1332 | epoch   66 | steps  5779988 | return  -1139.07 | outcome disengaged      | win_rate(100) 0.060
ep  1333 | epoch   66 | steps  5785988 | return    -88.49 | outcome timeout         | win_rate(100) 0.060
ep  1334 | epoch   66 | steps  5791988 | return     -9.00 | outcome timeout         | win_rate(100) 0.060
ep  1335 | epoch   66 | steps  5797988 | return   -199.61 | outcome timeout         | win_rate(100) 0.060
ep  1336 | epoch   66 | steps  5803988 | return   -260.54 | outcome timeout         | win_rate(100) 0.060
ep  1337 | epoch   66 | steps  5809988 | return    -10.01 | outcome timeout         | win_rate(100) 0.050
ep  1338 | epoch   66 | steps  5815988 | return     17.83 | outcome timeout         | win_rate(100) 0.040
ep  1339 | epoch   66 | steps  5820752 | return  -2160.97 | outcome crash           | win_rate(100) 0.040
ep  1340 | epoch   66 | steps  5821964 | return   -912.33 | outcome loss            | win_rate(100) 0.040
[epoch   66] env_steps  5821964 | win 0 loss 1 timeout 11 crash 1 other 7 | win_rate(100) 0.040 | feasible 21 | alpha 0.0099 entropy -3.99 | 562 sim steps/s | opp straight 0/14, BFM 0/6 -> next straight
ep  1341 | epoch   67 | steps  5823902 | return  -1027.89 | outcome disengaged      | win_rate(100) 0.040
ep  1342 | epoch   67 | steps  5826339 | return  -1058.55 | outcome disengaged      | win_rate(100) 0.040
ep  1343 | epoch   67 | steps  5832339 | return    -15.40 | outcome timeout         | win_rate(100) 0.040
ep  1344 | epoch   67 | steps  5838339 | return    -39.48 | outcome timeout         | win_rate(100) 0.040
ep  1345 | epoch   67 | steps  5841093 | return  -1047.31 | outcome disengaged      | win_rate(100) 0.030
ep  1346 | epoch   67 | steps  5844534 | return  -1035.81 | outcome disengaged      | win_rate(100) 0.030
ep  1347 | epoch   67 | steps  5847956 | return  -1090.97 | outcome disengaged      | win_rate(100) 0.030
ep  1348 | epoch   67 | steps  5850119 | return  -1131.31 | outcome disengaged      | win_rate(100) 0.030
ep  1349 | epoch   67 | steps  5856119 | return   -529.57 | outcome timeout         | win_rate(100) 0.030
ep  1350 | epoch   67 | steps  5862119 | return  -1118.47 | outcome timeout         | win_rate(100) 0.030
ep  1351 | epoch   67 | steps  5868119 | return  -1281.89 | outcome timeout         | win_rate(100) 0.030
ep  1352 | epoch   67 | steps  5874119 | return   -417.88 | outcome timeout         | win_rate(100) 0.030
ep  1353 | epoch   67 | steps  5876235 | return  -1080.83 | outcome disengaged      | win_rate(100) 0.030
ep  1354 | epoch   67 | steps  5878603 | return  -1111.78 | outcome disengaged      | win_rate(100) 0.030
ep  1355 | epoch   67 | steps  5883251 | return   3871.65 | outcome win             | win_rate(100) 0.040
ep  1356 | epoch   67 | steps  5889251 | return   2161.93 | outcome timeout         | win_rate(100) 0.040
ep  1357 | epoch   67 | steps  5895251 | return    -18.18 | outcome timeout         | win_rate(100) 0.040
ep  1358 | epoch   67 | steps  5901251 | return    186.02 | outcome timeout         | win_rate(100) 0.040
ep  1359 | epoch   67 | steps  5903747 | return  -1138.34 | outcome disengaged      | win_rate(100) 0.030
ep  1360 | epoch   67 | steps  5909747 | return    124.56 | outcome timeout         | win_rate(100) 0.030
[epoch   67] env_steps  5909747 | win 1 loss 0 timeout 10 crash 0 other 9 | win_rate(100) 0.030 | feasible 22 | alpha 0.0121 entropy -4.01 | 554 sim steps/s | opp straight 1/16, BFM 0/4 -> next straight
ep  1361 | epoch   68 | steps  5915747 | return   -304.25 | outcome timeout         | win_rate(100) 0.030
ep  1362 | epoch   68 | steps  5921747 | return   -324.38 | outcome timeout         | win_rate(100) 0.030
ep  1363 | epoch   68 | steps  5923431 | return  -1000.79 | outcome loss            | win_rate(100) 0.030
ep  1364 | epoch   68 | steps  5925176 | return   -993.10 | outcome loss            | win_rate(100) 0.030
ep  1365 | epoch   68 | steps  5928641 | return  -1165.41 | outcome disengaged      | win_rate(100) 0.030
ep  1366 | epoch   68 | steps  5931750 | return  -1128.33 | outcome disengaged      | win_rate(100) 0.030
ep  1367 | epoch   68 | steps  5934033 | return  -1127.82 | outcome disengaged      | win_rate(100) 0.030
ep  1368 | epoch   68 | steps  5936309 | return  -1132.50 | outcome disengaged      | win_rate(100) 0.030
ep  1369 | epoch   68 | steps  5942309 | return    -35.75 | outcome timeout         | win_rate(100) 0.030
ep  1370 | epoch   68 | steps  5948309 | return   -272.20 | outcome timeout         | win_rate(100) 0.030
ep  1371 | epoch   68 | steps  5950821 | return  -1141.27 | outcome disengaged      | win_rate(100) 0.030
ep  1372 | epoch   68 | steps  5953523 | return  -1076.90 | outcome disengaged      | win_rate(100) 0.030
ep  1373 | epoch   68 | steps  5956049 | return  -1122.39 | outcome disengaged      | win_rate(100) 0.030
ep  1374 | epoch   68 | steps  5958229 | return  -1153.70 | outcome disengaged      | win_rate(100) 0.030
ep  1375 | epoch   68 | steps  5964229 | return    592.46 | outcome timeout         | win_rate(100) 0.030
ep  1376 | epoch   68 | steps  5970229 | return    803.62 | outcome timeout         | win_rate(100) 0.030
ep  1377 | epoch   68 | steps  5974206 | return  -1077.58 | outcome disengaged      | win_rate(100) 0.030
ep  1378 | epoch   68 | steps  5977578 | return  -1101.57 | outcome disengaged      | win_rate(100) 0.030
ep  1379 | epoch   68 | steps  5979015 | return   -979.25 | outcome loss            | win_rate(100) 0.020
ep  1380 | epoch   68 | steps  5980720 | return   -976.91 | outcome loss            | win_rate(100) 0.010
[epoch   68] env_steps  5980720 | win 0 loss 4 timeout 6 crash 0 other 10 | win_rate(100) 0.010 | feasible 22 | alpha 0.0114 entropy -4.00 | 566 sim steps/s | opp straight 0/14, BFM 0/6 -> next straight
ep  1381 | epoch   69 | steps  5982401 | return   -991.28 | outcome loss            | win_rate(100) 0.010
ep  1382 | epoch   69 | steps  5987152 | return  -1610.40 | outcome crash           | win_rate(100) 0.010
ep  1383 | epoch   69 | steps  5989212 | return  -1160.94 | outcome disengaged      | win_rate(100) 0.010
ep  1384 | epoch   69 | steps  5991110 | return  -1172.07 | outcome disengaged      | win_rate(100) 0.010
ep  1385 | epoch   69 | steps  5993605 | return  -1167.32 | outcome disengaged      | win_rate(100) 0.010
ep  1386 | epoch   69 | steps  5999605 | return    863.25 | outcome timeout         | win_rate(100) 0.010
ep  1387 | epoch   69 | steps  6005605 | return    103.48 | outcome timeout         | win_rate(100) 0.010
ep  1388 | epoch   69 | steps  6011605 | return     14.03 | outcome timeout         | win_rate(100) 0.010
ep  1389 | epoch   69 | steps  6017605 | return  -1261.50 | outcome timeout         | win_rate(100) 0.010
ep  1390 | epoch   69 | steps  6019226 | return   -979.75 | outcome loss            | win_rate(100) 0.010
ep  1391 | epoch   69 | steps  6025226 | return    -56.20 | outcome timeout         | win_rate(100) 0.010
ep  1392 | epoch   69 | steps  6031226 | return     13.00 | outcome timeout         | win_rate(100) 0.010
ep  1393 | epoch   69 | steps  6037226 | return   -230.55 | outcome timeout         | win_rate(100) 0.010
ep  1394 | epoch   69 | steps  6042166 | return  -2109.01 | outcome crash           | win_rate(100) 0.010
ep  1395 | epoch   69 | steps  6043672 | return   2036.12 | outcome win             | win_rate(100) 0.020
ep  1396 | epoch   69 | steps  6045481 | return   2264.48 | outcome win             | win_rate(100) 0.030
ep  1397 | epoch   69 | steps  6049038 | return   2851.07 | outcome win             | win_rate(100) 0.040
ep  1398 | epoch   69 | steps  6055038 | return   -204.03 | outcome timeout         | win_rate(100) 0.040
ep  1399 | epoch   69 | steps  6061038 | return    301.56 | outcome timeout         | win_rate(100) 0.040
ep  1400 | epoch   69 | steps  6067038 | return   -112.97 | outcome timeout         | win_rate(100) 0.040
[epoch   69] env_steps  6067038 | win 3 loss 2 timeout 10 crash 2 other 3 | win_rate(100) 0.040 | feasible 23 | alpha 0.0110 entropy -4.00 | 562 sim steps/s | opp straight 3/14, BFM 0/6 -> next straight
ep  1401 | epoch   70 | steps  6072732 | return   3811.61 | outcome win             | win_rate(100) 0.050
ep  1402 | epoch   70 | steps  6078732 | return   2259.13 | outcome timeout         | win_rate(100) 0.050
ep  1403 | epoch   70 | steps  6084732 | return   1234.20 | outcome timeout         | win_rate(100) 0.050
ep  1404 | epoch   70 | steps  6090732 | return   1305.39 | outcome timeout         | win_rate(100) 0.050
ep  1405 | epoch   70 | steps  6096732 | return   1043.19 | outcome timeout         | win_rate(100) 0.050
ep  1406 | epoch   70 | steps  6102732 | return   1338.14 | outcome timeout         | win_rate(100) 0.050
ep  1407 | epoch   70 | steps  6108732 | return   1099.21 | outcome timeout         | win_rate(100) 0.050
ep  1408 | epoch   70 | steps  6112199 | return    128.26 | outcome loss            | win_rate(100) 0.050
ep  1409 | epoch   70 | steps  6118199 | return    902.01 | outcome timeout         | win_rate(100) 0.050
ep  1410 | epoch   70 | steps  6124199 | return   1250.83 | outcome timeout         | win_rate(100) 0.050
ep  1411 | epoch   70 | steps  6130199 | return    267.08 | outcome timeout         | win_rate(100) 0.050
ep  1412 | epoch   70 | steps  6134573 | return  -2055.17 | outcome crash           | win_rate(100) 0.050
ep  1413 | epoch   70 | steps  6137271 | return  -1147.84 | outcome disengaged      | win_rate(100) 0.050
ep  1414 | epoch   70 | steps  6140222 | return   2443.39 | outcome win             | win_rate(100) 0.060
ep  1415 | epoch   70 | steps  6146222 | return   -299.37 | outcome timeout         | win_rate(100) 0.060
ep  1416 | epoch   70 | steps  6152222 | return   -257.84 | outcome timeout         | win_rate(100) 0.060
ep  1417 | epoch   70 | steps  6155283 | return   2277.44 | outcome win             | win_rate(100) 0.070
ep  1418 | epoch   70 | steps  6157273 | return   2164.20 | outcome win             | win_rate(100) 0.080
ep  1419 | epoch   70 | steps  6158146 | return   1553.45 | outcome win             | win_rate(100) 0.090
ep  1420 | epoch   70 | steps  6158971 | return   1550.64 | outcome win             | win_rate(100) 0.100
[epoch   70] env_steps  6158971 | win 6 loss 1 timeout 11 crash 1 other 1 | win_rate(100) 0.100 | feasible 25 | alpha 0.0083 entropy -3.99 | 580 sim steps/s | opp straight 4/18, BFM 2/2 -> next straight
ep  1421 | epoch   71 | steps  6163322 | return   3372.37 | outcome win             | win_rate(100) 0.110
ep  1422 | epoch   71 | steps  6169322 | return    915.99 | outcome timeout         | win_rate(100) 0.110
ep  1423 | epoch   71 | steps  6173298 | return   2437.21 | outcome win             | win_rate(100) 0.120
ep  1424 | epoch   71 | steps  6176826 | return   2680.90 | outcome win             | win_rate(100) 0.130
ep  1425 | epoch   71 | steps  6182826 | return    228.33 | outcome timeout         | win_rate(100) 0.130
ep  1426 | epoch   71 | steps  6186555 | return   2559.49 | outcome win             | win_rate(100) 0.140
ep  1427 | epoch   71 | steps  6192555 | return   1435.03 | outcome timeout         | win_rate(100) 0.140
ep  1428 | epoch   71 | steps  6198555 | return    908.36 | outcome timeout         | win_rate(100) 0.140
ep  1429 | epoch   71 | steps  6202676 | return   -872.17 | outcome disengaged      | win_rate(100) 0.140
ep  1430 | epoch   71 | steps  6206750 | return   -908.91 | outcome disengaged      | win_rate(100) 0.140
ep  1431 | epoch   71 | steps  6212750 | return   1746.18 | outcome timeout         | win_rate(100) 0.140
ep  1432 | epoch   71 | steps  6218750 | return   1828.03 | outcome timeout         | win_rate(100) 0.140
ep  1433 | epoch   71 | steps  6221784 | return   2670.93 | outcome win             | win_rate(100) 0.150
ep  1434 | epoch   71 | steps  6227784 | return   2177.60 | outcome timeout         | win_rate(100) 0.150
ep  1435 | epoch   71 | steps  6233784 | return    -14.20 | outcome timeout         | win_rate(100) 0.150
ep  1436 | epoch   71 | steps  6239784 | return    -32.46 | outcome timeout         | win_rate(100) 0.150
ep  1437 | epoch   71 | steps  6245784 | return    571.94 | outcome timeout         | win_rate(100) 0.150
ep  1438 | epoch   71 | steps  6251784 | return    403.80 | outcome timeout         | win_rate(100) 0.150
ep  1439 | epoch   71 | steps  6253763 | return  -1092.88 | outcome disengaged      | win_rate(100) 0.150
ep  1440 | epoch   71 | steps  6255568 | return  -1052.52 | outcome disengaged      | win_rate(100) 0.150
[epoch   71] env_steps  6255568 | win 5 loss 0 timeout 11 crash 0 other 4 | win_rate(100) 0.150 | feasible 28 | alpha 0.0082 entropy -4.00 | 506 sim steps/s | opp straight 5/20, BFM 0/0 -> next straight
ep  1441 | epoch   72 | steps  6261355 | return  -1063.69 | outcome loss            | win_rate(100) 0.150
ep  1442 | epoch   72 | steps  6267355 | return    -84.33 | outcome timeout         | win_rate(100) 0.150
ep  1443 | epoch   72 | steps  6269120 | return   2409.06 | outcome win             | win_rate(100) 0.160
ep  1444 | epoch   72 | steps  6271459 | return   2918.82 | outcome win             | win_rate(100) 0.170
ep  1445 | epoch   72 | steps  6273679 | return   -925.89 | outcome loss            | win_rate(100) 0.170
ep  1446 | epoch   72 | steps  6277750 | return   -994.27 | outcome loss            | win_rate(100) 0.170
ep  1447 | epoch   72 | steps  6283750 | return    997.99 | outcome timeout         | win_rate(100) 0.170
ep  1448 | epoch   72 | steps  6285705 | return   2165.57 | outcome win             | win_rate(100) 0.180
ep  1449 | epoch   72 | steps  6290581 | return   3429.86 | outcome win             | win_rate(100) 0.190
ep  1450 | epoch   72 | steps  6293024 | return  -1083.69 | outcome disengaged      | win_rate(100) 0.190
ep  1451 | epoch   72 | steps  6295253 | return  -1061.53 | outcome disengaged      | win_rate(100) 0.190
ep  1452 | epoch   72 | steps  6298276 | return   -966.21 | outcome disengaged      | win_rate(100) 0.190
ep  1453 | epoch   72 | steps  6304276 | return    912.94 | outcome timeout         | win_rate(100) 0.190
ep  1454 | epoch   72 | steps  6306951 | return  -1114.12 | outcome disengaged      | win_rate(100) 0.190
ep  1455 | epoch   72 | steps  6311017 | return  -1062.76 | outcome disengaged      | win_rate(100) 0.180
ep  1456 | epoch   72 | steps  6317017 | return   -153.68 | outcome timeout         | win_rate(100) 0.180
ep  1457 | epoch   72 | steps  6321812 | return  -1287.75 | outcome loss            | win_rate(100) 0.180
ep  1458 | epoch   72 | steps  6325294 | return  -1332.91 | outcome loss            | win_rate(100) 0.180
ep  1459 | epoch   72 | steps  6328182 | return   -996.43 | outcome disengaged      | win_rate(100) 0.180
ep  1460 | epoch   72 | steps  6331403 | return  -1005.67 | outcome disengaged      | win_rate(100) 0.180
[epoch   72] env_steps  6331403 | win 4 loss 5 timeout 4 crash 0 other 7 | win_rate(100) 0.180 | feasible 30 | alpha 0.0082 entropy -4.00 | 490 sim steps/s | opp straight 4/14, BFM 0/6 -> next straight
ep  1461 | epoch   73 | steps  6336973 | return   -918.15 | outcome loss            | win_rate(100) 0.180
ep  1462 | epoch   73 | steps  6337451 | return   -965.30 | outcome loss            | win_rate(100) 0.180
ep  1463 | epoch   73 | steps  6339926 | return   -977.65 | outcome loss            | win_rate(100) 0.180
ep  1464 | epoch   73 | steps  6343452 | return   -934.29 | outcome loss            | win_rate(100) 0.180
ep  1465 | epoch   73 | steps  6344528 | return   1944.93 | outcome win             | win_rate(100) 0.190
ep  1466 | epoch   73 | steps  6350528 | return   1387.40 | outcome timeout         | win_rate(100) 0.190
ep  1467 | epoch   73 | steps  6356528 | return    128.64 | outcome timeout         | win_rate(100) 0.190
ep  1468 | epoch   73 | steps  6360086 | return   2699.97 | outcome win             | win_rate(100) 0.200
ep  1469 | epoch   73 | steps  6363335 | return   -962.28 | outcome disengaged      | win_rate(100) 0.200
ep  1470 | epoch   73 | steps  6363844 | return   -962.43 | outcome loss            | win_rate(100) 0.200
ep  1471 | epoch   73 | steps  6369844 | return   1086.28 | outcome timeout         | win_rate(100) 0.200
ep  1472 | epoch   73 | steps  6370337 | return   1564.41 | outcome win             | win_rate(100) 0.210
ep  1473 | epoch   73 | steps  6370804 | return   1573.66 | outcome win             | win_rate(100) 0.220
ep  1474 | epoch   73 | steps  6371250 | return   1579.05 | outcome win             | win_rate(100) 0.230
ep  1475 | epoch   73 | steps  6373527 | return  -1107.31 | outcome disengaged      | win_rate(100) 0.230
ep  1476 | epoch   73 | steps  6379527 | return     68.00 | outcome timeout         | win_rate(100) 0.230
ep  1477 | epoch   73 | steps  6384720 | return   1729.94 | outcome win             | win_rate(100) 0.240
ep  1478 | epoch   73 | steps  6390720 | return    241.11 | outcome timeout         | win_rate(100) 0.240
ep  1479 | epoch   73 | steps  6391328 | return   -952.35 | outcome loss            | win_rate(100) 0.240
ep  1480 | epoch   73 | steps  6391942 | return   -952.58 | outcome loss            | win_rate(100) 0.240
[epoch   73] env_steps  6391942 | win 6 loss 7 timeout 5 crash 0 other 2 | win_rate(100) 0.240 | feasible 34 | alpha 0.0089 entropy -4.00 | 498 sim steps/s | opp straight 6/14, BFM 0/6 -> next straight
ep  1481 | epoch   74 | steps  6392289 | return   -968.49 | outcome loss            | win_rate(100) 0.240
ep  1482 | epoch   74 | steps  6392639 | return   -968.02 | outcome loss            | win_rate(100) 0.240
ep  1483 | epoch   74 | steps  6393090 | return   -972.85 | outcome loss            | win_rate(100) 0.240
ep  1484 | epoch   74 | steps  6393541 | return   -970.69 | outcome loss            | win_rate(100) 0.240
ep  1485 | epoch   74 | steps  6397511 | return   1944.17 | outcome win             | win_rate(100) 0.250
ep  1486 | epoch   74 | steps  6402228 | return   2295.05 | outcome win             | win_rate(100) 0.260
ep  1487 | epoch   74 | steps  6404634 | return   2752.01 | outcome win             | win_rate(100) 0.270
ep  1488 | epoch   74 | steps  6406877 | return   2591.44 | outcome win             | win_rate(100) 0.280
ep  1489 | epoch   74 | steps  6411174 | return  -1935.11 | outcome crash           | win_rate(100) 0.280
ep  1490 | epoch   74 | steps  6417174 | return    208.83 | outcome timeout         | win_rate(100) 0.280
ep  1491 | epoch   74 | steps  6423174 | return   -184.45 | outcome timeout         | win_rate(100) 0.280
ep  1492 | epoch   74 | steps  6423978 | return   -954.24 | outcome loss            | win_rate(100) 0.280
ep  1493 | epoch   74 | steps  6429978 | return    155.12 | outcome timeout         | win_rate(100) 0.280
ep  1494 | epoch   74 | steps  6432184 | return   1802.32 | outcome win             | win_rate(100) 0.290
ep  1495 | epoch   74 | steps  6438184 | return   -340.52 | outcome timeout         | win_rate(100) 0.280
ep  1496 | epoch   74 | steps  6441563 | return  -1072.18 | outcome loss            | win_rate(100) 0.270
ep  1497 | epoch   74 | steps  6447563 | return   -477.55 | outcome timeout         | win_rate(100) 0.260
ep  1498 | epoch   74 | steps  6451444 | return  -1996.61 | outcome crash           | win_rate(100) 0.260
ep  1499 | epoch   74 | steps  6451735 | return   1546.86 | outcome win             | win_rate(100) 0.270
ep  1500 | epoch   74 | steps  6457246 | return   -952.93 | outcome loss            | win_rate(100) 0.270
[epoch   74] env_steps  6457246 | win 6 loss 7 timeout 5 crash 2 other 0 | win_rate(100) 0.270 | feasible 36 | alpha 0.0073 entropy -3.99 | 498 sim steps/s | opp straight 5/12, BFM 1/8 -> next straight
ep  1501 | epoch   75 | steps  6459274 | return   2171.70 | outcome win             | win_rate(100) 0.270
ep  1502 | epoch   75 | steps  6465274 | return   1064.63 | outcome timeout         | win_rate(100) 0.270
ep  1503 | epoch   75 | steps  6466487 | return   1903.73 | outcome win             | win_rate(100) 0.280
ep  1504 | epoch   75 | steps  6467872 | return   2058.96 | outcome win             | win_rate(100) 0.290
ep  1505 | epoch   75 | steps  6468418 | return   1622.12 | outcome win             | win_rate(100) 0.300
ep  1506 | epoch   75 | steps  6468965 | return   1617.81 | outcome win             | win_rate(100) 0.310
ep  1507 | epoch   75 | steps  6470726 | return   2455.00 | outcome win             | win_rate(100) 0.320
ep  1508 | epoch   75 | steps  6473098 | return   2847.39 | outcome win             | win_rate(100) 0.330
ep  1509 | epoch   75 | steps  6479098 | return    906.53 | outcome timeout         | win_rate(100) 0.330
ep  1510 | epoch   75 | steps  6482773 | return   2910.96 | outcome win             | win_rate(100) 0.340
ep  1511 | epoch   75 | steps  6488773 | return    -36.18 | outcome timeout         | win_rate(100) 0.340
ep  1512 | epoch   75 | steps  6494773 | return      1.37 | outcome timeout         | win_rate(100) 0.340
ep  1513 | epoch   75 | steps  6496251 | return   2321.86 | outcome win             | win_rate(100) 0.350
ep  1514 | epoch   75 | steps  6498491 | return   2732.95 | outcome win             | win_rate(100) 0.350
ep  1515 | epoch   75 | steps  6503620 | return   3358.29 | outcome win             | win_rate(100) 0.360
ep  1516 | epoch   75 | steps  6508760 | return   3369.73 | outcome win             | win_rate(100) 0.370
ep  1517 | epoch   75 | steps  6512623 | return   2742.20 | outcome win             | win_rate(100) 0.370
ep  1518 | epoch   75 | steps  6515548 | return   2746.67 | outcome win             | win_rate(100) 0.370
ep  1519 | epoch   75 | steps  6521548 | return    313.94 | outcome timeout         | win_rate(100) 0.360
ep  1520 | epoch   75 | steps  6527548 | return    398.38 | outcome timeout         | win_rate(100) 0.350
[epoch   75] env_steps  6527548 | win 14 loss 0 timeout 6 crash 0 other 0 | win_rate(100) 0.350 | feasible 38 | alpha 0.0078 entropy -4.00 | 486 sim steps/s | opp straight 14/18, BFM 0/2 -> next turn4
ep  1521 | epoch   76 | steps  6533548 | return    271.83 | outcome timeout         | win_rate(100) 0.340
ep  1522 | epoch   76 | steps  6534266 | return   1660.88 | outcome win             | win_rate(100) 0.350
ep  1523 | epoch   76 | steps  6540266 | return     50.53 | outcome timeout         | win_rate(100) 0.340
ep  1524 | epoch   76 | steps  6546266 | return      2.06 | outcome timeout         | win_rate(100) 0.330
ep  1525 | epoch   76 | steps  6552266 | return    204.89 | outcome timeout         | win_rate(100) 0.330
ep  1526 | epoch   76 | steps  6553156 | return   1700.85 | outcome win             | win_rate(100) 0.330
ep  1527 | epoch   76 | steps  6559156 | return    182.59 | outcome timeout         | win_rate(100) 0.330
ep  1528 | epoch   76 | steps  6563008 | return   2932.35 | outcome win             | win_rate(100) 0.340
ep  1529 | epoch   76 | steps  6566676 | return   2617.38 | outcome win             | win_rate(100) 0.350
ep  1530 | epoch   76 | steps  6572676 | return    290.92 | outcome timeout         | win_rate(100) 0.350
ep  1531 | epoch   76 | steps  6572953 | return   1539.77 | outcome win             | win_rate(100) 0.360
ep  1532 | epoch   76 | steps  6573231 | return   1540.62 | outcome win             | win_rate(100) 0.370
ep  1533 | epoch   76 | steps  6573878 | return   1740.94 | outcome win             | win_rate(100) 0.370
ep  1534 | epoch   76 | steps  6574505 | return   1734.90 | outcome win             | win_rate(100) 0.380
ep  1535 | epoch   76 | steps  6580505 | return   -761.37 | outcome timeout         | win_rate(100) 0.380
ep  1536 | epoch   76 | steps  6586505 | return   -185.89 | outcome timeout         | win_rate(100) 0.380
ep  1537 | epoch   76 | steps  6592198 | return   -725.87 | outcome disengaged      | win_rate(100) 0.380
ep  1538 | epoch   76 | steps  6597800 | return   -833.03 | outcome disengaged      | win_rate(100) 0.380
ep  1539 | epoch   76 | steps  6603800 | return    148.01 | outcome timeout         | win_rate(100) 0.380
ep  1540 | epoch   76 | steps  6609264 | return  -1527.05 | outcome disengaged      | win_rate(100) 0.380
[epoch   76] env_steps  6609264 | win 8 loss 0 timeout 9 crash 0 other 3 | win_rate(100) 0.380 | feasible 42 | alpha 0.0093 entropy -4.01 | 494 sim steps/s | opp turn4 8/18, BFM 0/2 -> next turn4
ep  1541 | epoch   77 | steps  6615264 | return    452.87 | outcome timeout         | win_rate(100) 0.380
ep  1542 | epoch   77 | steps  6621264 | return   -389.78 | outcome timeout         | win_rate(100) 0.380
ep  1543 | epoch   77 | steps  6621565 | return   1549.20 | outcome win             | win_rate(100) 0.380
ep  1544 | epoch   77 | steps  6627565 | return     -3.70 | outcome timeout         | win_rate(100) 0.370
ep  1545 | epoch   77 | steps  6633565 | return  -1122.70 | outcome timeout         | win_rate(100) 0.370
ep  1546 | epoch   77 | steps  6639565 | return    278.07 | outcome timeout         | win_rate(100) 0.370
ep  1547 | epoch   77 | steps  6640112 | return   1598.14 | outcome win             | win_rate(100) 0.380
ep  1548 | epoch   77 | steps  6640666 | return   1599.09 | outcome win             | win_rate(100) 0.380
ep  1549 | epoch   77 | steps  6641943 | return   1585.51 | outcome win             | win_rate(100) 0.380
ep  1550 | epoch   77 | steps  6647943 | return    -61.52 | outcome timeout         | win_rate(100) 0.380
ep  1551 | epoch   77 | steps  6648257 | return   1554.44 | outcome win             | win_rate(100) 0.390
ep  1552 | epoch   77 | steps  6654257 | return    725.58 | outcome timeout         | win_rate(100) 0.390
ep  1553 | epoch   77 | steps  6660257 | return    451.22 | outcome timeout         | win_rate(100) 0.390
ep  1554 | epoch   77 | steps  6661652 | return   1950.39 | outcome win             | win_rate(100) 0.400
ep  1555 | epoch   77 | steps  6667652 | return   -205.27 | outcome timeout         | win_rate(100) 0.400
ep  1556 | epoch   77 | steps  6668060 | return   1539.06 | outcome win             | win_rate(100) 0.410
ep  1557 | epoch   77 | steps  6669243 | return  -1052.35 | outcome loss            | win_rate(100) 0.410
ep  1558 | epoch   77 | steps  6670644 | return  -1042.47 | outcome loss            | win_rate(100) 0.410
ep  1559 | epoch   77 | steps  6676644 | return     49.27 | outcome timeout         | win_rate(100) 0.410
ep  1560 | epoch   77 | steps  6682644 | return   -452.16 | outcome timeout         | win_rate(100) 0.410
[epoch   77] env_steps  6682644 | win 7 loss 2 timeout 11 crash 0 other 0 | win_rate(100) 0.410 | feasible 47 | alpha 0.0093 entropy -4.00 | 498 sim steps/s | opp turn4 5/16, BFM 2/4 -> next turn4
ep  1561 | epoch   78 | steps  6684776 | return   -971.39 | outcome loss            | win_rate(100) 0.410
ep  1562 | epoch   78 | steps  6685862 | return   -953.29 | outcome loss            | win_rate(100) 0.410
ep  1563 | epoch   78 | steps  6691862 | return    620.92 | outcome timeout         | win_rate(100) 0.410
ep  1564 | epoch   78 | steps  6697862 | return   -609.93 | outcome timeout         | win_rate(100) 0.410
ep  1565 | epoch   78 | steps  6703862 | return    521.31 | outcome timeout         | win_rate(100) 0.400
ep  1566 | epoch   78 | steps  6709862 | return    -92.95 | outcome timeout         | win_rate(100) 0.400
ep  1567 | epoch   78 | steps  6715862 | return   -498.55 | outcome timeout         | win_rate(100) 0.400
ep  1568 | epoch   78 | steps  6721862 | return  -1704.95 | outcome timeout         | win_rate(100) 0.390
ep  1569 | epoch   78 | steps  6724193 | return   2109.95 | outcome win             | win_rate(100) 0.400
ep  1570 | epoch   78 | steps  6730193 | return   -272.79 | outcome timeout         | win_rate(100) 0.400
ep  1571 | epoch   78 | steps  6732394 | return   -837.79 | outcome loss            | win_rate(100) 0.400
ep  1572 | epoch   78 | steps  6738394 | return     17.40 | outcome timeout         | win_rate(100) 0.390
ep  1573 | epoch   78 | steps  6744394 | return    322.52 | outcome timeout         | win_rate(100) 0.380
ep  1574 | epoch   78 | steps  6750394 | return      2.44 | outcome timeout         | win_rate(100) 0.370
ep  1575 | epoch   78 | steps  6756394 | return    -61.83 | outcome timeout         | win_rate(100) 0.370
ep  1576 | epoch   78 | steps  6762394 | return   -146.54 | outcome timeout         | win_rate(100) 0.370
ep  1577 | epoch   78 | steps  6768394 | return   -186.25 | outcome timeout         | win_rate(100) 0.360
ep  1578 | epoch   78 | steps  6774394 | return   -108.56 | outcome timeout         | win_rate(100) 0.360
ep  1579 | epoch   78 | steps  6780394 | return   -229.72 | outcome timeout         | win_rate(100) 0.360
ep  1580 | epoch   78 | steps  6786394 | return    156.14 | outcome timeout         | win_rate(100) 0.360
[epoch   78] env_steps  6786394 | win 1 loss 3 timeout 16 crash 0 other 0 | win_rate(100) 0.360 | feasible 48 | alpha 0.0088 entropy -4.00 | 464 sim steps/s | opp turn4 1/14, BFM 0/6 -> next straight
ep  1581 | epoch   79 | steps  6792394 | return    891.45 | outcome timeout         | win_rate(100) 0.360
ep  1582 | epoch   79 | steps  6794935 | return   2670.58 | outcome win             | win_rate(100) 0.370
ep  1583 | epoch   79 | steps  6795738 | return   1734.76 | outcome win             | win_rate(100) 0.380
ep  1584 | epoch   79 | steps  6796507 | return   1717.20 | outcome win             | win_rate(100) 0.390
ep  1585 | epoch   79 | steps  6799157 | return   2381.71 | outcome win             | win_rate(100) 0.390
ep  1586 | epoch   79 | steps  6805157 | return   2820.42 | outcome timeout         | win_rate(100) 0.380
ep  1587 | epoch   79 | steps  6806442 | return   2112.36 | outcome win             | win_rate(100) 0.380
ep  1588 | epoch   79 | steps  6808345 | return   2357.36 | outcome win             | win_rate(100) 0.380
ep  1589 | epoch   79 | steps  6814345 | return    517.19 | outcome timeout         | win_rate(100) 0.380
ep  1590 | epoch   79 | steps  6820345 | return    401.95 | outcome timeout         | win_rate(100) 0.380
ep  1591 | epoch   79 | steps  6826331 | return  -1753.09 | outcome crash           | win_rate(100) 0.380
ep  1592 | epoch   79 | steps  6829437 | return   2738.49 | outcome win             | win_rate(100) 0.390
ep  1593 | epoch   79 | steps  6835024 | return  -1090.58 | outcome disengaged      | win_rate(100) 0.390
ep  1594 | epoch   79 | steps  6841024 | return   -173.91 | outcome timeout         | win_rate(100) 0.380
ep  1595 | epoch   79 | steps  6847024 | return   -559.48 | outcome timeout         | win_rate(100) 0.380
ep  1596 | epoch   79 | steps  6853024 | return   -262.84 | outcome timeout         | win_rate(100) 0.380
ep  1597 | epoch   79 | steps  6854147 | return   1572.65 | outcome win             | win_rate(100) 0.390
ep  1598 | epoch   79 | steps  6855239 | return   1584.54 | outcome win             | win_rate(100) 0.400
ep  1599 | epoch   79 | steps  6855943 | return   1664.80 | outcome win             | win_rate(100) 0.400
ep  1600 | epoch   79 | steps  6856614 | return   1639.63 | outcome win             | win_rate(100) 0.410
[epoch   79] env_steps  6856614 | win 11 loss 0 timeout 7 crash 1 other 1 | win_rate(100) 0.410 | feasible 51 | alpha 0.0094 entropy -4.00 | 508 sim steps/s | opp straight 9/18, BFM 2/2 -> next turn4
ep  1601 | epoch   80 | steps  6857528 | return   1708.40 | outcome win             | win_rate(100) 0.410
ep  1602 | epoch   80 | steps  6862480 | return  -1291.21 | outcome crash           | win_rate(100) 0.410
ep  1603 | epoch   80 | steps  6868356 | return  -1912.49 | outcome crash           | win_rate(100) 0.400
ep  1604 | epoch   80 | steps  6874356 | return    -86.78 | outcome timeout         | win_rate(100) 0.390
ep  1605 | epoch   80 | steps  6880356 | return    332.42 | outcome timeout         | win_rate(100) 0.380
ep  1606 | epoch   80 | steps  6886356 | return    363.07 | outcome timeout         | win_rate(100) 0.370
ep  1607 | epoch   80 | steps  6892356 | return    -39.14 | outcome timeout         | win_rate(100) 0.360
ep  1608 | epoch   80 | steps  6896973 | return  -1180.02 | outcome disengaged      | win_rate(100) 0.350
ep  1609 | epoch   80 | steps  6902162 | return  -1576.94 | outcome disengaged      | win_rate(100) 0.350
ep  1610 | epoch   80 | steps  6908162 | return    239.96 | outcome timeout         | win_rate(100) 0.340
ep  1611 | epoch   80 | steps  6908893 | return   1737.95 | outcome win             | win_rate(100) 0.350
ep  1612 | epoch   80 | steps  6914893 | return    408.56 | outcome timeout         | win_rate(100) 0.350
ep  1613 | epoch   80 | steps  6920893 | return    312.67 | outcome timeout         | win_rate(100) 0.340
ep  1614 | epoch   80 | steps  6926893 | return    801.12 | outcome timeout         | win_rate(100) 0.330
ep  1615 | epoch   80 | steps  6932098 | return  -1188.76 | outcome disengaged      | win_rate(100) 0.320
ep  1616 | epoch   80 | steps  6935424 | return  -1100.37 | outcome disengaged      | win_rate(100) 0.310
ep  1617 | epoch   80 | steps  6941424 | return   -951.25 | outcome timeout         | win_rate(100) 0.300
ep  1618 | epoch   80 | steps  6947424 | return    -50.90 | outcome timeout         | win_rate(100) 0.290
ep  1619 | epoch   80 | steps  6953424 | return   -346.54 | outcome timeout         | win_rate(100) 0.290
ep  1620 | epoch   80 | steps  6956526 | return  -1113.07 | outcome disengaged      | win_rate(100) 0.290
[epoch   80] env_steps  6956526 | win 2 loss 0 timeout 11 crash 2 other 5 | win_rate(100) 0.290 | feasible 53 | alpha 0.0094 entropy -4.00 | 527 sim steps/s | opp turn4 2/16, BFM 0/4 -> next turn4
ep  1621 | epoch   81 | steps  6962526 | return    289.94 | outcome timeout         | win_rate(100) 0.290
ep  1622 | epoch   81 | steps  6966499 | return  -1306.83 | outcome disengaged      | win_rate(100) 0.280
ep  1623 | epoch   81 | steps  6972499 | return   -332.05 | outcome timeout         | win_rate(100) 0.280
ep  1624 | epoch   81 | steps  6974859 | return   2168.78 | outcome win             | win_rate(100) 0.290
ep  1625 | epoch   81 | steps  6980859 | return    568.46 | outcome timeout         | win_rate(100) 0.290
ep  1626 | epoch   81 | steps  6982173 | return   1610.25 | outcome win             | win_rate(100) 0.290
ep  1627 | epoch   81 | steps  6982560 | return   1551.06 | outcome win             | win_rate(100) 0.300
ep  1628 | epoch   81 | steps  6988560 | return   1132.37 | outcome timeout         | win_rate(100) 0.290
ep  1629 | epoch   81 | steps  6994560 | return   -854.07 | outcome timeout         | win_rate(100) 0.280
ep  1630 | epoch   81 | steps  7000560 | return    -37.09 | outcome timeout         | win_rate(100) 0.280
ep  1631 | epoch   81 | steps  7006074 | return  -1318.58 | outcome disengaged      | win_rate(100) 0.270
ep  1632 | epoch   81 | steps  7012074 | return     84.48 | outcome timeout         | win_rate(100) 0.260
ep  1633 | epoch   81 | steps  7015562 | return  -1100.88 | outcome disengaged      | win_rate(100) 0.250
ep  1634 | epoch   81 | steps  7021562 | return     13.45 | outcome timeout         | win_rate(100) 0.240
ep  1635 | epoch   81 | steps  7027562 | return    493.35 | outcome timeout         | win_rate(100) 0.240
ep  1636 | epoch   81 | steps  7033562 | return   -990.40 | outcome timeout         | win_rate(100) 0.240
ep  1637 | epoch   81 | steps  7034410 | return   1567.99 | outcome win             | win_rate(100) 0.250
ep  1638 | epoch   81 | steps  7037596 | return   -973.21 | outcome loss            | win_rate(100) 0.250
ep  1639 | epoch   81 | steps  7043596 | return    -13.76 | outcome timeout         | win_rate(100) 0.250
ep  1640 | epoch   81 | steps  7047964 | return  -1292.38 | outcome disengaged      | win_rate(100) 0.250
[epoch   81] env_steps  7047964 | win 4 loss 1 timeout 11 crash 0 other 4 | win_rate(100) 0.250 | feasible 57 | alpha 0.0091 entropy -4.00 | 580 sim steps/s | opp turn4 3/18, BFM 1/2 -> next turn4
ep  1641 | epoch   82 | steps  7048362 | return   -955.58 | outcome loss            | win_rate(100) 0.250
ep  1642 | epoch   82 | steps  7048761 | return   -960.90 | outcome loss            | win_rate(100) 0.250
ep  1643 | epoch   82 | steps  7051173 | return  -1043.03 | outcome loss            | win_rate(100) 0.240
ep  1644 | epoch   82 | steps  7057173 | return   -150.85 | outcome timeout         | win_rate(100) 0.240
ep  1645 | epoch   82 | steps  7057611 | return   -968.91 | outcome loss            | win_rate(100) 0.240
ep  1646 | epoch   82 | steps  7058031 | return   -967.70 | outcome loss            | win_rate(100) 0.240
ep  1647 | epoch   82 | steps  7058395 | return   1570.30 | outcome win             | win_rate(100) 0.240
ep  1648 | epoch   82 | steps  7064395 | return   1451.82 | outcome timeout         | win_rate(100) 0.230
ep  1649 | epoch   82 | steps  7070395 | return    748.20 | outcome timeout         | win_rate(100) 0.220
ep  1650 | epoch   82 | steps  7076395 | return    305.51 | outcome timeout         | win_rate(100) 0.220
ep  1651 | epoch   82 | steps  7082395 | return     43.22 | outcome timeout         | win_rate(100) 0.210
ep  1652 | epoch   82 | steps  7086705 | return   -571.72 | outcome disengaged      | win_rate(100) 0.210
ep  1653 | epoch   82 | steps  7092705 | return    -74.30 | outcome timeout         | win_rate(100) 0.210
ep  1654 | epoch   82 | steps  7094931 | return  -1144.95 | outcome disengaged      | win_rate(100) 0.200
ep  1655 | epoch   82 | steps  7097083 | return   -994.63 | outcome loss            | win_rate(100) 0.200
ep  1656 | epoch   82 | steps  7098059 | return   -995.05 | outcome loss            | win_rate(100) 0.190
ep  1657 | epoch   82 | steps  7104059 | return    -97.78 | outcome timeout         | win_rate(100) 0.190
ep  1658 | epoch   82 | steps  7106316 | return  -1091.16 | outcome disengaged      | win_rate(100) 0.190
ep  1659 | epoch   82 | steps  7109526 | return  -1118.47 | outcome disengaged      | win_rate(100) 0.190
ep  1660 | epoch   82 | steps  7112751 | return  -1093.39 | outcome disengaged      | win_rate(100) 0.190
[epoch   82] env_steps  7112751 | win 1 loss 7 timeout 7 crash 0 other 5 | win_rate(100) 0.190 | feasible 58 | alpha 0.0091 entropy -4.00 | 569 sim steps/s | opp turn4 1/14, BFM 0/6 -> next straight
ep  1661 | epoch   83 | steps  7118751 | return    198.29 | outcome timeout         | win_rate(100) 0.190
ep  1662 | epoch   83 | steps  7124751 | return    224.99 | outcome timeout         | win_rate(100) 0.190
ep  1663 | epoch   83 | steps  7125086 | return   1551.65 | outcome win             | win_rate(100) 0.200
ep  1664 | epoch   83 | steps  7129128 | return   2286.35 | outcome win             | win_rate(100) 0.210
ep  1665 | epoch   83 | steps  7135128 | return  -1490.54 | outcome timeout         | win_rate(100) 0.210
ep  1666 | epoch   83 | steps  7137518 | return   2140.75 | outcome win             | win_rate(100) 0.220
ep  1667 | epoch   83 | steps  7142148 | return   2035.17 | outcome win             | win_rate(100) 0.230
ep  1668 | epoch   83 | steps  7148148 | return    -52.53 | outcome timeout         | win_rate(100) 0.230
ep  1669 | epoch   83 | steps  7152749 | return   2653.41 | outcome win             | win_rate(100) 0.230
ep  1670 | epoch   83 | steps  7155901 | return   2006.39 | outcome win             | win_rate(100) 0.240
ep  1671 | epoch   83 | steps  7157389 | return   2015.44 | outcome win             | win_rate(100) 0.250
ep  1672 | epoch   83 | steps  7158869 | return   2039.20 | outcome win             | win_rate(100) 0.260
ep  1673 | epoch   83 | steps  7161665 | return   2019.58 | outcome win             | win_rate(100) 0.270
ep  1674 | epoch   83 | steps  7164351 | return   1854.29 | outcome win             | win_rate(100) 0.280
ep  1675 | epoch   83 | steps  7169944 | return  -1630.88 | outcome crash           | win_rate(100) 0.280
ep  1676 | epoch   83 | steps  7171280 | return   -888.96 | outcome loss            | win_rate(100) 0.280
ep  1677 | epoch   83 | steps  7172782 | return   1940.96 | outcome win             | win_rate(100) 0.290
ep  1678 | epoch   83 | steps  7174203 | return   1878.58 | outcome win             | win_rate(100) 0.300
ep  1679 | epoch   83 | steps  7174834 | return   -930.27 | outcome loss            | win_rate(100) 0.300
ep  1680 | epoch   83 | steps  7175405 | return   1573.19 | outcome win             | win_rate(100) 0.310
[epoch   83] env_steps  7175405 | win 13 loss 2 timeout 4 crash 1 other 0 | win_rate(100) 0.310 | feasible 61 | alpha 0.0101 entropy -4.01 | 572 sim steps/s | opp straight 12/14, BFM 1/6 -> next turn4
ep  1681 | epoch   84 | steps  7181405 | return    172.99 | outcome timeout         | win_rate(100) 0.310
ep  1682 | epoch   84 | steps  7187405 | return   -496.82 | outcome timeout         | win_rate(100) 0.300
ep  1683 | epoch   84 | steps  7193405 | return   -455.69 | outcome timeout         | win_rate(100) 0.290
ep  1684 | epoch   84 | steps  7197564 | return  -1224.42 | outcome disengaged      | win_rate(100) 0.280
ep  1685 | epoch   84 | steps  7197936 | return   1552.70 | outcome win             | win_rate(100) 0.280
ep  1686 | epoch   84 | steps  7198313 | return   1549.39 | outcome win             | win_rate(100) 0.290
ep  1687 | epoch   84 | steps  7198730 | return   1565.33 | outcome win             | win_rate(100) 0.290
ep  1688 | epoch   84 | steps  7204730 | return   -791.52 | outcome timeout         | win_rate(100) 0.280
ep  1689 | epoch   84 | steps  7205103 | return   1551.06 | outcome win             | win_rate(100) 0.290
ep  1690 | epoch   84 | steps  7211103 | return   1256.02 | outcome timeout         | win_rate(100) 0.290
ep  1691 | epoch   84 | steps  7217103 | return    392.34 | outcome timeout         | win_rate(100) 0.290
ep  1692 | epoch   84 | steps  7223103 | return    280.12 | outcome timeout         | win_rate(100) 0.280
ep  1693 | epoch   84 | steps  7224602 | return   1690.40 | outcome win             | win_rate(100) 0.290
ep  1694 | epoch   84 | steps  7230602 | return   1150.05 | outcome timeout         | win_rate(100) 0.290
ep  1695 | epoch   84 | steps  7236602 | return   -769.60 | outcome timeout         | win_rate(100) 0.290
ep  1696 | epoch   84 | steps  7242602 | return   -600.63 | outcome timeout         | win_rate(100) 0.290
ep  1697 | epoch   84 | steps  7243356 | return  -1015.66 | outcome loss            | win_rate(100) 0.280
ep  1698 | epoch   84 | steps  7244578 | return  -1025.71 | outcome loss            | win_rate(100) 0.270
ep  1699 | epoch   84 | steps  7248869 | return   -887.96 | outcome loss            | win_rate(100) 0.260
ep  1700 | epoch   84 | steps  7254560 | return   -855.48 | outcome loss            | win_rate(100) 0.250
[epoch   84] env_steps  7254560 | win 5 loss 4 timeout 10 crash 0 other 1 | win_rate(100) 0.250 | feasible 64 | alpha 0.0091 entropy -3.99 | 576 sim steps/s | opp turn4 3/14, BFM 2/6 -> next turn4
ep  1701 | epoch   85 | steps  7254915 | return   1554.57 | outcome win             | win_rate(100) 0.250
ep  1702 | epoch   85 | steps  7260915 | return    883.40 | outcome timeout         | win_rate(100) 0.250
ep  1703 | epoch   85 | steps  7266915 | return  -1927.66 | outcome timeout         | win_rate(100) 0.250
ep  1704 | epoch   85 | steps  7271499 | return  -1332.05 | outcome disengaged      | win_rate(100) 0.250
ep  1705 | epoch   85 | steps  7272462 | return   -996.01 | outcome loss            | win_rate(100) 0.250
ep  1706 | epoch   85 | steps  7273452 | return   -961.69 | outcome loss            | win_rate(100) 0.250
ep  1707 | epoch   85 | steps  7275186 | return   1604.55 | outcome win             | win_rate(100) 0.260
ep  1708 | epoch   85 | steps  7281186 | return   -161.71 | outcome timeout         | win_rate(100) 0.260
ep  1709 | epoch   85 | steps  7287186 | return    100.05 | outcome timeout         | win_rate(100) 0.260
ep  1710 | epoch   85 | steps  7288340 | return   1699.05 | outcome win             | win_rate(100) 0.270
ep  1711 | epoch   85 | steps  7294340 | return   -366.40 | outcome timeout         | win_rate(100) 0.260
ep  1712 | epoch   85 | steps  7300340 | return   -212.32 | outcome timeout         | win_rate(100) 0.260
ep  1713 | epoch   85 | steps  7306340 | return    333.58 | outcome timeout         | win_rate(100) 0.260
ep  1714 | epoch   85 | steps  7312340 | return    431.21 | outcome timeout         | win_rate(100) 0.260
ep  1715 | epoch   85 | steps  7318340 | return    -74.98 | outcome timeout         | win_rate(100) 0.260
ep  1716 | epoch   85 | steps  7320491 | return  -1084.16 | outcome disengaged      | win_rate(100) 0.260
ep  1717 | epoch   85 | steps  7326491 | return   -322.37 | outcome timeout         | win_rate(100) 0.260
ep  1718 | epoch   85 | steps  7332491 | return    509.50 | outcome timeout         | win_rate(100) 0.260
ep  1719 | epoch   85 | steps  7332958 | return   1561.57 | outcome win             | win_rate(100) 0.270
ep  1720 | epoch   85 | steps  7338958 | return   -136.67 | outcome timeout         | win_rate(100) 0.270
[epoch   85] env_steps  7338958 | win 4 loss 2 timeout 12 crash 0 other 2 | win_rate(100) 0.270 | feasible 68 | alpha 0.0074 entropy -3.99 | 574 sim steps/s | opp turn4 3/16, BFM 1/4 -> next turn4
ep  1721 | epoch   86 | steps  7339313 | return   1554.55 | outcome win             | win_rate(100) 0.280
ep  1722 | epoch   86 | steps  7339668 | return   1553.53 | outcome win             | win_rate(100) 0.290
ep  1723 | epoch   86 | steps  7340040 | return   1571.45 | outcome win             | win_rate(100) 0.300
ep  1724 | epoch   86 | steps  7346040 | return    897.25 | outcome timeout         | win_rate(100) 0.290
ep  1725 | epoch   86 | steps  7352040 | return    277.56 | outcome timeout         | win_rate(100) 0.290
ep  1726 | epoch   86 | steps  7352764 | return   1571.82 | outcome win             | win_rate(100) 0.290
ep  1727 | epoch   86 | steps  7358764 | return   1323.69 | outcome timeout         | win_rate(100) 0.280
ep  1728 | epoch   86 | steps  7364764 | return   -733.40 | outcome timeout         | win_rate(100) 0.280
ep  1729 | epoch   86 | steps  7365144 | return   1559.21 | outcome win             | win_rate(100) 0.290
ep  1730 | epoch   86 | steps  7365513 | return   1558.59 | outcome win             | win_rate(100) 0.300
ep  1731 | epoch   86 | steps  7365914 | return   -964.96 | outcome loss            | win_rate(100) 0.300
ep  1732 | epoch   86 | steps  7366301 | return   -963.28 | outcome loss            | win_rate(100) 0.300
ep  1733 | epoch   86 | steps  7372301 | return   -221.37 | outcome timeout         | win_rate(100) 0.300
ep  1734 | epoch   86 | steps  7378301 | return   -135.55 | outcome timeout         | win_rate(100) 0.300
ep  1735 | epoch   86 | steps  7379971 | return  -1029.13 | outcome loss            | win_rate(100) 0.300
ep  1736 | epoch   86 | steps  7381588 | return  -1036.74 | outcome loss            | win_rate(100) 0.300
ep  1737 | epoch   86 | steps  7387588 | return    214.47 | outcome timeout         | win_rate(100) 0.290
ep  1738 | epoch   86 | steps  7393588 | return   -278.43 | outcome timeout         | win_rate(100) 0.290
ep  1739 | epoch   86 | steps  7399588 | return    762.77 | outcome timeout         | win_rate(100) 0.290
ep  1740 | epoch   86 | steps  7405588 | return    140.11 | outcome timeout         | win_rate(100) 0.290
[epoch   86] env_steps  7405588 | win 6 loss 4 timeout 10 crash 0 other 0 | win_rate(100) 0.290 | feasible 70 | alpha 0.0093 entropy -4.02 | 512 sim steps/s | opp turn4 4/14, BFM 2/6 -> next turn4
ep  1741 | epoch   87 | steps  7406763 | return   1707.44 | outcome win             | win_rate(100) 0.300
ep  1742 | epoch   87 | steps  7408040 | return   1729.47 | outcome win             | win_rate(100) 0.310
ep  1743 | epoch   87 | steps  7414040 | return     39.84 | outcome timeout         | win_rate(100) 0.310
ep  1744 | epoch   87 | steps  7420040 | return    521.31 | outcome timeout         | win_rate(100) 0.310
ep  1745 | epoch   87 | steps  7426040 | return     85.78 | outcome timeout         | win_rate(100) 0.310
ep  1746 | epoch   87 | steps  7432040 | return   -163.14 | outcome timeout         | win_rate(100) 0.310
ep  1747 | epoch   87 | steps  7432393 | return   1548.52 | outcome win             | win_rate(100) 0.310
ep  1748 | epoch   87 | steps  7434547 | return  -1033.54 | outcome loss            | win_rate(100) 0.310
ep  1749 | epoch   87 | steps  7440547 | return   1394.25 | outcome timeout         | win_rate(100) 0.310
ep  1750 | epoch   87 | steps  7446547 | return    -18.31 | outcome timeout         | win_rate(100) 0.310
ep  1751 | epoch   87 | steps  7446940 | return   -970.68 | outcome loss            | win_rate(100) 0.310
ep  1752 | epoch   87 | steps  7449237 | return  -1742.30 | outcome crash           | win_rate(100) 0.310
ep  1753 | epoch   87 | steps  7455237 | return   -143.66 | outcome timeout         | win_rate(100) 0.310
ep  1754 | epoch   87 | steps  7461237 | return    165.26 | outcome timeout         | win_rate(100) 0.310
ep  1755 | epoch   87 | steps  7467237 | return    315.70 | outcome timeout         | win_rate(100) 0.310
ep  1756 | epoch   87 | steps  7473237 | return   -300.82 | outcome timeout         | win_rate(100) 0.310
ep  1757 | epoch   87 | steps  7476194 | return  -1556.68 | outcome crash           | win_rate(100) 0.310
ep  1758 | epoch   87 | steps  7477180 | return   1585.70 | outcome win             | win_rate(100) 0.320
ep  1759 | epoch   87 | steps  7483180 | return    298.10 | outcome timeout         | win_rate(100) 0.320
ep  1760 | epoch   87 | steps  7489180 | return    121.74 | outcome timeout         | win_rate(100) 0.320
[epoch   87] env_steps  7489180 | win 4 loss 2 timeout 12 crash 2 other 0 | win_rate(100) 0.320 | feasible 72 | alpha 0.0083 entropy -3.99 | 449 sim steps/s | opp turn4 2/12, BFM 2/8 -> next turn4
ep  1761 | epoch   88 | steps  7495180 | return   -211.97 | outcome timeout         | win_rate(100) 0.320
ep  1762 | epoch   88 | steps  7501180 | return     46.59 | outcome timeout         | win_rate(100) 0.320
ep  1763 | epoch   88 | steps  7507180 | return   -210.87 | outcome timeout         | win_rate(100) 0.310
ep  1764 | epoch   88 | steps  7513180 | return   -150.30 | outcome timeout         | win_rate(100) 0.300
ep  1765 | epoch   88 | steps  7519180 | return    155.35 | outcome timeout         | win_rate(100) 0.300
ep  1766 | epoch   88 | steps  7525180 | return    971.37 | outcome timeout         | win_rate(100) 0.290
ep  1767 | epoch   88 | steps  7525626 | return   1543.55 | outcome win             | win_rate(100) 0.290
ep  1768 | epoch   88 | steps  7531626 | return    334.19 | outcome timeout         | win_rate(100) 0.290
ep  1769 | epoch   88 | steps  7532294 | return   1614.84 | outcome win             | win_rate(100) 0.290
ep  1770 | epoch   88 | steps  7538294 | return    347.29 | outcome timeout         | win_rate(100) 0.280
ep  1771 | epoch   88 | steps  7544294 | return    298.73 | outcome timeout         | win_rate(100) 0.270
ep  1772 | epoch   88 | steps  7550294 | return    247.84 | outcome timeout         | win_rate(100) 0.260
ep  1773 | epoch   88 | steps  7556294 | return   1728.43 | outcome timeout         | win_rate(100) 0.250
ep  1774 | epoch   88 | steps  7558202 | return   2386.32 | outcome win             | win_rate(100) 0.250
ep  1775 | epoch   88 | steps  7563668 | return  -1236.54 | outcome disengaged      | win_rate(100) 0.250
ep  1776 | epoch   88 | steps  7569668 | return    -59.22 | outcome timeout         | win_rate(100) 0.250
ep  1777 | epoch   88 | steps  7569920 | return   1531.51 | outcome win             | win_rate(100) 0.250
ep  1778 | epoch   88 | steps  7570174 | return   1530.60 | outcome win             | win_rate(100) 0.250
ep  1779 | epoch   88 | steps  7576174 | return    -84.27 | outcome timeout         | win_rate(100) 0.250
ep  1780 | epoch   88 | steps  7582174 | return    -88.36 | outcome timeout         | win_rate(100) 0.240
[epoch   88] env_steps  7582174 | win 5 loss 0 timeout 14 crash 0 other 1 | win_rate(100) 0.240 | feasible 75 | alpha 0.0082 entropy -4.00 | 464 sim steps/s | opp turn4 5/18, BFM 0/2 -> next turn4
ep  1781 | epoch   89 | steps  7588174 | return     46.43 | outcome timeout         | win_rate(100) 0.240
ep  1782 | epoch   89 | steps  7594174 | return     15.69 | outcome timeout         | win_rate(100) 0.240
ep  1783 | epoch   89 | steps  7600174 | return   -134.36 | outcome timeout         | win_rate(100) 0.240
ep  1784 | epoch   89 | steps  7606174 | return   -254.51 | outcome timeout         | win_rate(100) 0.240
ep  1785 | epoch   89 | steps  7606499 | return   1543.95 | outcome win             | win_rate(100) 0.240
ep  1786 | epoch   89 | steps  7606825 | return   1544.59 | outcome win             | win_rate(100) 0.240
ep  1787 | epoch   89 | steps  7612825 | return   -168.58 | outcome timeout         | win_rate(100) 0.230
ep  1788 | epoch   89 | steps  7618825 | return    526.14 | outcome timeout         | win_rate(100) 0.230
ep  1789 | epoch   89 | steps  7619416 | return   1627.97 | outcome win             | win_rate(100) 0.230
ep  1790 | epoch   89 | steps  7620888 | return   1838.47 | outcome win             | win_rate(100) 0.240
ep  1791 | epoch   89 | steps  7621213 | return   1555.32 | outcome win             | win_rate(100) 0.250
ep  1792 | epoch   89 | steps  7623477 | return   2482.89 | outcome win             | win_rate(100) 0.260
ep  1793 | epoch   89 | steps  7629477 | return    249.12 | outcome timeout         | win_rate(100) 0.250
ep  1794 | epoch   89 | steps  7635477 | return    381.43 | outcome timeout         | win_rate(100) 0.250
ep  1795 | epoch   89 | steps  7636659 | return   1673.39 | outcome win             | win_rate(100) 0.260
ep  1796 | epoch   89 | steps  7636938 | return   1537.23 | outcome win             | win_rate(100) 0.270
ep  1797 | epoch   89 | steps  7642938 | return    -92.47 | outcome timeout         | win_rate(100) 0.270
ep  1798 | epoch   89 | steps  7644608 | return   1814.22 | outcome win             | win_rate(100) 0.280
ep  1799 | epoch   89 | steps  7650608 | return     98.85 | outcome timeout         | win_rate(100) 0.280
ep  1800 | epoch   89 | steps  7656608 | return     49.14 | outcome timeout         | win_rate(100) 0.280
[epoch   89] env_steps  7656608 | win 9 loss 0 timeout 11 crash 0 other 0 | win_rate(100) 0.280 | feasible 76 | alpha 0.0089 entropy -4.00 | 478 sim steps/s | opp turn4 9/18, BFM 0/2 -> next turn6
ep  1801 | epoch   90 | steps  7662608 | return    560.51 | outcome timeout         | win_rate(100) 0.270
ep  1802 | epoch   90 | steps  7663128 | return   1644.50 | outcome win             | win_rate(100) 0.280
ep  1803 | epoch   90 | steps  7668631 | return   -891.71 | outcome loss            | win_rate(100) 0.280
ep  1804 | epoch   90 | steps  7673196 | return   -921.25 | outcome loss            | win_rate(100) 0.280
ep  1805 | epoch   90 | steps  7673670 | return   1561.54 | outcome win             | win_rate(100) 0.290
ep  1806 | epoch   90 | steps  7674132 | return   1563.48 | outcome win             | win_rate(100) 0.300
ep  1807 | epoch   90 | steps  7674765 | return   1599.65 | outcome win             | win_rate(100) 0.300
ep  1808 | epoch   90 | steps  7680765 | return    240.40 | outcome timeout         | win_rate(100) 0.300
ep  1809 | epoch   90 | steps  7681207 | return   1564.39 | outcome win             | win_rate(100) 0.310
ep  1810 | epoch   90 | steps  7687207 | return    110.87 | outcome timeout         | win_rate(100) 0.300
ep  1811 | epoch   90 | steps  7693207 | return    -46.69 | outcome timeout         | win_rate(100) 0.300
ep  1812 | epoch   90 | steps  7693974 | return   1658.56 | outcome win             | win_rate(100) 0.310
ep  1813 | epoch   90 | steps  7694368 | return   -970.78 | outcome loss            | win_rate(100) 0.310
ep  1814 | epoch   90 | steps  7697261 | return   -940.56 | outcome loss            | win_rate(100) 0.310
ep  1815 | epoch   90 | steps  7700819 | return   -855.96 | outcome loss            | win_rate(100) 0.310
ep  1816 | epoch   90 | steps  7701402 | return   1600.57 | outcome win             | win_rate(100) 0.320
ep  1817 | epoch   90 | steps  7707402 | return    242.02 | outcome timeout         | win_rate(100) 0.320
ep  1818 | epoch   90 | steps  7713402 | return   -354.71 | outcome timeout         | win_rate(100) 0.320
ep  1819 | epoch   90 | steps  7713647 | return   1530.96 | outcome win             | win_rate(100) 0.320
ep  1820 | epoch   90 | steps  7719647 | return    411.01 | outcome timeout         | win_rate(100) 0.320
[epoch   90] env_steps  7719647 | win 8 loss 5 timeout 7 crash 0 other 0 | win_rate(100) 0.320 | feasible 82 | alpha 0.0085 entropy -4.00 | 508 sim steps/s | opp turn6 5/12, BFM 3/8 -> next turn6
ep  1821 | epoch   91 | steps  7720288 | return   1600.66 | outcome win             | win_rate(100) 0.320
ep  1822 | epoch   91 | steps  7726288 | return    -50.58 | outcome timeout         | win_rate(100) 0.310
ep  1823 | epoch   91 | steps  7726981 | return   1596.69 | outcome win             | win_rate(100) 0.310
ep  1824 | epoch   91 | steps  7727704 | return   1636.18 | outcome win             | win_rate(100) 0.320
ep  1825 | epoch   91 | steps  7733704 | return    212.37 | outcome timeout         | win_rate(100) 0.320
ep  1826 | epoch   91 | steps  7734833 | return   1709.46 | outcome win             | win_rate(100) 0.320
ep  1827 | epoch   91 | steps  7740833 | return    504.22 | outcome timeout         | win_rate(100) 0.320
ep  1828 | epoch   91 | steps  7746833 | return    200.35 | outcome timeout         | win_rate(100) 0.320
ep  1829 | epoch   91 | steps  7747218 | return   1560.92 | outcome win             | win_rate(100) 0.320
ep  1830 | epoch   91 | steps  7747612 | return   1564.56 | outcome win             | win_rate(100) 0.320
ep  1831 | epoch   91 | steps  7748108 | return   -953.92 | outcome loss            | win_rate(100) 0.320
ep  1832 | epoch   91 | steps  7748585 | return   -962.49 | outcome loss            | win_rate(100) 0.320
ep  1833 | epoch   91 | steps  7750493 | return   1590.28 | outcome win             | win_rate(100) 0.330
ep  1834 | epoch   91 | steps  7756493 | return   -191.62 | outcome timeout         | win_rate(100) 0.330
ep  1835 | epoch   91 | steps  7758618 | return   1788.65 | outcome win             | win_rate(100) 0.340
ep  1836 | epoch   91 | steps  7760698 | return   1707.76 | outcome win             | win_rate(100) 0.350
ep  1837 | epoch   91 | steps  7761598 | return   1912.92 | outcome win             | win_rate(100) 0.360
ep  1838 | epoch   91 | steps  7761898 | return   1537.56 | outcome win             | win_rate(100) 0.370
ep  1839 | epoch   91 | steps  7763190 | return   1884.04 | outcome win             | win_rate(100) 0.380
ep  1840 | epoch   91 | steps  7764494 | return   1900.72 | outcome win             | win_rate(100) 0.390
[epoch   91] env_steps  7764494 | win 13 loss 2 timeout 5 crash 0 other 0 | win_rate(100) 0.390 | feasible 85 | alpha 0.0092 entropy -4.01 | 463 sim steps/s | opp turn6 8/12, BFM 5/8 -> next bfm_energy
ep  1841 | epoch   92 | steps  7765213 | return   1616.02 | outcome win             | win_rate(100) 0.390
ep  1842 | epoch   92 | steps  7765935 | return   1612.97 | outcome win             | win_rate(100) 0.390
ep  1843 | epoch   92 | steps  7771935 | return   -141.82 | outcome timeout         | win_rate(100) 0.390
ep  1844 | epoch   92 | steps  7774235 | return  -1107.55 | outcome loss            | win_rate(100) 0.390
ep  1845 | epoch   92 | steps  7774972 | return   1613.73 | outcome win             | win_rate(100) 0.400
ep  1846 | epoch   92 | steps  7775731 | return   1616.53 | outcome win             | win_rate(100) 0.410
ep  1847 | epoch   92 | steps  7781731 | return   -156.48 | outcome timeout         | win_rate(100) 0.400
ep  1848 | epoch   92 | steps  7787731 | return   -178.52 | outcome timeout         | win_rate(100) 0.400
ep  1849 | epoch   92 | steps  7788349 | return   1602.31 | outcome win             | win_rate(100) 0.410
ep  1850 | epoch   92 | steps  7788967 | return   1605.39 | outcome win             | win_rate(100) 0.420
ep  1851 | epoch   92 | steps  7794967 | return    -61.94 | outcome timeout         | win_rate(100) 0.420
ep  1852 | epoch   92 | steps  7796006 | return   1642.70 | outcome win             | win_rate(100) 0.430
ep  1853 | epoch   92 | steps  7802006 | return   -196.65 | outcome timeout         | win_rate(100) 0.430
ep  1854 | epoch   92 | steps  7808006 | return   -198.65 | outcome timeout         | win_rate(100) 0.430
ep  1855 | epoch   92 | steps  7809920 | return   -975.77 | outcome loss            | win_rate(100) 0.430
ep  1856 | epoch   92 | steps  7810387 | return   1568.94 | outcome win             | win_rate(100) 0.440
ep  1857 | epoch   92 | steps  7811188 | return   1602.05 | outcome win             | win_rate(100) 0.450
ep  1858 | epoch   92 | steps  7811963 | return   1551.41 | outcome win             | win_rate(100) 0.450
ep  1859 | epoch   92 | steps  7812289 | return   1545.95 | outcome win             | win_rate(100) 0.460
ep  1860 | epoch   92 | steps  7818289 | return   -193.60 | outcome timeout         | win_rate(100) 0.460
[epoch   92] env_steps  7818289 | win 11 loss 2 timeout 7 crash 0 other 0 | win_rate(100) 0.460 | feasible 88 | alpha 0.0088 entropy -4.00 | 442 sim steps/s | opp bfm_energy 8/14, BFM 3/6 -> next bfm_angles
ep  1861 | epoch   93 | steps  7818704 | return   -971.91 | outcome loss            | win_rate(100) 0.460
ep  1862 | epoch   93 | steps  7819107 | return   -969.25 | outcome loss            | win_rate(100) 0.460
ep  1863 | epoch   93 | steps  7819560 | return   1559.18 | outcome win             | win_rate(100) 0.470
ep  1864 | epoch   93 | steps  7819981 | return   1550.19 | outcome win             | win_rate(100) 0.480
ep  1865 | epoch   93 | steps  7825981 | return   -146.72 | outcome timeout         | win_rate(100) 0.480
ep  1866 | epoch   93 | steps  7831981 | return   -114.30 | outcome timeout         | win_rate(100) 0.480
ep  1867 | epoch   93 | steps  7832673 | return   1606.84 | outcome win             | win_rate(100) 0.480
ep  1868 | epoch   93 | steps  7833361 | return   1603.87 | outcome win             | win_rate(100) 0.490
ep  1869 | epoch   93 | steps  7839361 | return   -366.47 | outcome timeout         | win_rate(100) 0.480
ep  1870 | epoch   93 | steps  7845361 | return   -224.57 | outcome timeout         | win_rate(100) 0.480
ep  1871 | epoch   93 | steps  7851361 | return   -210.91 | outcome timeout         | win_rate(100) 0.480
ep  1872 | epoch   93 | steps  7857361 | return   -202.49 | outcome timeout         | win_rate(100) 0.480
ep  1873 | epoch   93 | steps  7858466 | return  -1021.01 | outcome loss            | win_rate(100) 0.480
ep  1874 | epoch   93 | steps  7859589 | return   1465.89 | outcome win             | win_rate(100) 0.480
ep  1875 | epoch   93 | steps  7865589 | return   -165.12 | outcome timeout         | win_rate(100) 0.480
ep  1876 | epoch   93 | steps  7871589 | return   -114.84 | outcome timeout         | win_rate(100) 0.480
ep  1877 | epoch   93 | steps  7877589 | return   -186.75 | outcome timeout         | win_rate(100) 0.470
ep  1878 | epoch   93 | steps  7883589 | return   -192.95 | outcome timeout         | win_rate(100) 0.460
ep  1879 | epoch   93 | steps  7889589 | return    234.18 | outcome timeout         | win_rate(100) 0.460
ep  1880 | epoch   93 | steps  7895589 | return    183.42 | outcome timeout         | win_rate(100) 0.460
[epoch   93] env_steps  7895589 | win 5 loss 3 timeout 12 crash 0 other 0 | win_rate(100) 0.460 | feasible 89 | alpha 0.0090 entropy -4.00 | 540 sim steps/s | opp bfm_angles 5/20, BFM 5/20 -> next bfm_angles
ep  1881 | epoch   94 | steps  7895998 | return   -971.24 | outcome loss            | win_rate(100) 0.460
ep  1882 | epoch   94 | steps  7896386 | return   1544.92 | outcome win             | win_rate(100) 0.470
ep  1883 | epoch   94 | steps  7896850 | return   1572.87 | outcome win             | win_rate(100) 0.480
ep  1884 | epoch   94 | steps  7897343 | return   1573.28 | outcome win             | win_rate(100) 0.490
ep  1885 | epoch   94 | steps  7897791 | return   -955.97 | outcome loss            | win_rate(100) 0.480
ep  1886 | epoch   94 | steps  7903146 | return   -979.66 | outcome loss            | win_rate(100) 0.470
ep  1887 | epoch   94 | steps  7903569 | return   -955.19 | outcome loss            | win_rate(100) 0.470
ep  1888 | epoch   94 | steps  7909569 | return   -231.50 | outcome timeout         | win_rate(100) 0.470
ep  1889 | epoch   94 | steps  7915569 | return   -235.46 | outcome timeout         | win_rate(100) 0.460
ep  1890 | epoch   94 | steps  7919982 | return  -1185.93 | outcome loss            | win_rate(100) 0.450
ep  1891 | epoch   94 | steps  7925982 | return   -328.47 | outcome timeout         | win_rate(100) 0.440
ep  1892 | epoch   94 | steps  7929735 | return  -1149.50 | outcome loss            | win_rate(100) 0.430
ep  1893 | epoch   94 | steps  7930378 | return   1607.71 | outcome win             | win_rate(100) 0.440
ep  1894 | epoch   94 | steps  7931051 | return   1607.21 | outcome win             | win_rate(100) 0.450
ep  1895 | epoch   94 | steps  7936774 | return  -1171.84 | outcome loss            | win_rate(100) 0.440
ep  1896 | epoch   94 | steps  7942774 | return   -315.70 | outcome timeout         | win_rate(100) 0.430
ep  1897 | epoch   94 | steps  7945460 | return  -1716.59 | outcome crash           | win_rate(100) 0.430
ep  1898 | epoch   94 | steps  7951460 | return   -267.53 | outcome timeout         | win_rate(100) 0.420
ep  1899 | epoch   94 | steps  7957291 | return  -1305.75 | outcome loss            | win_rate(100) 0.420
ep  1900 | epoch   94 | steps  7959859 | return  -1066.64 | outcome loss            | win_rate(100) 0.420
[epoch   94] env_steps  7959859 | win 5 loss 9 timeout 5 crash 1 other 0 | win_rate(100) 0.420 | feasible 90 | alpha 0.0097 entropy -4.01 | 551 sim steps/s | opp bfm_angles 5/20, BFM 5/20 -> next bfm_angles
ep  1901 | epoch   95 | steps  7960368 | return   1552.79 | outcome win             | win_rate(100) 0.430
ep  1902 | epoch   95 | steps  7960881 | return   1552.37 | outcome win             | win_rate(100) 0.430
ep  1903 | epoch   95 | steps  7966881 | return   -266.13 | outcome timeout         | win_rate(100) 0.430
ep  1904 | epoch   95 | steps  7972881 | return   -266.99 | outcome timeout         | win_rate(100) 0.430
ep  1905 | epoch   95 | steps  7978881 | return   -107.59 | outcome timeout         | win_rate(100) 0.420
ep  1906 | epoch   95 | steps  7984881 | return   -159.86 | outcome timeout         | win_rate(100) 0.410
ep  1907 | epoch   95 | steps  7985283 | return   1552.34 | outcome win             | win_rate(100) 0.410
ep  1908 | epoch   95 | steps  7985717 | return   1562.54 | outcome win             | win_rate(100) 0.420
ep  1909 | epoch   95 | steps  7991717 | return   -378.83 | outcome timeout         | win_rate(100) 0.410
ep  1910 | epoch   95 | steps  7997717 | return   -501.57 | outcome timeout         | win_rate(100) 0.410
ep  1911 | epoch   95 | steps  7999139 | return   1604.14 | outcome win             | win_rate(100) 0.420
ep  1912 | epoch   95 | steps  7999571 | return   1552.65 | outcome win             | win_rate(100) 0.420
ep  1913 | epoch   95 | steps  8005571 | return   -268.65 | outcome timeout         | win_rate(100) 0.420
ep  1914 | epoch   95 | steps  8006199 | return   1586.43 | outcome win             | win_rate(100) 0.430
ep  1915 | epoch   95 | steps  8007220 | return   1576.59 | outcome win             | win_rate(100) 0.440
ep  1916 | epoch   95 | steps  8008207 | return   1554.44 | outcome win             | win_rate(100) 0.440
ep  1917 | epoch   95 | steps  8009965 | return  -1130.44 | outcome loss            | win_rate(100) 0.440
ep  1918 | epoch   95 | steps  8015965 | return   -341.34 | outcome timeout         | win_rate(100) 0.440
ep  1919 | epoch   95 | steps  8016464 | return   1675.97 | outcome win             | win_rate(100) 0.440
ep  1920 | epoch   95 | steps  8017000 | return   1661.22 | outcome win             | win_rate(100) 0.450
[epoch   95] env_steps  8017000 | win 11 loss 1 timeout 8 crash 0 other 0 | win_rate(100) 0.450 | feasible 91 | alpha 0.0106 entropy -4.01 | 541 sim steps/s | opp bfm_angles 11/20, BFM 11/20 -> next bfm_angles
ep  1921 | epoch   96 | steps  8017848 | return   1578.94 | outcome win             | win_rate(100) 0.450
ep  1922 | epoch   96 | steps  8018719 | return   1599.65 | outcome win             | win_rate(100) 0.460
ep  1923 | epoch   96 | steps  8024719 | return     55.66 | outcome timeout         | win_rate(100) 0.450
ep  1924 | epoch   96 | steps  8025155 | return   1572.69 | outcome win             | win_rate(100) 0.450
ep  1925 | epoch   96 | steps  8025654 | return   1577.79 | outcome win             | win_rate(100) 0.460
ep  1926 | epoch   96 | steps  8026121 | return   -937.63 | outcome loss            | win_rate(100) 0.450
ep  1927 | epoch   96 | steps  8032121 | return  -1310.56 | outcome timeout         | win_rate(100) 0.450
ep  1928 | epoch   96 | steps  8036620 | return    789.72 | outcome win             | win_rate(100) 0.460
ep  1929 | epoch   96 | steps  8039421 | return  -1019.11 | outcome loss            | win_rate(100) 0.450
ep  1930 | epoch   96 | steps  8039881 | return   1560.08 | outcome win             | win_rate(100) 0.450
ep  1931 | epoch   96 | steps  8040245 | return   1538.01 | outcome win             | win_rate(100) 0.460
ep  1932 | epoch   96 | steps  8040640 | return   1562.34 | outcome win             | win_rate(100) 0.470
ep  1933 | epoch   96 | steps  8043067 | return   -975.54 | outcome loss            | win_rate(100) 0.460
ep  1934 | epoch   96 | steps  8043481 | return   1546.10 | outcome win             | win_rate(100) 0.470
ep  1935 | epoch   96 | steps  8049481 | return  -2836.41 | outcome timeout         | win_rate(100) 0.460
ep  1936 | epoch   96 | steps  8052140 | return  -1825.41 | outcome crash           | win_rate(100) 0.450
ep  1937 | epoch   96 | steps  8055014 | return  -1573.40 | outcome crash           | win_rate(100) 0.440
ep  1938 | epoch   96 | steps  8057584 | return  -1576.36 | outcome crash           | win_rate(100) 0.430
ep  1939 | epoch   96 | steps  8058895 | return   1555.84 | outcome win             | win_rate(100) 0.430
ep  1940 | epoch   96 | steps  8060836 | return   -900.93 | outcome loss            | win_rate(100) 0.420
[epoch   96] env_steps  8060836 | win 10 loss 4 timeout 3 crash 3 other 0 | win_rate(100) 0.420 | feasible 97 | alpha 0.0127 entropy -4.02 | 552 sim steps/s | opp bfm_angles 10/20, BFM 10/20 -> next bfm_angles
ep  1941 | epoch   97 | steps  8061531 | return   1628.03 | outcome win             | win_rate(100) 0.420
ep  1942 | epoch   97 | steps  8062196 | return   1606.19 | outcome win             | win_rate(100) 0.420
ep  1943 | epoch   97 | steps  8062613 | return   1554.74 | outcome win             | win_rate(100) 0.430
ep  1944 | epoch   97 | steps  8063053 | return   1560.99 | outcome win             | win_rate(100) 0.440
ep  1945 | epoch   97 | steps  8065692 | return  -1635.64 | outcome crash           | win_rate(100) 0.430
ep  1946 | epoch   97 | steps  8068066 | return  -1551.55 | outcome crash           | win_rate(100) 0.420
ep  1947 | epoch   97 | steps  8068464 | return   1555.31 | outcome win             | win_rate(100) 0.430
ep  1948 | epoch   97 | steps  8068891 | return   -954.87 | outcome loss            | win_rate(100) 0.430
ep  1949 | epoch   97 | steps  8072362 | return  -1535.05 | outcome crash           | win_rate(100) 0.420
ep  1950 | epoch   97 | steps  8075109 | return  -1677.45 | outcome crash           | win_rate(100) 0.410
ep  1951 | epoch   97 | steps  8075606 | return   1580.37 | outcome win             | win_rate(100) 0.420
ep  1952 | epoch   97 | steps  8076085 | return   1569.55 | outcome win             | win_rate(100) 0.420
ep  1953 | epoch   97 | steps  8077007 | return   1591.76 | outcome win             | win_rate(100) 0.430
ep  1954 | epoch   97 | steps  8077922 | return   1577.82 | outcome win             | win_rate(100) 0.440
ep  1955 | epoch   97 | steps  8083922 | return  -2600.97 | outcome timeout         | win_rate(100) 0.440
ep  1956 | epoch   97 | steps  8089922 | return   -256.88 | outcome timeout         | win_rate(100) 0.430
ep  1957 | epoch   97 | steps  8090545 | return   1630.78 | outcome win             | win_rate(100) 0.430
ep  1958 | epoch   97 | steps  8091176 | return   1622.70 | outcome win             | win_rate(100) 0.430
ep  1959 | epoch   97 | steps  8091644 | return   1551.71 | outcome win             | win_rate(100) 0.430
ep  1960 | epoch   97 | steps  8092119 | return   1558.44 | outcome win             | win_rate(100) 0.440
[epoch   97] env_steps  8092119 | win 13 loss 1 timeout 2 crash 4 other 0 | win_rate(100) 0.440 | feasible 98 | alpha 0.0107 entropy -3.97 | 538 sim steps/s | opp bfm_angles 13/20, BFM 13/20 -> next bfm_angles
ep  1961 | epoch   98 | steps  8092747 | return   1572.42 | outcome win             | win_rate(100) 0.450
ep  1962 | epoch   98 | steps  8093383 | return   1580.08 | outcome win             | win_rate(100) 0.460
ep  1963 | epoch   98 | steps  8093736 | return   1553.15 | outcome win             | win_rate(100) 0.460
ep  1964 | epoch   98 | steps  8094086 | return   1557.50 | outcome win             | win_rate(100) 0.460
ep  1965 | epoch   98 | steps  8094439 | return   1559.29 | outcome win             | win_rate(100) 0.470
ep  1966 | epoch   98 | steps  8094800 | return   1557.36 | outcome win             | win_rate(100) 0.480
ep  1967 | epoch   98 | steps  8095276 | return   1580.09 | outcome win             | win_rate(100) 0.480
ep  1968 | epoch   98 | steps  8096339 | return   1616.86 | outcome win             | win_rate(100) 0.480
ep  1969 | epoch   98 | steps  8096758 | return   1550.13 | outcome win             | win_rate(100) 0.490
ep  1970 | epoch   98 | steps  8097173 | return   1556.73 | outcome win             | win_rate(100) 0.500
ep  1971 | epoch   98 | steps  8097689 | return   1574.24 | outcome win             | win_rate(100) 0.510
ep  1972 | epoch   98 | steps  8098211 | return   1573.34 | outcome win             | win_rate(100) 0.520
ep  1973 | epoch   98 | steps  8098600 | return   1557.26 | outcome win             | win_rate(100) 0.530
ep  1974 | epoch   98 | steps  8099006 | return   1544.12 | outcome win             | win_rate(100) 0.530
ep  1975 | epoch   98 | steps  8105006 | return   -175.61 | outcome timeout         | win_rate(100) 0.530
ep  1976 | epoch   98 | steps  8111006 | return   -133.06 | outcome timeout         | win_rate(100) 0.530
ep  1977 | epoch   98 | steps  8117006 | return  -1167.31 | outcome timeout         | win_rate(100) 0.530
ep  1978 | epoch   98 | steps  8122340 | return  -1802.71 | outcome crash           | win_rate(100) 0.530
ep  1979 | epoch   98 | steps  8128320 | return  -1983.90 | outcome crash           | win_rate(100) 0.530
ep  1980 | epoch   98 | steps  8133426 | return  -1997.23 | outcome crash           | win_rate(100) 0.530
[epoch   98] env_steps  8133426 | win 14 loss 0 timeout 3 crash 3 other 0 | win_rate(100) 0.530 | feasible 98 | alpha 0.0105 entropy -4.00 | 543 sim steps/s | opp bfm_angles 14/20, BFM 14/20 -> next bfm_angles
ep  1981 | epoch   99 | steps  8134503 | return   1591.02 | outcome win             | win_rate(100) 0.540
ep  1982 | epoch   99 | steps  8135579 | return   1600.31 | outcome win             | win_rate(100) 0.540
ep  1983 | epoch   99 | steps  8141579 | return   -297.23 | outcome timeout         | win_rate(100) 0.530
ep  1984 | epoch   99 | steps  8147579 | return   -890.35 | outcome timeout         | win_rate(100) 0.520
ep  1985 | epoch   99 | steps  8147952 | return   1562.94 | outcome win             | win_rate(100) 0.530
ep  1986 | epoch   99 | steps  8148329 | return   1556.09 | outcome win             | win_rate(100) 0.540
ep  1987 | epoch   99 | steps  8154329 | return   -791.92 | outcome timeout         | win_rate(100) 0.540
ep  1988 | epoch   99 | steps  8160329 | return   -584.60 | outcome timeout         | win_rate(100) 0.540
ep  1989 | epoch   99 | steps  8162088 | return   1643.25 | outcome win             | win_rate(100) 0.550
ep  1990 | epoch   99 | steps  8162832 | return   1617.14 | outcome win             | win_rate(100) 0.560
ep  1991 | epoch   99 | steps  8167825 | return  -2307.30 | outcome crash           | win_rate(100) 0.560
ep  1992 | epoch   99 | steps  8171275 | return  -1786.48 | outcome crash           | win_rate(100) 0.560
ep  1993 | epoch   99 | steps  8171923 | return   -954.76 | outcome loss            | win_rate(100) 0.550
ep  1994 | epoch   99 | steps  8172570 | return   -956.10 | outcome loss            | win_rate(100) 0.540
ep  1995 | epoch   99 | steps  8174580 | return   1798.53 | outcome win             | win_rate(100) 0.550
ep  1996 | epoch   99 | steps  8178413 | return  -1716.40 | outcome crash           | win_rate(100) 0.550
ep  1997 | epoch   99 | steps  8179251 | return   1619.38 | outcome win             | win_rate(100) 0.560
ep  1998 | epoch   99 | steps  8180061 | return   1593.19 | outcome win             | win_rate(100) 0.570
ep  1999 | epoch   99 | steps  8186061 | return   -441.13 | outcome timeout         | win_rate(100) 0.570
ep  2000 | epoch   99 | steps  8192061 | return    -42.73 | outcome timeout         | win_rate(100) 0.570
[epoch   99] env_steps  8192061 | win 9 loss 2 timeout 6 crash 3 other 0 | win_rate(100) 0.570 | feasible 99 | alpha 0.0090 entropy -3.99 | 548 sim steps/s | opp bfm_angles 9/20, BFM 9/20 -> next bfm_angles
ep  2001 | epoch  100 | steps  8198061 | return   -113.17 | outcome timeout         | win_rate(100) 0.560
ep  2002 | epoch  100 | steps  8204061 | return   -161.48 | outcome timeout         | win_rate(100) 0.550
ep  2003 | epoch  100 | steps  8204586 | return   1559.61 | outcome win             | win_rate(100) 0.560
ep  2004 | epoch  100 | steps  8205076 | return   -969.91 | outcome loss            | win_rate(100) 0.560
ep  2005 | epoch  100 | steps  8211076 | return    -64.27 | outcome timeout         | win_rate(100) 0.560
ep  2006 | epoch  100 | steps  8217076 | return    -57.37 | outcome timeout         | win_rate(100) 0.560
ep  2007 | epoch  100 | steps  8217439 | return   1546.91 | outcome win             | win_rate(100) 0.560
ep  2008 | epoch  100 | steps  8217801 | return   1554.00 | outcome win             | win_rate(100) 0.560
ep  2009 | epoch  100 | steps  8218181 | return   1549.02 | outcome win             | win_rate(100) 0.570
ep  2010 | epoch  100 | steps  8218556 | return   1561.36 | outcome win             | win_rate(100) 0.580
ep  2011 | epoch  100 | steps  8218972 | return   1558.62 | outcome win             | win_rate(100) 0.580
ep  2012 | epoch  100 | steps  8219369 | return   1554.24 | outcome win             | win_rate(100) 0.580
ep  2013 | epoch  100 | steps  8219874 | return   1579.69 | outcome win             | win_rate(100) 0.590
ep  2014 | epoch  100 | steps  8220358 | return   1575.56 | outcome win             | win_rate(100) 0.590
ep  2015 | epoch  100 | steps  8220793 | return   1559.98 | outcome win             | win_rate(100) 0.590
ep  2016 | epoch  100 | steps  8221214 | return   1555.24 | outcome win             | win_rate(100) 0.590
ep  2017 | epoch  100 | steps  8221955 | return   1536.71 | outcome win             | win_rate(100) 0.600
ep  2018 | epoch  100 | steps  8227955 | return   -240.20 | outcome timeout         | win_rate(100) 0.600
ep  2019 | epoch  100 | steps  8228817 | return   1578.82 | outcome win             | win_rate(100) 0.600
ep  2020 | epoch  100 | steps  8229665 | return   1569.13 | outcome win             | win_rate(100) 0.600
[epoch  100] env_steps  8229665 | win 14 loss 1 timeout 5 crash 0 other 0 | win_rate(100) 0.600 | feasible 101 | alpha 0.0093 entropy -4.00 | 540 sim steps/s | opp bfm_angles 14/20, BFM 14/20 -> next bfm_angles
ep  2021 | epoch  101 | steps  8230069 | return   1563.81 | outcome win             | win_rate(100) 0.600
ep  2022 | epoch  101 | steps  8236069 | return    -82.86 | outcome timeout         | win_rate(100) 0.590
ep  2023 | epoch  101 | steps  8236724 | return   -973.73 | outcome loss            | win_rate(100) 0.590
ep  2024 | epoch  101 | steps  8242724 | return   -727.63 | outcome timeout         | win_rate(100) 0.580
ep  2025 | epoch  101 | steps  8243326 | return   1567.49 | outcome win             | win_rate(100) 0.580
ep  2026 | epoch  101 | steps  8243937 | return   1574.32 | outcome win             | win_rate(100) 0.590
ep  2027 | epoch  101 | steps  8244380 | return   1567.15 | outcome win             | win_rate(100) 0.600
ep  2028 | epoch  101 | steps  8244804 | return   1561.93 | outcome win             | win_rate(100) 0.600
ep  2029 | epoch  101 | steps  8245242 | return   1574.91 | outcome win             | win_rate(100) 0.610
ep  2030 | epoch  101 | steps  8245634 | return   1563.07 | outcome win             | win_rate(100) 0.610
ep  2031 | epoch  101 | steps  8248710 | return  -1272.23 | outcome loss            | win_rate(100) 0.600
ep  2032 | epoch  101 | steps  8254710 | return   -274.91 | outcome timeout         | win_rate(100) 0.590
ep  2033 | epoch  101 | steps  8255115 | return   1556.62 | outcome win             | win_rate(100) 0.600
ep  2034 | epoch  101 | steps  8255520 | return   1547.49 | outcome win             | win_rate(100) 0.600
ep  2035 | epoch  101 | steps  8256894 | return   1563.92 | outcome win             | win_rate(100) 0.610
ep  2036 | epoch  101 | steps  8258278 | return   1584.81 | outcome win             | win_rate(100) 0.620
ep  2037 | epoch  101 | steps  8264278 | return    -69.86 | outcome timeout         | win_rate(100) 0.620
ep  2038 | epoch  101 | steps  8270278 | return    -68.70 | outcome timeout         | win_rate(100) 0.620
ep  2039 | epoch  101 | steps  8273831 | return   -914.01 | outcome loss            | win_rate(100) 0.610
ep  2040 | epoch  101 | steps  8279831 | return    -64.16 | outcome timeout         | win_rate(100) 0.610
[epoch  101] env_steps  8279831 | win 11 loss 3 timeout 6 crash 0 other 0 | win_rate(100) 0.610 | feasible 102 | alpha 0.0096 entropy -4.00 | 550 sim steps/s | opp bfm_angles 11/20, BFM 11/20 -> next bfm_angles
ep  2041 | epoch  102 | steps  8285831 | return    -80.42 | outcome timeout         | win_rate(100) 0.600
ep  2042 | epoch  102 | steps  8291831 | return    -94.18 | outcome timeout         | win_rate(100) 0.590
ep  2043 | epoch  102 | steps  8292384 | return   1567.90 | outcome win             | win_rate(100) 0.590
ep  2044 | epoch  102 | steps  8292947 | return   1555.82 | outcome win             | win_rate(100) 0.590
ep  2045 | epoch  102 | steps  8293952 | return   1548.77 | outcome win             | win_rate(100) 0.600
ep  2046 | epoch  102 | steps  8294943 | return   1541.92 | outcome win             | win_rate(100) 0.610
ep  2047 | epoch  102 | steps  8300943 | return    -98.99 | outcome timeout         | win_rate(100) 0.600
ep  2048 | epoch  102 | steps  8306943 | return    -91.81 | outcome timeout         | win_rate(100) 0.600
ep  2049 | epoch  102 | steps  8307555 | return   1575.78 | outcome win             | win_rate(100) 0.610
ep  2050 | epoch  102 | steps  8308147 | return   1569.24 | outcome win             | win_rate(100) 0.620
ep  2051 | epoch  102 | steps  8308751 | return   1594.38 | outcome win             | win_rate(100) 0.620
ep  2052 | epoch  102 | steps  8309362 | return   1596.77 | outcome win             | win_rate(100) 0.620
ep  2053 | epoch  102 | steps  8315362 | return   -101.60 | outcome timeout         | win_rate(100) 0.610
ep  2054 | epoch  102 | steps  8321362 | return    -79.33 | outcome timeout         | win_rate(100) 0.600
ep  2055 | epoch  102 | steps  8327362 | return    -59.19 | outcome timeout         | win_rate(100) 0.600
ep  2056 | epoch  102 | steps  8333362 | return    -56.91 | outcome timeout         | win_rate(100) 0.600
ep  2057 | epoch  102 | steps  8339362 | return    -84.65 | outcome timeout         | win_rate(100) 0.590
ep  2058 | epoch  102 | steps  8345362 | return   -140.07 | outcome timeout         | win_rate(100) 0.580
ep  2059 | epoch  102 | steps  8351362 | return   -245.73 | outcome timeout         | win_rate(100) 0.570
ep  2060 | epoch  102 | steps  8357362 | return   -198.93 | outcome timeout         | win_rate(100) 0.560
[epoch  102] env_steps  8357362 | win 8 loss 0 timeout 12 crash 0 other 0 | win_rate(100) 0.560 | feasible 102 | alpha 0.0093 entropy -4.00 | 558 sim steps/s | opp bfm_angles 8/20, BFM 8/20 -> next bfm_angles
ep  2061 | epoch  103 | steps  8357772 | return   1548.01 | outcome win             | win_rate(100) 0.560
ep  2062 | epoch  103 | steps  8358181 | return   1544.64 | outcome win             | win_rate(100) 0.560
ep  2063 | epoch  103 | steps  8358760 | return   1556.01 | outcome win             | win_rate(100) 0.560
ep  2064 | epoch  103 | steps  8359333 | return   1560.52 | outcome win             | win_rate(100) 0.560
ep  2065 | epoch  103 | steps  8360706 | return   1561.00 | outcome win             | win_rate(100) 0.560
ep  2066 | epoch  103 | steps  8361283 | return   1558.46 | outcome win             | win_rate(100) 0.560
ep  2067 | epoch  103 | steps  8362344 | return   1524.58 | outcome win             | win_rate(100) 0.560
ep  2068 | epoch  103 | steps  8363984 | return   1233.04 | outcome win             | win_rate(100) 0.560
ep  2069 | epoch  103 | steps  8369984 | return   -178.14 | outcome timeout         | win_rate(100) 0.550
ep  2070 | epoch  103 | steps  8375984 | return   -119.62 | outcome timeout         | win_rate(100) 0.540
ep  2071 | epoch  103 | steps  8376436 | return   1555.30 | outcome win             | win_rate(100) 0.540
ep  2072 | epoch  103 | steps  8376889 | return   1562.64 | outcome win             | win_rate(100) 0.540
ep  2073 | epoch  103 | steps  8377348 | return   1564.95 | outcome win             | win_rate(100) 0.540
ep  2074 | epoch  103 | steps  8377756 | return   1556.13 | outcome win             | win_rate(100) 0.540
ep  2075 | epoch  103 | steps  8378546 | return   1666.65 | outcome win             | win_rate(100) 0.550
ep  2076 | epoch  103 | steps  8379316 | return   1647.89 | outcome win             | win_rate(100) 0.560
ep  2077 | epoch  103 | steps  8379494 | return   1535.19 | outcome win             | win_rate(100) 0.570
ep  2078 | epoch  103 | steps  8379673 | return   1533.54 | outcome win             | win_rate(100) 0.580
ep  2079 | epoch  103 | steps  8385673 | return   -970.64 | outcome timeout         | win_rate(100) 0.580
ep  2080 | epoch  103 | steps  8391673 | return    125.38 | outcome timeout         | win_rate(100) 0.580
[epoch  103] env_steps  8391673 | win 16 loss 0 timeout 4 crash 0 other 0 | win_rate(100) 0.580 | feasible 102 | alpha 0.0086 entropy -3.99 | 576 sim steps/s | opp bfm_angles 16/20, BFM 16/20 -> next bfm_angles
ep  2081 | epoch  104 | steps  8392365 | return   1560.52 | outcome win             | win_rate(100) 0.580
ep  2082 | epoch  104 | steps  8398365 | return   -109.35 | outcome timeout         | win_rate(100) 0.570
ep  2083 | epoch  104 | steps  8399021 | return   1617.28 | outcome win             | win_rate(100) 0.580
ep  2084 | epoch  104 | steps  8399677 | return   1617.38 | outcome win             | win_rate(100) 0.590
ep  2085 | epoch  104 | steps  8405677 | return   -173.69 | outcome timeout         | win_rate(100) 0.580
ep  2086 | epoch  104 | steps  8411677 | return   -210.45 | outcome timeout         | win_rate(100) 0.570
ep  2087 | epoch  104 | steps  8412593 | return   1551.48 | outcome win             | win_rate(100) 0.580
ep  2088 | epoch  104 | steps  8413490 | return   1559.09 | outcome win             | win_rate(100) 0.590
ep  2089 | epoch  104 | steps  8413986 | return   1553.97 | outcome win             | win_rate(100) 0.590
ep  2090 | epoch  104 | steps  8414485 | return   1553.50 | outcome win             | win_rate(100) 0.590
ep  2091 | epoch  104 | steps  8420485 | return  -1987.29 | outcome timeout         | win_rate(100) 0.590
ep  2092 | epoch  104 | steps  8426485 | return   -123.11 | outcome timeout         | win_rate(100) 0.590
ep  2093 | epoch  104 | steps  8426987 | return   1571.57 | outcome win             | win_rate(100) 0.600
ep  2094 | epoch  104 | steps  8427456 | return   1557.65 | outcome win             | win_rate(100) 0.610
ep  2095 | epoch  104 | steps  8433456 | return   -823.45 | outcome timeout         | win_rate(100) 0.600
ep  2096 | epoch  104 | steps  8439456 | return    -87.72 | outcome timeout         | win_rate(100) 0.600
ep  2097 | epoch  104 | steps  8445456 | return   -182.53 | outcome timeout         | win_rate(100) 0.590
ep  2098 | epoch  104 | steps  8451456 | return   -190.50 | outcome timeout         | win_rate(100) 0.580
ep  2099 | epoch  104 | steps  8453575 | return   1675.62 | outcome win             | win_rate(100) 0.590
ep  2100 | epoch  104 | steps  8459575 | return    -61.11 | outcome timeout         | win_rate(100) 0.590
[epoch  104] env_steps  8459575 | win 10 loss 0 timeout 10 crash 0 other 0 | win_rate(100) 0.590 | feasible 104 | alpha 0.0098 entropy -4.01 | 550 sim steps/s | opp bfm_angles 10/20, BFM 10/20 -> next bfm_angles
ep  2101 | epoch  105 | steps  8460212 | return   1611.29 | outcome win             | win_rate(100) 0.600
ep  2102 | epoch  105 | steps  8460841 | return   1606.90 | outcome win             | win_rate(100) 0.610
ep  2103 | epoch  105 | steps  8462377 | return   1575.94 | outcome win             | win_rate(100) 0.610
ep  2104 | epoch  105 | steps  8468377 | return    -98.56 | outcome timeout         | win_rate(100) 0.610
ep  2105 | epoch  105 | steps  8468918 | return   1558.69 | outcome win             | win_rate(100) 0.620
ep  2106 | epoch  105 | steps  8469407 | return   1554.32 | outcome win             | win_rate(100) 0.630
ep  2107 | epoch  105 | steps  8470059 | return   -963.11 | outcome loss            | win_rate(100) 0.620
ep  2108 | epoch  105 | steps  8471533 | return   -917.37 | outcome loss            | win_rate(100) 0.610
ep  2109 | epoch  105 | steps  8477533 | return   -987.42 | outcome timeout         | win_rate(100) 0.600
ep  2110 | epoch  105 | steps  8478700 | return   1582.24 | outcome win             | win_rate(100) 0.600
ep  2111 | epoch  105 | steps  8479136 | return   1555.36 | outcome win             | win_rate(100) 0.600
ep  2112 | epoch  105 | steps  8479596 | return   1556.54 | outcome win             | win_rate(100) 0.600
ep  2113 | epoch  105 | steps  8480450 | return   1562.22 | outcome win             | win_rate(100) 0.600
ep  2114 | epoch  105 | steps  8481379 | return   1556.79 | outcome win             | win_rate(100) 0.600
ep  2115 | epoch  105 | steps  8481769 | return   1597.29 | outcome win             | win_rate(100) 0.600
ep  2116 | epoch  105 | steps  8482152 | return   1596.98 | outcome win             | win_rate(100) 0.600
ep  2117 | epoch  105 | steps  8488152 | return   -195.15 | outcome timeout         | win_rate(100) 0.590
ep  2118 | epoch  105 | steps  8494152 | return   -139.36 | outcome timeout         | win_rate(100) 0.590
ep  2119 | epoch  105 | steps  8500152 | return   -180.29 | outcome timeout         | win_rate(100) 0.580
ep  2120 | epoch  105 | steps  8506152 | return     43.32 | outcome timeout         | win_rate(100) 0.570
[epoch  105] env_steps  8506152 | win 12 loss 2 timeout 6 crash 0 other 0 | win_rate(100) 0.570 | feasible 106 | alpha 0.0090 entropy -3.99 | 568 sim steps/s | opp bfm_angles 12/20, BFM 12/20 -> next bfm_angles
ep  2121 | epoch  106 | steps  8506823 | return   1556.53 | outcome win             | win_rate(100) 0.570
ep  2122 | epoch  106 | steps  8512823 | return    -39.94 | outcome timeout         | win_rate(100) 0.570
ep  2123 | epoch  106 | steps  8518823 | return   -199.93 | outcome timeout         | win_rate(100) 0.570
ep  2124 | epoch  106 | steps  8524823 | return   -136.24 | outcome timeout         | win_rate(100) 0.570
ep  2125 | epoch  106 | steps  8525682 | return   1652.68 | outcome win             | win_rate(100) 0.570
ep  2126 | epoch  106 | steps  8531682 | return  -1312.48 | outcome timeout         | win_rate(100) 0.560
ep  2127 | epoch  106 | steps  8537682 | return    -42.91 | outcome timeout         | win_rate(100) 0.550
ep  2128 | epoch  106 | steps  8543682 | return    -24.51 | outcome timeout         | win_rate(100) 0.540
ep  2129 | epoch  106 | steps  8549682 | return   -200.56 | outcome timeout         | win_rate(100) 0.530
ep  2130 | epoch  106 | steps  8555682 | return   -174.58 | outcome timeout         | win_rate(100) 0.520
ep  2131 | epoch  106 | steps  8561682 | return   -187.07 | outcome timeout         | win_rate(100) 0.520
ep  2132 | epoch  106 | steps  8567682 | return   -127.25 | outcome timeout         | win_rate(100) 0.520
ep  2133 | epoch  106 | steps  8568101 | return   1560.89 | outcome win             | win_rate(100) 0.520
ep  2134 | epoch  106 | steps  8568540 | return   1574.94 | outcome win             | win_rate(100) 0.520
ep  2135 | epoch  106 | steps  8574540 | return     29.98 | outcome timeout         | win_rate(100) 0.510
ep  2136 | epoch  106 | steps  8580540 | return    -50.78 | outcome timeout         | win_rate(100) 0.500
ep  2137 | epoch  106 | steps  8586540 | return   -137.74 | outcome timeout         | win_rate(100) 0.500
ep  2138 | epoch  106 | steps  8592540 | return   -135.74 | outcome timeout         | win_rate(100) 0.500
ep  2139 | epoch  106 | steps  8593387 | return   1570.64 | outcome win             | win_rate(100) 0.510
ep  2140 | epoch  106 | steps  8599387 | return   -131.09 | outcome timeout         | win_rate(100) 0.510
[epoch  106] env_steps  8599387 | win 5 loss 0 timeout 15 crash 0 other 0 | win_rate(100) 0.510 | feasible 109 | alpha 0.0089 entropy -4.00 | 570 sim steps/s | opp bfm_angles 5/20, BFM 5/20 -> next bfm_angles
ep  2141 | epoch  107 | steps  8605387 | return   -124.16 | outcome timeout         | win_rate(100) 0.510
ep  2142 | epoch  107 | steps  8611387 | return   -122.76 | outcome timeout         | win_rate(100) 0.510
ep  2143 | epoch  107 | steps  8617387 | return   -120.48 | outcome timeout         | win_rate(100) 0.500
ep  2144 | epoch  107 | steps  8623387 | return   -191.62 | outcome timeout         | win_rate(100) 0.490
ep  2145 | epoch  107 | steps  8629387 | return    -97.71 | outcome timeout         | win_rate(100) 0.480
ep  2146 | epoch  107 | steps  8635387 | return   -139.80 | outcome timeout         | win_rate(100) 0.470
ep  2147 | epoch  107 | steps  8635948 | return   1572.75 | outcome win             | win_rate(100) 0.480
ep  2148 | epoch  107 | steps  8636474 | return   1568.81 | outcome win             | win_rate(100) 0.490
ep  2149 | epoch  107 | steps  8637242 | return   1549.76 | outcome win             | win_rate(100) 0.490
ep  2150 | epoch  107 | steps  8638023 | return   1530.84 | outcome win             | win_rate(100) 0.490
ep  2151 | epoch  107 | steps  8644023 | return    -87.05 | outcome timeout         | win_rate(100) 0.480
ep  2152 | epoch  107 | steps  8645264 | return   1565.40 | outcome win             | win_rate(100) 0.480
ep  2153 | epoch  107 | steps  8645748 | return   1547.34 | outcome win             | win_rate(100) 0.490
ep  2154 | epoch  107 | steps  8646212 | return   1545.93 | outcome win             | win_rate(100) 0.500
ep  2155 | epoch  107 | steps  8646657 | return   1567.25 | outcome win             | win_rate(100) 0.510
ep  2156 | epoch  107 | steps  8647174 | return   1571.51 | outcome win             | win_rate(100) 0.520
ep  2157 | epoch  107 | steps  8648169 | return   1580.48 | outcome win             | win_rate(100) 0.530
ep  2158 | epoch  107 | steps  8649153 | return   1571.51 | outcome win             | win_rate(100) 0.540
ep  2159 | epoch  107 | steps  8655153 | return   -278.06 | outcome timeout         | win_rate(100) 0.540
ep  2160 | epoch  107 | steps  8655610 | return  -1035.91 | outcome loss            | win_rate(100) 0.540
[epoch  107] env_steps  8655610 | win 11 loss 1 timeout 8 crash 0 other 0 | win_rate(100) 0.540 | feasible 110 | alpha 0.0101 entropy -4.01 | 557 sim steps/s | opp bfm_angles 11/20, BFM 11/20 -> next bfm_angles
ep  2161 | epoch  108 | steps  8661610 | return   -236.21 | outcome timeout         | win_rate(100) 0.530
ep  2162 | epoch  108 | steps  8667610 | return   -204.93 | outcome timeout         | win_rate(100) 0.520
ep  2163 | epoch  108 | steps  8668221 | return   1536.62 | outcome win             | win_rate(100) 0.520
ep  2164 | epoch  108 | steps  8668829 | return   1540.36 | outcome win             | win_rate(100) 0.520
ep  2165 | epoch  108 | steps  8674829 | return   -126.29 | outcome timeout         | win_rate(100) 0.510
ep  2166 | epoch  108 | steps  8680829 | return   -202.26 | outcome timeout         | win_rate(100) 0.500
ep  2167 | epoch  108 | steps  8682196 | return   1594.06 | outcome win             | win_rate(100) 0.500
ep  2168 | epoch  108 | steps  8683545 | return   1591.72 | outcome win             | win_rate(100) 0.500
ep  2169 | epoch  108 | steps  8689545 | return   -144.20 | outcome timeout         | win_rate(100) 0.500
ep  2170 | epoch  108 | steps  8695545 | return   -143.31 | outcome timeout         | win_rate(100) 0.500
ep  2171 | epoch  108 | steps  8696178 | return   1587.77 | outcome win             | win_rate(100) 0.500
ep  2172 | epoch  108 | steps  8696801 | return   1586.02 | outcome win             | win_rate(100) 0.500
ep  2173 | epoch  108 | steps  8702801 | return    -24.84 | outcome timeout         | win_rate(100) 0.490
ep  2174 | epoch  108 | steps  8704202 | return   1586.60 | outcome win             | win_rate(100) 0.490
ep  2175 | epoch  108 | steps  8710202 | return   -285.36 | outcome timeout         | win_rate(100) 0.480
ep  2176 | epoch  108 | steps  8716202 | return   -192.07 | outcome timeout         | win_rate(100) 0.470
ep  2177 | epoch  108 | steps  8716991 | return   1599.71 | outcome win             | win_rate(100) 0.470
ep  2178 | epoch  108 | steps  8722991 | return    -44.54 | outcome timeout         | win_rate(100) 0.460
ep  2179 | epoch  108 | steps  8723571 | return   1580.77 | outcome win             | win_rate(100) 0.470
ep  2180 | epoch  108 | steps  8724175 | return   1578.81 | outcome win             | win_rate(100) 0.480
[epoch  108] env_steps  8724175 | win 10 loss 0 timeout 10 crash 0 other 0 | win_rate(100) 0.480 | feasible 112 | alpha 0.0097 entropy -4.00 | 573 sim steps/s | opp bfm_angles 10/20, BFM 10/20 -> next bfm_angles
ep  2181 | epoch  109 | steps  8724795 | return   1577.82 | outcome win             | win_rate(100) 0.480
ep  2182 | epoch  109 | steps  8725395 | return   1546.99 | outcome win             | win_rate(100) 0.490
ep  2183 | epoch  109 | steps  8731395 | return   -156.41 | outcome timeout         | win_rate(100) 0.480
ep  2184 | epoch  109 | steps  8737395 | return   -323.18 | outcome timeout         | win_rate(100) 0.470
ep  2185 | epoch  109 | steps  8738103 | return   1556.95 | outcome win             | win_rate(100) 0.480
ep  2186 | epoch  109 | steps  8738835 | return   1570.28 | outcome win             | win_rate(100) 0.490
ep  2187 | epoch  109 | steps  8741545 | return   1663.65 | outcome win             | win_rate(100) 0.490
ep  2188 | epoch  109 | steps  8742096 | return   1564.08 | outcome win             | win_rate(100) 0.490
ep  2189 | epoch  109 | steps  8742474 | return   1551.79 | outcome win             | win_rate(100) 0.490
ep  2190 | epoch  109 | steps  8742853 | return   1551.71 | outcome win             | win_rate(100) 0.490
ep  2191 | epoch  109 | steps  8743306 | return   1556.03 | outcome win             | win_rate(100) 0.500
ep  2192 | epoch  109 | steps  8743755 | return   1555.29 | outcome win             | win_rate(100) 0.510
ep  2193 | epoch  109 | steps  8744351 | return   1562.82 | outcome win             | win_rate(100) 0.510
ep  2194 | epoch  109 | steps  8744990 | return   1568.18 | outcome win             | win_rate(100) 0.510
ep  2195 | epoch  109 | steps  8745669 | return   1564.77 | outcome win             | win_rate(100) 0.520
ep  2196 | epoch  109 | steps  8746353 | return   1567.67 | outcome win             | win_rate(100) 0.530
ep  2197 | epoch  109 | steps  8752353 | return   -227.55 | outcome timeout         | win_rate(100) 0.530
ep  2198 | epoch  109 | steps  8758353 | return   -149.01 | outcome timeout         | win_rate(100) 0.530
ep  2199 | epoch  109 | steps  8759646 | return   1575.39 | outcome win             | win_rate(100) 0.530
ep  2200 | epoch  109 | steps  8765646 | return    114.90 | outcome timeout         | win_rate(100) 0.530
[epoch  109] env_steps  8765646 | win 15 loss 0 timeout 5 crash 0 other 0 | win_rate(100) 0.530 | feasible 113 | alpha 0.0093 entropy -4.00 | 575 sim steps/s | opp bfm_angles 15/20, BFM 15/20 -> next bfm_angles
ep  2201 | epoch  110 | steps  8766112 | return   1567.32 | outcome win             | win_rate(100) 0.530
ep  2202 | epoch  110 | steps  8766579 | return   1564.70 | outcome win             | win_rate(100) 0.530
ep  2203 | epoch  110 | steps  8767614 | return   1573.58 | outcome win             | win_rate(100) 0.530
ep  2204 | epoch  110 | steps  8768658 | return   1569.31 | outcome win             | win_rate(100) 0.540
ep  2205 | epoch  110 | steps  8774658 | return   -224.89 | outcome timeout         | win_rate(100) 0.530
ep  2206 | epoch  110 | steps  8780658 | return    -94.06 | outcome timeout         | win_rate(100) 0.520
ep  2207 | epoch  110 | steps  8786658 | return   -137.89 | outcome timeout         | win_rate(100) 0.520
ep  2208 | epoch  110 | steps  8787078 | return   1570.05 | outcome win             | win_rate(100) 0.530
ep  2209 | epoch  110 | steps  8787429 | return   1539.68 | outcome win             | win_rate(100) 0.540
ep  2210 | epoch  110 | steps  8787777 | return   1541.27 | outcome win             | win_rate(100) 0.540
ep  2211 | epoch  110 | steps  8788145 | return   1544.93 | outcome win             | win_rate(100) 0.540
ep  2212 | epoch  110 | steps  8788529 | return   1544.52 | outcome win             | win_rate(100) 0.540
ep  2213 | epoch  110 | steps  8789016 | return   -942.85 | outcome loss            | win_rate(100) 0.530
ep  2214 | epoch  110 | steps  8791897 | return   1630.17 | outcome win             | win_rate(100) 0.530
ep  2215 | epoch  110 | steps  8793166 | return   1585.07 | outcome win             | win_rate(100) 0.530
ep  2216 | epoch  110 | steps  8799166 | return   -107.32 | outcome timeout         | win_rate(100) 0.520
ep  2217 | epoch  110 | steps  8805166 | return   -168.20 | outcome timeout         | win_rate(100) 0.520
ep  2218 | epoch  110 | steps  8811166 | return   -700.73 | outcome timeout         | win_rate(100) 0.520
ep  2219 | epoch  110 | steps  8817166 | return   -100.78 | outcome timeout         | win_rate(100) 0.520
ep  2220 | epoch  110 | steps  8823166 | return   -177.46 | outcome timeout         | win_rate(100) 0.520
[epoch  110] env_steps  8823166 | win 11 loss 1 timeout 8 crash 0 other 0 | win_rate(100) 0.520 | feasible 116 | alpha 0.0097 entropy -4.00 | 559 sim steps/s | opp bfm_angles 11/20, BFM 11/20 -> next bfm_angles
ep  2221 | epoch  111 | steps  8823629 | return   1571.15 | outcome win             | win_rate(100) 0.520
ep  2222 | epoch  111 | steps  8824097 | return   1575.06 | outcome win             | win_rate(100) 0.530
ep  2223 | epoch  111 | steps  8824838 | return   1618.22 | outcome win             | win_rate(100) 0.540
ep  2224 | epoch  111 | steps  8825577 | return   1561.83 | outcome win             | win_rate(100) 0.550
ep  2225 | epoch  111 | steps  8831577 | return   -162.09 | outcome timeout         | win_rate(100) 0.540
ep  2226 | epoch  111 | steps  8837577 | return   -150.43 | outcome timeout         | win_rate(100) 0.540
ep  2227 | epoch  111 | steps  8843577 | return    -81.51 | outcome timeout         | win_rate(100) 0.540
ep  2228 | epoch  111 | steps  8849577 | return    -67.58 | outcome timeout         | win_rate(100) 0.540
ep  2229 | epoch  111 | steps  8850487 | return   1632.99 | outcome win             | win_rate(100) 0.550
ep  2230 | epoch  111 | steps  8851400 | return   1646.35 | outcome win             | win_rate(100) 0.560
ep  2231 | epoch  111 | steps  8851793 | return   1560.38 | outcome win             | win_rate(100) 0.570
ep  2232 | epoch  111 | steps  8852189 | return   1559.10 | outcome win             | win_rate(100) 0.580
ep  2233 | epoch  111 | steps  8852558 | return   1548.98 | outcome win             | win_rate(100) 0.580
ep  2234 | epoch  111 | steps  8852913 | return   1537.90 | outcome win             | win_rate(100) 0.580
ep  2235 | epoch  111 | steps  8858913 | return    -90.94 | outcome timeout         | win_rate(100) 0.580
ep  2236 | epoch  111 | steps  8864913 | return   -111.50 | outcome timeout         | win_rate(100) 0.580
ep  2237 | epoch  111 | steps  8865382 | return   1561.48 | outcome win             | win_rate(100) 0.590
ep  2238 | epoch  111 | steps  8865852 | return   1556.43 | outcome win             | win_rate(100) 0.600
ep  2239 | epoch  111 | steps  8871852 | return    -33.98 | outcome timeout         | win_rate(100) 0.590
ep  2240 | epoch  111 | steps  8876770 | return  -1033.17 | outcome loss            | win_rate(100) 0.590
[epoch  111] env_steps  8876770 | win 12 loss 1 timeout 7 crash 0 other 0 | win_rate(100) 0.590 | feasible 116 | alpha 0.0097 entropy -4.00 | 572 sim steps/s | opp bfm_angles 12/20, BFM 12/20 -> next bfm_angles
ep  2241 | epoch  112 | steps  8877591 | return   1611.75 | outcome win             | win_rate(100) 0.600
ep  2242 | epoch  112 | steps  8878434 | return   1615.94 | outcome win             | win_rate(100) 0.610
ep  2243 | epoch  112 | steps  8879915 | return   1551.05 | outcome win             | win_rate(100) 0.620
ep  2244 | epoch  112 | steps  8885915 | return   -140.07 | outcome timeout         | win_rate(100) 0.620
ep  2245 | epoch  112 | steps  8891915 | return   -149.56 | outcome timeout         | win_rate(100) 0.620
ep  2246 | epoch  112 | steps  8897915 | return   -129.16 | outcome timeout         | win_rate(100) 0.620
ep  2247 | epoch  112 | steps  8899186 | return   1629.47 | outcome win             | win_rate(100) 0.620
ep  2248 | epoch  112 | steps  8899712 | return   1574.98 | outcome win             | win_rate(100) 0.620
ep  2249 | epoch  112 | steps  8905712 | return   -156.59 | outcome timeout         | win_rate(100) 0.610
ep  2250 | epoch  112 | steps  8911712 | return   -109.04 | outcome timeout         | win_rate(100) 0.600
ep  2251 | epoch  112 | steps  8912100 | return   1538.79 | outcome win             | win_rate(100) 0.610
ep  2252 | epoch  112 | steps  8912492 | return   1546.10 | outcome win             | win_rate(100) 0.610
ep  2253 | epoch  112 | steps  8918492 | return    -99.62 | outcome timeout         | win_rate(100) 0.600
ep  2254 | epoch  112 | steps  8924492 | return   -113.91 | outcome timeout         | win_rate(100) 0.590
ep  2255 | epoch  112 | steps  8924966 | return   1567.43 | outcome win             | win_rate(100) 0.590
ep  2256 | epoch  112 | steps  8925445 | return   1568.08 | outcome win             | win_rate(100) 0.590
ep  2257 | epoch  112 | steps  8931445 | return   -182.11 | outcome timeout         | win_rate(100) 0.580
ep  2258 | epoch  112 | steps  8937445 | return   -149.42 | outcome timeout         | win_rate(100) 0.570
ep  2259 | epoch  112 | steps  8937945 | return   1561.00 | outcome win             | win_rate(100) 0.580
ep  2260 | epoch  112 | steps  8938463 | return   1564.26 | outcome win             | win_rate(100) 0.590
[epoch  112] env_steps  8938463 | win 11 loss 0 timeout 9 crash 0 other 0 | win_rate(100) 0.590 | feasible 117 | alpha 0.0092 entropy -4.00 | 564 sim steps/s | opp bfm_angles 11/20, BFM 11/20 -> next bfm_angles
ep  2261 | epoch  113 | steps  8944463 | return   -169.61 | outcome timeout         | win_rate(100) 0.590
ep  2262 | epoch  113 | steps  8945131 | return   1562.96 | outcome win             | win_rate(100) 0.600
ep  2263 | epoch  113 | steps  8945531 | return   1539.76 | outcome win             | win_rate(100) 0.600
ep  2264 | epoch  113 | steps  8945931 | return   1549.91 | outcome win             | win_rate(100) 0.600
ep  2265 | epoch  113 | steps  8951931 | return    -90.68 | outcome timeout         | win_rate(100) 0.600
ep  2266 | epoch  113 | steps  8957931 | return    -43.71 | outcome timeout         | win_rate(100) 0.600
ep  2267 | epoch  113 | steps  8963931 | return   -161.66 | outcome timeout         | win_rate(100) 0.590
ep  2268 | epoch  113 | steps  8969931 | return    -94.82 | outcome timeout         | win_rate(100) 0.580
ep  2269 | epoch  113 | steps  8970512 | return   -963.11 | outcome loss            | win_rate(100) 0.580
ep  2270 | epoch  113 | steps  8971092 | return   -962.24 | outcome loss            | win_rate(100) 0.580
ep  2271 | epoch  113 | steps  8972298 | return   1607.80 | outcome win             | win_rate(100) 0.580
ep  2272 | epoch  113 | steps  8972822 | return   1555.79 | outcome win             | win_rate(100) 0.580
ep  2273 | epoch  113 | steps  8973934 | return   1604.88 | outcome win             | win_rate(100) 0.590
ep  2274 | epoch  113 | steps  8975160 | return   1628.01 | outcome win             | win_rate(100) 0.590
ep  2275 | epoch  113 | steps  8975987 | return   1592.13 | outcome win             | win_rate(100) 0.600
ep  2276 | epoch  113 | steps  8976806 | return   1589.34 | outcome win             | win_rate(100) 0.610
ep  2277 | epoch  113 | steps  8982806 | return    -28.36 | outcome timeout         | win_rate(100) 0.600
ep  2278 | epoch  113 | steps  8983739 | return   1578.38 | outcome win             | win_rate(100) 0.610
ep  2279 | epoch  113 | steps  8984220 | return   1559.07 | outcome win             | win_rate(100) 0.610
ep  2280 | epoch  113 | steps  8984709 | return   1548.89 | outcome win             | win_rate(100) 0.610
[epoch  113] env_steps  8984709 | win 12 loss 2 timeout 6 crash 0 other 0 | win_rate(100) 0.610 | feasible 119 | alpha 0.0101 entropy -4.01 | 566 sim steps/s | opp bfm_angles 12/20, BFM 12/20 -> next bfm_angles
ep  2281 | epoch  114 | steps  8985166 | return   1569.43 | outcome win             | win_rate(100) 0.610
ep  2282 | epoch  114 | steps  8985567 | return   1553.07 | outcome win             | win_rate(100) 0.610
ep  2283 | epoch  114 | steps  8988444 | return   -747.54 | outcome loss            | win_rate(100) 0.610
ep  2284 | epoch  114 | steps  8994444 | return    282.64 | outcome timeout         | win_rate(100) 0.610
ep  2285 | epoch  114 | steps  9000444 | return   -176.21 | outcome timeout         | win_rate(100) 0.600
ep  2286 | epoch  114 | steps  9006444 | return   -142.72 | outcome timeout         | win_rate(100) 0.590
ep  2287 | epoch  114 | steps  9006995 | return  -1001.91 | outcome loss            | win_rate(100) 0.580
ep  2288 | epoch  114 | steps  9012995 | return   -147.32 | outcome timeout         | win_rate(100) 0.570
ep  2289 | epoch  114 | steps  9013397 | return   1555.60 | outcome win             | win_rate(100) 0.570
ep  2290 | epoch  114 | steps  9013800 | return   1560.20 | outcome win             | win_rate(100) 0.570
ep  2291 | epoch  114 | steps  9014565 | return   1580.63 | outcome win             | win_rate(100) 0.570
ep  2292 | epoch  114 | steps  9015347 | return   1579.35 | outcome win             | win_rate(100) 0.570
ep  2293 | epoch  114 | steps  9016541 | return   1547.46 | outcome win             | win_rate(100) 0.570
ep  2294 | epoch  114 | steps  9017717 | return   1570.12 | outcome win             | win_rate(100) 0.570
ep  2295 | epoch  114 | steps  9018054 | return   -971.13 | outcome loss            | win_rate(100) 0.560
ep  2296 | epoch  114 | steps  9018397 | return   -968.10 | outcome loss            | win_rate(100) 0.550
ep  2297 | epoch  114 | steps  9024397 | return   -167.65 | outcome timeout         | win_rate(100) 0.550
ep  2298 | epoch  114 | steps  9030397 | return   -860.24 | outcome timeout         | win_rate(100) 0.550
ep  2299 | epoch  114 | steps  9036397 | return   -898.20 | outcome timeout         | win_rate(100) 0.540
ep  2300 | epoch  114 | steps  9042397 | return   -172.59 | outcome timeout         | win_rate(100) 0.540
[epoch  114] env_steps  9042397 | win 8 loss 4 timeout 8 crash 0 other 0 | win_rate(100) 0.540 | feasible 119 | alpha 0.0090 entropy -3.99 | 567 sim steps/s | opp bfm_angles 8/20, BFM 8/20 -> next bfm_angles
ep  2301 | epoch  115 | steps  9042891 | return   1581.20 | outcome win             | win_rate(100) 0.540
ep  2302 | epoch  115 | steps  9043384 | return   1583.03 | outcome win             | win_rate(100) 0.540
ep  2303 | epoch  115 | steps  9049384 | return   -217.13 | outcome timeout         | win_rate(100) 0.530
ep  2304 | epoch  115 | steps  9055384 | return   -238.05 | outcome timeout         | win_rate(100) 0.520
ep  2305 | epoch  115 | steps  9061384 | return   -133.47 | outcome timeout         | win_rate(100) 0.520
ep  2306 | epoch  115 | steps  9067384 | return  -1237.01 | outcome timeout         | win_rate(100) 0.520
ep  2307 | epoch  115 | steps  9067779 | return   1551.20 | outcome win             | win_rate(100) 0.530
ep  2308 | epoch  115 | steps  9068172 | return   1555.28 | outcome win             | win_rate(100) 0.530
ep  2309 | epoch  115 | steps  9074172 | return   -357.74 | outcome timeout         | win_rate(100) 0.520
ep  2310 | epoch  115 | steps  9080172 | return   -299.99 | outcome timeout         | win_rate(100) 0.510
ep  2311 | epoch  115 | steps  9080731 | return   1598.98 | outcome win             | win_rate(100) 0.510
ep  2312 | epoch  115 | steps  9081222 | return   1586.60 | outcome win             | win_rate(100) 0.510
ep  2313 | epoch  115 | steps  9082589 | return   1573.74 | outcome win             | win_rate(100) 0.520
ep  2314 | epoch  115 | steps  9083949 | return   1560.69 | outcome win             | win_rate(100) 0.520
ep  2315 | epoch  115 | steps  9084623 | return   1588.13 | outcome win             | win_rate(100) 0.520
ep  2316 | epoch  115 | steps  9085299 | return   1584.60 | outcome win             | win_rate(100) 0.530
ep  2317 | epoch  115 | steps  9091299 | return   -520.34 | outcome timeout         | win_rate(100) 0.530
ep  2318 | epoch  115 | steps  9097299 | return   -487.05 | outcome timeout         | win_rate(100) 0.530
ep  2319 | epoch  115 | steps  9097758 | return   1539.43 | outcome win             | win_rate(100) 0.540
ep  2320 | epoch  115 | steps  9098257 | return   1568.96 | outcome win             | win_rate(100) 0.550
[epoch  115] env_steps  9098257 | win 12 loss 0 timeout 8 crash 0 other 0 | win_rate(100) 0.550 | feasible 119 | alpha 0.0094 entropy -4.00 | 564 sim steps/s | opp bfm_angles 12/20, BFM 12/20 -> next bfm_angles
ep  2321 | epoch  116 | steps  9098651 | return   1537.95 | outcome win             | win_rate(100) 0.550
ep  2322 | epoch  116 | steps  9099051 | return   1543.58 | outcome win             | win_rate(100) 0.550
ep  2323 | epoch  116 | steps  9099681 | return   1572.35 | outcome win             | win_rate(100) 0.550
ep  2324 | epoch  116 | steps  9100297 | return   1584.03 | outcome win             | win_rate(100) 0.550
ep  2325 | epoch  116 | steps  9103195 | return  -1050.65 | outcome loss            | win_rate(100) 0.550
ep  2326 | epoch  116 | steps  9109195 | return   -351.37 | outcome timeout         | win_rate(100) 0.550
ep  2327 | epoch  116 | steps  9109621 | return   1567.03 | outcome win             | win_rate(100) 0.560
ep  2328 | epoch  116 | steps  9110017 | return   1560.10 | outcome win             | win_rate(100) 0.570
ep  2329 | epoch  116 | steps  9110379 | return   1557.17 | outcome win             | win_rate(100) 0.570
ep  2330 | epoch  116 | steps  9110744 | return   1542.75 | outcome win             | win_rate(100) 0.570
ep  2331 | epoch  116 | steps  9116744 | return   -297.17 | outcome timeout         | win_rate(100) 0.560
ep  2332 | epoch  116 | steps  9117741 | return   1525.63 | outcome win             | win_rate(100) 0.560
ep  2333 | epoch  116 | steps  9123741 | return   -333.92 | outcome timeout         | win_rate(100) 0.550
ep  2334 | epoch  116 | steps  9129741 | return   -249.60 | outcome timeout         | win_rate(100) 0.540
ep  2335 | epoch  116 | steps  9130123 | return   1550.59 | outcome win             | win_rate(100) 0.550
ep  2336 | epoch  116 | steps  9130493 | return   1552.46 | outcome win             | win_rate(100) 0.560
ep  2337 | epoch  116 | steps  9131241 | return   1589.88 | outcome win             | win_rate(100) 0.560
ep  2338 | epoch  116 | steps  9131983 | return   1590.99 | outcome win             | win_rate(100) 0.560
ep  2339 | epoch  116 | steps  9137983 | return   -190.91 | outcome timeout         | win_rate(100) 0.560
ep  2340 | epoch  116 | steps  9143983 | return    -83.26 | outcome timeout         | win_rate(100) 0.560
[epoch  116] env_steps  9143983 | win 13 loss 1 timeout 6 crash 0 other 0 | win_rate(100) 0.560 | feasible 120 | alpha 0.0095 entropy -4.00 | 562 sim steps/s | opp bfm_angles 13/20, BFM 13/20 -> next bfm_angles
ep  2341 | epoch  117 | steps  9149983 | return   -301.95 | outcome timeout         | win_rate(100) 0.550
ep  2342 | epoch  117 | steps  9155983 | return   -318.66 | outcome timeout         | win_rate(100) 0.540
ep  2343 | epoch  117 | steps  9156482 | return   1549.92 | outcome win             | win_rate(100) 0.540
ep  2344 | epoch  117 | steps  9157013 | return   1555.05 | outcome win             | win_rate(100) 0.550
ep  2345 | epoch  117 | steps  9157372 | return   1552.63 | outcome win             | win_rate(100) 0.560
ep  2346 | epoch  117 | steps  9157738 | return   1552.34 | outcome win             | win_rate(100) 0.570
ep  2347 | epoch  117 | steps  9163738 | return   -188.15 | outcome timeout         | win_rate(100) 0.560
ep  2348 | epoch  117 | steps  9169738 | return   -362.20 | outcome timeout         | win_rate(100) 0.550
ep  2349 | epoch  117 | steps  9175738 | return   -227.54 | outcome timeout         | win_rate(100) 0.550
ep  2350 | epoch  117 | steps  9181738 | return   -189.08 | outcome timeout         | win_rate(100) 0.550
ep  2351 | epoch  117 | steps  9182449 | return   1612.71 | outcome win             | win_rate(100) 0.550
ep  2352 | epoch  117 | steps  9183189 | return   1558.91 | outcome win             | win_rate(100) 0.550
ep  2353 | epoch  117 | steps  9183551 | return   1557.37 | outcome win             | win_rate(100) 0.560
ep  2354 | epoch  117 | steps  9183916 | return   1549.13 | outcome win             | win_rate(100) 0.570
ep  2355 | epoch  117 | steps  9185073 | return   1569.29 | outcome win             | win_rate(100) 0.570
ep  2356 | epoch  117 | steps  9186391 | return   1552.01 | outcome win             | win_rate(100) 0.570
ep  2357 | epoch  117 | steps  9188980 | return  -1082.09 | outcome loss            | win_rate(100) 0.570
ep  2358 | epoch  117 | steps  9194980 | return   -327.15 | outcome timeout         | win_rate(100) 0.570
ep  2359 | epoch  117 | steps  9195700 | return   -998.45 | outcome loss            | win_rate(100) 0.560
ep  2360 | epoch  117 | steps  9201700 | return   -237.99 | outcome timeout         | win_rate(100) 0.550
[epoch  117] env_steps  9201700 | win 10 loss 2 timeout 8 crash 0 other 0 | win_rate(100) 0.550 | feasible 120 | alpha 0.0098 entropy -4.00 | 565 sim steps/s | opp bfm_angles 10/20, BFM 10/20 -> next bfm_angles
ep  2361 | epoch  118 | steps  9202437 | return   1599.49 | outcome win             | win_rate(100) 0.560
ep  2362 | epoch  118 | steps  9203176 | return   1626.27 | outcome win             | win_rate(100) 0.560
ep  2363 | epoch  118 | steps  9204599 | return   1605.20 | outcome win             | win_rate(100) 0.560
ep  2364 | epoch  118 | steps  9205033 | return   1557.87 | outcome win             | win_rate(100) 0.560
ep  2365 | epoch  118 | steps  9205930 | return   1563.81 | outcome win             | win_rate(100) 0.570
ep  2366 | epoch  118 | steps  9206879 | return   1563.64 | outcome win             | win_rate(100) 0.580
ep  2367 | epoch  118 | steps  9207345 | return   1559.38 | outcome win             | win_rate(100) 0.590
ep  2368 | epoch  118 | steps  9207732 | return   1553.91 | outcome win             | win_rate(100) 0.600
ep  2369 | epoch  118 | steps  9208204 | return   -963.20 | outcome loss            | win_rate(100) 0.600
ep  2370 | epoch  118 | steps  9208681 | return   1556.72 | outcome win             | win_rate(100) 0.610
ep  2371 | epoch  118 | steps  9214681 | return   -108.57 | outcome timeout         | win_rate(100) 0.600
ep  2372 | epoch  118 | steps  9220681 | return   -131.43 | outcome timeout         | win_rate(100) 0.590
ep  2373 | epoch  118 | steps  9226681 | return   -200.37 | outcome timeout         | win_rate(100) 0.580
ep  2374 | epoch  118 | steps  9227553 | return   1563.95 | outcome win             | win_rate(100) 0.580
ep  2375 | epoch  118 | steps  9228740 | return   1563.00 | outcome win             | win_rate(100) 0.580
ep  2376 | epoch  118 | steps  9229965 | return   1560.26 | outcome win             | win_rate(100) 0.580
ep  2377 | epoch  118 | steps  9231092 | return   1614.31 | outcome win             | win_rate(100) 0.590
ep  2378 | epoch  118 | steps  9231429 | return   1555.58 | outcome win             | win_rate(100) 0.590
ep  2379 | epoch  118 | steps  9237429 | return   -176.95 | outcome timeout         | win_rate(100) 0.580
ep  2380 | epoch  118 | steps  9243429 | return   -137.10 | outcome timeout         | win_rate(100) 0.570
[epoch  118] env_steps  9243429 | win 14 loss 1 timeout 5 crash 0 other 0 | win_rate(100) 0.570 | feasible 122 | alpha 0.0099 entropy -4.00 | 569 sim steps/s | opp bfm_angles 14/20, BFM 14/20 -> next bfm_angles
ep  2381 | epoch  119 | steps  9244252 | return   1561.50 | outcome win             | win_rate(100) 0.570
ep  2382 | epoch  119 | steps  9245053 | return   1605.20 | outcome win             | win_rate(100) 0.570
ep  2383 | epoch  119 | steps  9251053 | return   -426.50 | outcome timeout         | win_rate(100) 0.570
ep  2384 | epoch  119 | steps  9257053 | return   -155.49 | outcome timeout         | win_rate(100) 0.570
ep  2385 | epoch  119 | steps  9257739 | return   1554.08 | outcome win             | win_rate(100) 0.580
ep  2386 | epoch  119 | steps  9258468 | return   1546.22 | outcome win             | win_rate(100) 0.590
ep  2387 | epoch  119 | steps  9259230 | return   1621.89 | outcome win             | win_rate(100) 0.600
ep  2388 | epoch  119 | steps  9259984 | return   1620.73 | outcome win             | win_rate(100) 0.610
ep  2389 | epoch  119 | steps  9261296 | return   1584.74 | outcome win             | win_rate(100) 0.610
ep  2390 | epoch  119 | steps  9262658 | return   -937.44 | outcome loss            | win_rate(100) 0.600
ep  2391 | epoch  119 | steps  9268658 | return    -59.13 | outcome timeout         | win_rate(100) 0.590
ep  2392 | epoch  119 | steps  9274658 | return    -92.90 | outcome timeout         | win_rate(100) 0.580
ep  2393 | epoch  119 | steps  9280658 | return    -31.51 | outcome timeout         | win_rate(100) 0.570
ep  2394 | epoch  119 | steps  9286658 | return    -64.57 | outcome timeout         | win_rate(100) 0.560
ep  2395 | epoch  119 | steps  9292658 | return     26.54 | outcome timeout         | win_rate(100) 0.560
ep  2396 | epoch  119 | steps  9298658 | return   -105.38 | outcome timeout         | win_rate(100) 0.560
ep  2397 | epoch  119 | steps  9304658 | return   -112.26 | outcome timeout         | win_rate(100) 0.560
ep  2398 | epoch  119 | steps  9310658 | return   -176.26 | outcome timeout         | win_rate(100) 0.560
ep  2399 | epoch  119 | steps  9316658 | return   -197.87 | outcome timeout         | win_rate(100) 0.560
ep  2400 | epoch  119 | steps  9317505 | return   1560.41 | outcome win             | win_rate(100) 0.570
[epoch  119] env_steps  9317505 | win 8 loss 1 timeout 11 crash 0 other 0 | win_rate(100) 0.570 | feasible 124 | alpha 0.0098 entropy -4.00 | 566 sim steps/s | opp bfm_angles 8/20, BFM 8/20 -> next bfm_angles
ep  2401 | epoch  120 | steps  9318116 | return   1596.93 | outcome win             | win_rate(100) 0.570
ep  2402 | epoch  120 | steps  9318718 | return   1594.67 | outcome win             | win_rate(100) 0.570
ep  2403 | epoch  120 | steps  9324718 | return   -145.70 | outcome timeout         | win_rate(100) 0.570
ep  2404 | epoch  120 | steps  9330718 | return   -169.89 | outcome timeout         | win_rate(100) 0.570
ep  2405 | epoch  120 | steps  9336718 | return   -178.22 | outcome timeout         | win_rate(100) 0.570
ep  2406 | epoch  120 | steps  9342718 | return   -148.78 | outcome timeout         | win_rate(100) 0.570
ep  2407 | epoch  120 | steps  9343138 | return   1557.21 | outcome win             | win_rate(100) 0.570
ep  2408 | epoch  120 | steps  9343545 | return   1558.66 | outcome win             | win_rate(100) 0.570
ep  2409 | epoch  120 | steps  9349545 | return   -148.47 | outcome timeout         | win_rate(100) 0.570
ep  2410 | epoch  120 | steps  9355545 | return   -109.11 | outcome timeout         | win_rate(100) 0.570
ep  2411 | epoch  120 | steps  9356001 | return   1554.57 | outcome win             | win_rate(100) 0.570
ep  2412 | epoch  120 | steps  9356467 | return   1555.64 | outcome win             | win_rate(100) 0.570
ep  2413 | epoch  120 | steps  9357348 | return   1591.00 | outcome win             | win_rate(100) 0.570
ep  2414 | epoch  120 | steps  9363348 | return  -1172.68 | outcome timeout         | win_rate(100) 0.560
ep  2415 | epoch  120 | steps  9364263 | return   1529.90 | outcome win             | win_rate(100) 0.560
ep  2416 | epoch  120 | steps  9366274 | return  -1182.15 | outcome crash           | win_rate(100) 0.550
ep  2417 | epoch  120 | steps  9367385 | return   1548.07 | outcome win             | win_rate(100) 0.560
ep  2418 | epoch  120 | steps  9368525 | return   1563.04 | outcome win             | win_rate(100) 0.570
ep  2419 | epoch  120 | steps  9368772 | return   -998.87 | outcome loss            | win_rate(100) 0.560
ep  2420 | epoch  120 | steps  9369015 | return   -984.66 | outcome loss            | win_rate(100) 0.550
[epoch  120] env_steps  9369015 | win 10 loss 2 timeout 7 crash 1 other 0 | win_rate(100) 0.550 | feasible 126 | alpha 0.0094 entropy -4.00 | 550 sim steps/s | opp bfm_angles 10/20, BFM 10/20 -> next bfm_angles
ep  2421 | epoch  121 | steps  9369704 | return   1603.18 | outcome win             | win_rate(100) 0.550
ep  2422 | epoch  121 | steps  9370384 | return   1590.62 | outcome win             | win_rate(100) 0.550
ep  2423 | epoch  121 | steps  9376384 | return   -178.90 | outcome timeout         | win_rate(100) 0.540
ep  2424 | epoch  121 | steps  9382384 | return   -233.12 | outcome timeout         | win_rate(100) 0.530
ep  2425 | epoch  121 | steps  9383140 | return   1588.37 | outcome win             | win_rate(100) 0.540
ep  2426 | epoch  121 | steps  9383892 | return   1589.56 | outcome win             | win_rate(100) 0.550
ep  2427 | epoch  121 | steps  9384578 | return   1557.46 | outcome win             | win_rate(100) 0.550
ep  2428 | epoch  121 | steps  9385263 | return   1557.59 | outcome win             | win_rate(100) 0.550
ep  2429 | epoch  121 | steps  9386040 | return   1604.70 | outcome win             | win_rate(100) 0.550
ep  2430 | epoch  121 | steps  9386820 | return   1615.44 | outcome win             | win_rate(100) 0.550
ep  2431 | epoch  121 | steps  9392820 | return    -93.86 | outcome timeout         | win_rate(100) 0.550
ep  2432 | epoch  121 | steps  9398820 | return    -69.46 | outcome timeout         | win_rate(100) 0.540
ep  2433 | epoch  121 | steps  9404820 | return    -40.16 | outcome timeout         | win_rate(100) 0.540
ep  2434 | epoch  121 | steps  9406294 | return   1703.54 | outcome win             | win_rate(100) 0.550
ep  2435 | epoch  121 | steps  9412294 | return   -217.63 | outcome timeout         | win_rate(100) 0.540
ep  2436 | epoch  121 | steps  9418294 | return    -45.24 | outcome timeout         | win_rate(100) 0.530
ep  2437 | epoch  121 | steps  9418832 | return   1577.62 | outcome win             | win_rate(100) 0.530
ep  2438 | epoch  121 | steps  9419294 | return   1564.14 | outcome win             | win_rate(100) 0.530
ep  2439 | epoch  121 | steps  9419755 | return   1552.54 | outcome win             | win_rate(100) 0.540
ep  2440 | epoch  121 | steps  9420258 | return   1558.93 | outcome win             | win_rate(100) 0.550
[epoch  121] env_steps  9420258 | win 13 loss 0 timeout 7 crash 0 other 0 | win_rate(100) 0.550 | feasible 127 | alpha 0.0097 entropy -4.00 | 567 sim steps/s | opp bfm_angles 13/20, BFM 13/20 -> next bfm_angles
ep  2441 | epoch  122 | steps  9420619 | return   1548.91 | outcome win             | win_rate(100) 0.560
ep  2442 | epoch  122 | steps  9420977 | return   1552.56 | outcome win             | win_rate(100) 0.570
ep  2443 | epoch  122 | steps  9426977 | return   -194.07 | outcome timeout         | win_rate(100) 0.560
ep  2444 | epoch  122 | steps  9432977 | return   -204.41 | outcome timeout         | win_rate(100) 0.550
ep  2445 | epoch  122 | steps  9433435 | return   1560.65 | outcome win             | win_rate(100) 0.550
ep  2446 | epoch  122 | steps  9433907 | return   1554.51 | outcome win             | win_rate(100) 0.550
ep  2447 | epoch  122 | steps  9439907 | return   -100.82 | outcome timeout         | win_rate(100) 0.550
ep  2448 | epoch  122 | steps  9445907 | return    -83.25 | outcome timeout         | win_rate(100) 0.550
ep  2449 | epoch  122 | steps  9446682 | return   1594.58 | outcome win             | win_rate(100) 0.560
ep  2450 | epoch  122 | steps  9447456 | return   1594.53 | outcome win             | win_rate(100) 0.570
ep  2451 | epoch  122 | steps  9447899 | return   -967.77 | outcome loss            | win_rate(100) 0.560
ep  2452 | epoch  122 | steps  9448335 | return   -968.00 | outcome loss            | win_rate(100) 0.550
ep  2453 | epoch  122 | steps  9449177 | return   1646.93 | outcome win             | win_rate(100) 0.550
ep  2454 | epoch  122 | steps  9450038 | return   1609.54 | outcome win             | win_rate(100) 0.550
ep  2455 | epoch  122 | steps  9450398 | return   1533.62 | outcome win             | win_rate(100) 0.550
ep  2456 | epoch  122 | steps  9450725 | return   1530.59 | outcome win             | win_rate(100) 0.550
ep  2457 | epoch  122 | steps  9451656 | return   1553.38 | outcome win             | win_rate(100) 0.560
ep  2458 | epoch  122 | steps  9452609 | return   1559.55 | outcome win             | win_rate(100) 0.570
ep  2459 | epoch  122 | steps  9458609 | return     57.40 | outcome timeout         | win_rate(100) 0.570
ep  2460 | epoch  122 | steps  9459230 | return   1546.67 | outcome win             | win_rate(100) 0.580
[epoch  122] env_steps  9459230 | win 13 loss 2 timeout 5 crash 0 other 0 | win_rate(100) 0.580 | feasible 128 | alpha 0.0102 entropy -4.01 | 565 sim steps/s | opp bfm_angles 13/20, BFM 13/20 -> next bfm_angles
ep  2461 | epoch  123 | steps  9460204 | return   1568.38 | outcome win             | win_rate(100) 0.580
ep  2462 | epoch  123 | steps  9466204 | return   -171.45 | outcome timeout         | win_rate(100) 0.570
ep  2463 | epoch  123 | steps  9466705 | return   1563.86 | outcome win             | win_rate(100) 0.570
ep  2464 | epoch  123 | steps  9467117 | return   1553.76 | outcome win             | win_rate(100) 0.570
ep  2465 | epoch  123 | steps  9467604 | return   1578.35 | outcome win             | win_rate(100) 0.570
ep  2466 | epoch  123 | steps  9468094 | return   1575.78 | outcome win             | win_rate(100) 0.570
ep  2467 | epoch  123 | steps  9468653 | return   1593.67 | outcome win             | win_rate(100) 0.570
ep  2468 | epoch  123 | steps  9469226 | return   1599.28 | outcome win             | win_rate(100) 0.570
ep  2469 | epoch  123 | steps  9469563 | return   1552.10 | outcome win             | win_rate(100) 0.580
ep  2470 | epoch  123 | steps  9469903 | return   1551.21 | outcome win             | win_rate(100) 0.580
ep  2471 | epoch  123 | steps  9470353 | return   1568.99 | outcome win             | win_rate(100) 0.590
ep  2472 | epoch  123 | steps  9470735 | return   1554.65 | outcome win             | win_rate(100) 0.600
ep  2473 | epoch  123 | steps  9471530 | return   1589.32 | outcome win             | win_rate(100) 0.610
ep  2474 | epoch  123 | steps  9472335 | return   1590.22 | outcome win             | win_rate(100) 0.610
ep  2475 | epoch  123 | steps  9472867 | return   1574.52 | outcome win             | win_rate(100) 0.610
ep  2476 | epoch  123 | steps  9473384 | return   1575.52 | outcome win             | win_rate(100) 0.610
ep  2477 | epoch  123 | steps  9474587 | return   -992.70 | outcome loss            | win_rate(100) 0.600
ep  2478 | epoch  123 | steps  9475794 | return   1518.74 | outcome win             | win_rate(100) 0.600
ep  2479 | epoch  123 | steps  9476725 | return   1606.32 | outcome win             | win_rate(100) 0.610
ep  2480 | epoch  123 | steps  9477680 | return   1564.75 | outcome win             | win_rate(100) 0.620
[epoch  123] env_steps  9477680 | win 18 loss 1 timeout 1 crash 0 other 0 | win_rate(100) 0.620 | feasible 130 | alpha 0.0094 entropy -3.97 | 574 sim steps/s | opp bfm_angles 18/20, BFM 18/20 -> next bfm_angles
ep  2481 | epoch  124 | steps  9483680 | return   -196.16 | outcome timeout         | win_rate(100) 0.610
ep  2482 | epoch  124 | steps  9489680 | return   -212.77 | outcome timeout         | win_rate(100) 0.600
ep  2483 | epoch  124 | steps  9490010 | return   1548.14 | outcome win             | win_rate(100) 0.610
ep  2484 | epoch  124 | steps  9490351 | return   1552.83 | outcome win             | win_rate(100) 0.620
ep  2485 | epoch  124 | steps  9491609 | return   1527.01 | outcome win             | win_rate(100) 0.620
ep  2486 | epoch  124 | steps  9492907 | return   1530.13 | outcome win             | win_rate(100) 0.620
ep  2487 | epoch  124 | steps  9494001 | return   1572.71 | outcome win             | win_rate(100) 0.620
ep  2488 | epoch  124 | steps  9500001 | return   -320.95 | outcome timeout         | win_rate(100) 0.610
ep  2489 | epoch  124 | steps  9506001 | return   -165.40 | outcome timeout         | win_rate(100) 0.600
ep  2490 | epoch  124 | steps  9512001 | return   -166.45 | outcome timeout         | win_rate(100) 0.600
ep  2491 | epoch  124 | steps  9512433 | return   1551.80 | outcome win             | win_rate(100) 0.610
ep  2492 | epoch  124 | steps  9512894 | return   1557.37 | outcome win             | win_rate(100) 0.620
ep  2493 | epoch  124 | steps  9513724 | return   1580.89 | outcome win             | win_rate(100) 0.630
ep  2494 | epoch  124 | steps  9514533 | return   1563.29 | outcome win             | win_rate(100) 0.640
ep  2495 | epoch  124 | steps  9515048 | return   1635.76 | outcome win             | win_rate(100) 0.650
ep  2496 | epoch  124 | steps  9515549 | return   1633.63 | outcome win             | win_rate(100) 0.660
ep  2497 | epoch  124 | steps  9516295 | return   1604.27 | outcome win             | win_rate(100) 0.670
ep  2498 | epoch  124 | steps  9517064 | return   1603.31 | outcome win             | win_rate(100) 0.680
ep  2499 | epoch  124 | steps  9523064 | return   -100.23 | outcome timeout         | win_rate(100) 0.680
ep  2500 | epoch  124 | steps  9523707 | return   1567.91 | outcome win             | win_rate(100) 0.680
[epoch  124] env_steps  9523707 | win 14 loss 0 timeout 6 crash 0 other 0 | win_rate(100) 0.680 | feasible 132 | alpha 0.0093 entropy -4.00 | 561 sim steps/s | opp bfm_angles 14/20, BFM 14/20 -> next bfm_angles
ep  2501 | epoch  125 | steps  9524216 | return   1546.50 | outcome win             | win_rate(100) 0.680
ep  2502 | epoch  125 | steps  9524726 | return   1552.49 | outcome win             | win_rate(100) 0.680
ep  2503 | epoch  125 | steps  9525389 | return   1619.64 | outcome win             | win_rate(100) 0.690
ep  2504 | epoch  125 | steps  9526065 | return   1623.92 | outcome win             | win_rate(100) 0.700
ep  2505 | epoch  125 | steps  9526865 | return   1662.94 | outcome win             | win_rate(100) 0.710
ep  2506 | epoch  125 | steps  9527802 | return   1669.19 | outcome win             | win_rate(100) 0.720
ep  2507 | epoch  125 | steps  9528138 | return   1535.63 | outcome win             | win_rate(100) 0.720
ep  2508 | epoch  125 | steps  9528473 | return   1531.66 | outcome win             | win_rate(100) 0.720
ep  2509 | epoch  125 | steps  9534473 | return   -146.96 | outcome timeout         | win_rate(100) 0.720
ep  2510 | epoch  125 | steps  9540473 | return   -160.93 | outcome timeout         | win_rate(100) 0.720
ep  2511 | epoch  125 | steps  9540860 | return   1555.00 | outcome win             | win_rate(100) 0.720
ep  2512 | epoch  125 | steps  9541243 | return   1561.32 | outcome win             | win_rate(100) 0.720
ep  2513 | epoch  125 | steps  9541766 | return   1562.47 | outcome win             | win_rate(100) 0.720
ep  2514 | epoch  125 | steps  9547766 | return   -105.85 | outcome timeout         | win_rate(100) 0.720
ep  2515 | epoch  125 | steps  9548417 | return   1554.58 | outcome win             | win_rate(100) 0.720
ep  2516 | epoch  125 | steps  9549078 | return   1553.69 | outcome win             | win_rate(100) 0.730
ep  2517 | epoch  125 | steps  9550235 | return   1553.50 | outcome win             | win_rate(100) 0.730
ep  2518 | epoch  125 | steps  9551455 | return   1583.21 | outcome win             | win_rate(100) 0.730
ep  2519 | epoch  125 | steps  9553077 | return   -988.83 | outcome loss            | win_rate(100) 0.730
ep  2520 | epoch  125 | steps  9554714 | return   1561.22 | outcome win             | win_rate(100) 0.740
[epoch  125] env_steps  9554714 | win 16 loss 1 timeout 3 crash 0 other 0 | win_rate(100) 0.740 | feasible 134 | alpha 0.0093 entropy -4.00 | 564 sim steps/s | opp bfm_angles 16/20, BFM 16/20 -> next bfm_angles
ep  2521 | epoch  126 | steps  9555378 | return   1565.94 | outcome win             | win_rate(100) 0.740
ep  2522 | epoch  126 | steps  9556059 | return   1579.45 | outcome win             | win_rate(100) 0.740
ep  2523 | epoch  126 | steps  9556835 | return   1603.81 | outcome win             | win_rate(100) 0.750
ep  2524 | epoch  126 | steps  9557618 | return   1598.48 | outcome win             | win_rate(100) 0.760
ep  2525 | epoch  126 | steps  9558002 | return   1554.87 | outcome win             | win_rate(100) 0.760
ep  2526 | epoch  126 | steps  9558381 | return   1552.29 | outcome win             | win_rate(100) 0.760
ep  2527 | epoch  126 | steps  9558725 | return   1541.20 | outcome win             | win_rate(100) 0.760
ep  2528 | epoch  126 | steps  9559106 | return   1547.20 | outcome win             | win_rate(100) 0.760
ep  2529 | epoch  126 | steps  9559469 | return   1544.15 | outcome win             | win_rate(100) 0.760
ep  2530 | epoch  126 | steps  9559838 | return   1545.53 | outcome win             | win_rate(100) 0.760
ep  2531 | epoch  126 | steps  9565838 | return   -175.62 | outcome timeout         | win_rate(100) 0.760
ep  2532 | epoch  126 | steps  9571838 | return   -382.44 | outcome timeout         | win_rate(100) 0.760
ep  2533 | epoch  126 | steps  9572575 | return   1616.24 | outcome win             | win_rate(100) 0.770
ep  2534 | epoch  126 | steps  9573294 | return   1605.03 | outcome win             | win_rate(100) 0.770
ep  2535 | epoch  126 | steps  9579294 | return    -91.30 | outcome timeout         | win_rate(100) 0.770
ep  2536 | epoch  126 | steps  9585294 | return   -105.73 | outcome timeout         | win_rate(100) 0.770
ep  2537 | epoch  126 | steps  9585599 | return   1548.40 | outcome win             | win_rate(100) 0.770
ep  2538 | epoch  126 | steps  9585903 | return   1545.71 | outcome win             | win_rate(100) 0.770
ep  2539 | epoch  126 | steps  9591903 | return   -735.71 | outcome timeout         | win_rate(100) 0.760
ep  2540 | epoch  126 | steps  9597903 | return   -531.14 | outcome timeout         | win_rate(100) 0.750
[epoch  126] env_steps  9597903 | win 14 loss 0 timeout 6 crash 0 other 0 | win_rate(100) 0.750 | feasible 134 | alpha 0.0097 entropy -4.01 | 571 sim steps/s | opp bfm_angles 14/20, BFM 14/20 -> next bfm_angles
ep  2541 | epoch  127 | steps  9598252 | return   1545.56 | outcome win             | win_rate(100) 0.750
ep  2542 | epoch  127 | steps  9598598 | return   1551.94 | outcome win             | win_rate(100) 0.750
ep  2543 | epoch  127 | steps  9599397 | return   1656.31 | outcome win             | win_rate(100) 0.760
ep  2544 | epoch  127 | steps  9600188 | return   1641.20 | outcome win             | win_rate(100) 0.770
ep  2545 | epoch  127 | steps  9606188 | return    -90.83 | outcome timeout         | win_rate(100) 0.760
ep  2546 | epoch  127 | steps  9607495 | return   1517.19 | outcome win             | win_rate(100) 0.760
ep  2547 | epoch  127 | steps  9609055 | return   1679.97 | outcome win             | win_rate(100) 0.770
ep  2548 | epoch  127 | steps  9609722 | return   1577.64 | outcome win             | win_rate(100) 0.780
ep  2549 | epoch  127 | steps  9610201 | return   1587.46 | outcome win             | win_rate(100) 0.780
ep  2550 | epoch  127 | steps  9610687 | return   1586.77 | outcome win             | win_rate(100) 0.780
ep  2551 | epoch  127 | steps  9611135 | return   1561.22 | outcome win             | win_rate(100) 0.790
ep  2552 | epoch  127 | steps  9611570 | return   1559.28 | outcome win             | win_rate(100) 0.800
ep  2553 | epoch  127 | steps  9612024 | return   1574.87 | outcome win             | win_rate(100) 0.800
ep  2554 | epoch  127 | steps  9612479 | return   1566.58 | outcome win             | win_rate(100) 0.800
ep  2555 | epoch  127 | steps  9613684 | return   1603.78 | outcome win             | win_rate(100) 0.800
ep  2556 | epoch  127 | steps  9614358 | return   -950.48 | outcome loss            | win_rate(100) 0.790
ep  2557 | epoch  127 | steps  9620358 | return    -66.75 | outcome timeout         | win_rate(100) 0.780
ep  2558 | epoch  127 | steps  9626358 | return    -58.44 | outcome timeout         | win_rate(100) 0.770
ep  2559 | epoch  127 | steps  9627780 | return   1577.76 | outcome win             | win_rate(100) 0.780
ep  2560 | epoch  127 | steps  9629225 | return   1580.78 | outcome win             | win_rate(100) 0.780
[epoch  127] env_steps  9629225 | win 16 loss 1 timeout 3 crash 0 other 0 | win_rate(100) 0.780 | feasible 136 | alpha 0.0097 entropy -4.00 | 570 sim steps/s | opp bfm_angles 16/20, BFM 16/20 -> next bfm_angles
ep  2561 | epoch  128 | steps  9629590 | return   1545.21 | outcome win             | win_rate(100) 0.780
ep  2562 | epoch  128 | steps  9629952 | return   1548.64 | outcome win             | win_rate(100) 0.790
ep  2563 | epoch  128 | steps  9635952 | return   -329.64 | outcome timeout         | win_rate(100) 0.780
ep  2564 | epoch  128 | steps  9636399 | return   1543.05 | outcome win             | win_rate(100) 0.780
ep  2565 | epoch  128 | steps  9636987 | return   1579.59 | outcome win             | win_rate(100) 0.780
ep  2566 | epoch  128 | steps  9637573 | return   1602.49 | outcome win             | win_rate(100) 0.780
ep  2567 | epoch  128 | steps  9638429 | return   1639.46 | outcome win             | win_rate(100) 0.780
ep  2568 | epoch  128 | steps  9639308 | return   1646.06 | outcome win             | win_rate(100) 0.780
ep  2569 | epoch  128 | steps  9639652 | return   1553.39 | outcome win             | win_rate(100) 0.780
ep  2570 | epoch  128 | steps  9640006 | return   1554.95 | outcome win             | win_rate(100) 0.780
ep  2571 | epoch  128 | steps  9646006 | return   -510.06 | outcome timeout         | win_rate(100) 0.770
ep  2572 | epoch  128 | steps  9652006 | return   -173.77 | outcome timeout         | win_rate(100) 0.760
ep  2573 | epoch  128 | steps  9652395 | return   1555.08 | outcome win             | win_rate(100) 0.760
ep  2574 | epoch  128 | steps  9652715 | return   1546.15 | outcome win             | win_rate(100) 0.760
ep  2575 | epoch  128 | steps  9658715 | return   -215.74 | outcome timeout         | win_rate(100) 0.750
ep  2576 | epoch  128 | steps  9664715 | return   -157.73 | outcome timeout         | win_rate(100) 0.740
ep  2577 | epoch  128 | steps  9670715 | return    -93.56 | outcome timeout         | win_rate(100) 0.740
ep  2578 | epoch  128 | steps  9676715 | return    -84.79 | outcome timeout         | win_rate(100) 0.730
ep  2579 | epoch  128 | steps  9682715 | return   -147.15 | outcome timeout         | win_rate(100) 0.720
ep  2580 | epoch  128 | steps  9688715 | return    -95.05 | outcome timeout         | win_rate(100) 0.710
[epoch  128] env_steps  9688715 | win 11 loss 0 timeout 9 crash 0 other 0 | win_rate(100) 0.710 | feasible 137 | alpha 0.0100 entropy -4.00 | 567 sim steps/s | opp bfm_angles 11/20, BFM 11/20 -> next bfm_angles
ep  2581 | epoch  129 | steps  9694715 | return   -179.80 | outcome timeout         | win_rate(100) 0.710
ep  2582 | epoch  129 | steps  9700715 | return   -196.65 | outcome timeout         | win_rate(100) 0.710
ep  2583 | epoch  129 | steps  9706715 | return   -171.32 | outcome timeout         | win_rate(100) 0.700
ep  2584 | epoch  129 | steps  9712715 | return   -187.33 | outcome timeout         | win_rate(100) 0.690
ep  2585 | epoch  129 | steps  9713115 | return   1557.84 | outcome win             | win_rate(100) 0.690
ep  2586 | epoch  129 | steps  9713513 | return   1558.16 | outcome win             | win_rate(100) 0.690
ep  2587 | epoch  129 | steps  9714459 | return   1588.06 | outcome win             | win_rate(100) 0.690
ep  2588 | epoch  129 | steps  9715334 | return   1582.40 | outcome win             | win_rate(100) 0.700
ep  2589 | epoch  129 | steps  9721334 | return   -221.86 | outcome timeout         | win_rate(100) 0.700
ep  2590 | epoch  129 | steps  9727334 | return   -178.91 | outcome timeout         | win_rate(100) 0.700
ep  2591 | epoch  129 | steps  9728160 | return   1574.77 | outcome win             | win_rate(100) 0.700
ep  2592 | epoch  129 | steps  9728995 | return   1570.72 | outcome win             | win_rate(100) 0.700
ep  2593 | epoch  129 | steps  9729924 | return   1571.91 | outcome win             | win_rate(100) 0.700
ep  2594 | epoch  129 | steps  9730869 | return   1559.95 | outcome win             | win_rate(100) 0.700
ep  2595 | epoch  129 | steps  9731429 | return   1554.18 | outcome win             | win_rate(100) 0.700
ep  2596 | epoch  129 | steps  9731991 | return   1560.04 | outcome win             | win_rate(100) 0.700
ep  2597 | epoch  129 | steps  9737991 | return   -177.41 | outcome timeout         | win_rate(100) 0.690
ep  2598 | epoch  129 | steps  9743991 | return   -226.95 | outcome timeout         | win_rate(100) 0.680
ep  2599 | epoch  129 | steps  9749991 | return    -64.32 | outcome timeout         | win_rate(100) 0.680
ep  2600 | epoch  129 | steps  9755991 | return   -133.42 | outcome timeout         | win_rate(100) 0.670
[epoch  129] env_steps  9755991 | win 10 loss 0 timeout 10 crash 0 other 0 | win_rate(100) 0.670 | feasible 137 | alpha 0.0108 entropy -4.01 | 573 sim steps/s | opp bfm_angles 10/20, BFM 10/20 -> next bfm_angles
ep  2601 | epoch  130 | steps  9761991 | return   -149.05 | outcome timeout         | win_rate(100) 0.660
ep  2602 | epoch  130 | steps  9767991 | return    -89.75 | outcome timeout         | win_rate(100) 0.650
ep  2603 | epoch  130 | steps  9773991 | return   -120.32 | outcome timeout         | win_rate(100) 0.640
ep  2604 | epoch  130 | steps  9779991 | return   -206.61 | outcome timeout         | win_rate(100) 0.630
ep  2605 | epoch  130 | steps  9780357 | return   -968.45 | outcome loss            | win_rate(100) 0.620
ep  2606 | epoch  130 | steps  9780726 | return   1547.80 | outcome win             | win_rate(100) 0.620
ep  2607 | epoch  130 | steps  9781501 | return   1564.68 | outcome win             | win_rate(100) 0.620
ep  2608 | epoch  130 | steps  9782234 | return   1560.48 | outcome win             | win_rate(100) 0.620
ep  2609 | epoch  130 | steps  9783065 | return   -962.68 | outcome loss            | win_rate(100) 0.620
ep  2610 | epoch  130 | steps  9789065 | return   -217.47 | outcome timeout         | win_rate(100) 0.620
ep  2611 | epoch  130 | steps  9789777 | return   1583.82 | outcome win             | win_rate(100) 0.620
ep  2612 | epoch  130 | steps  9790468 | return   1584.94 | outcome win             | win_rate(100) 0.620
ep  2613 | epoch  130 | steps  9796468 | return   -157.38 | outcome timeout         | win_rate(100) 0.610
ep  2614 | epoch  130 | steps  9802468 | return   -237.78 | outcome timeout         | win_rate(100) 0.610
ep  2615 | epoch  130 | steps  9808468 | return   -149.80 | outcome timeout         | win_rate(100) 0.600
ep  2616 | epoch  130 | steps  9814468 | return   -128.56 | outcome timeout         | win_rate(100) 0.590
ep  2617 | epoch  130 | steps  9820468 | return    -13.57 | outcome timeout         | win_rate(100) 0.580
ep  2618 | epoch  130 | steps  9821069 | return   -963.26 | outcome loss            | win_rate(100) 0.570
ep  2619 | epoch  130 | steps  9821855 | return   1572.01 | outcome win             | win_rate(100) 0.580
ep  2620 | epoch  130 | steps  9823970 | return   1439.07 | outcome win             | win_rate(100) 0.580
[epoch  130] env_steps  9823970 | win 7 loss 3 timeout 10 crash 0 other 0 | win_rate(100) 0.580 | feasible 138 | alpha 0.0117 entropy -4.01 | 573 sim steps/s | opp bfm_angles 7/20, BFM 7/20 -> next bfm_angles
ep  2621 | epoch  131 | steps  9826345 | return  -1122.75 | outcome loss            | win_rate(100) 0.570
ep  2622 | epoch  131 | steps  9826974 | return   1560.41 | outcome win             | win_rate(100) 0.570
ep  2623 | epoch  131 | steps  9827384 | return   1543.11 | outcome win             | win_rate(100) 0.570
ep  2624 | epoch  131 | steps  9827735 | return   1538.71 | outcome win             | win_rate(100) 0.570
ep  2625 | epoch  131 | steps  9828067 | return   1542.15 | outcome win             | win_rate(100) 0.570
ep  2626 | epoch  131 | steps  9828400 | return   1540.50 | outcome win             | win_rate(100) 0.570
ep  2627 | epoch  131 | steps  9834400 | return   -245.88 | outcome timeout         | win_rate(100) 0.560
ep  2628 | epoch  131 | steps  9840400 | return   -262.80 | outcome timeout         | win_rate(100) 0.550
ep  2629 | epoch  131 | steps  9841431 | return  -1006.00 | outcome loss            | win_rate(100) 0.540
ep  2630 | epoch  131 | steps  9842470 | return   -953.14 | outcome loss            | win_rate(100) 0.530
ep  2631 | epoch  131 | steps  9848470 | return   -112.79 | outcome timeout         | win_rate(100) 0.530
ep  2632 | epoch  131 | steps  9849692 | return   1571.74 | outcome win             | win_rate(100) 0.540
ep  2633 | epoch  131 | steps  9850706 | return   1532.13 | outcome win             | win_rate(100) 0.540
ep  2634 | epoch  131 | steps  9851706 | return   1519.89 | outcome win             | win_rate(100) 0.540
ep  2635 | epoch  131 | steps  9857706 | return   -124.93 | outcome timeout         | win_rate(100) 0.540
ep  2636 | epoch  131 | steps  9863706 | return    -87.75 | outcome timeout         | win_rate(100) 0.540
ep  2637 | epoch  131 | steps  9864655 | return   1576.83 | outcome win             | win_rate(100) 0.540
ep  2638 | epoch  131 | steps  9865678 | return   1577.15 | outcome win             | win_rate(100) 0.540
ep  2639 | epoch  131 | steps  9866166 | return   1566.40 | outcome win             | win_rate(100) 0.550
ep  2640 | epoch  131 | steps  9866679 | return   1568.92 | outcome win             | win_rate(100) 0.560
[epoch  131] env_steps  9866679 | win 12 loss 3 timeout 5 crash 0 other 0 | win_rate(100) 0.560 | feasible 140 | alpha 0.0118 entropy -4.00 | 569 sim steps/s | opp bfm_angles 12/20, BFM 12/20 -> next bfm_angles
ep  2641 | epoch  132 | steps  9867034 | return   1550.54 | outcome win             | win_rate(100) 0.560
ep  2642 | epoch  132 | steps  9867392 | return   1554.55 | outcome win             | win_rate(100) 0.560
ep  2643 | epoch  132 | steps  9872279 | return  -1055.78 | outcome loss            | win_rate(100) 0.550
ep  2644 | epoch  132 | steps  9876678 | return  -1057.26 | outcome loss            | win_rate(100) 0.540
ep  2645 | epoch  132 | steps  9877515 | return   1630.19 | outcome win             | win_rate(100) 0.550
ep  2646 | epoch  132 | steps  9878339 | return   1627.64 | outcome win             | win_rate(100) 0.550
ep  2647 | epoch  132 | steps  9878966 | return   1588.87 | outcome win             | win_rate(100) 0.550
ep  2648 | epoch  132 | steps  9879596 | return   1591.03 | outcome win             | win_rate(100) 0.550
ep  2649 | epoch  132 | steps  9879947 | return   1560.65 | outcome win             | win_rate(100) 0.550
ep  2650 | epoch  132 | steps  9880308 | return   1527.52 | outcome win             | win_rate(100) 0.550
ep  2651 | epoch  132 | steps  9880990 | return   1631.56 | outcome win             | win_rate(100) 0.550
ep  2652 | epoch  132 | steps  9881662 | return   1626.01 | outcome win             | win_rate(100) 0.550
ep  2653 | epoch  132 | steps  9882441 | return   1657.81 | outcome win             | win_rate(100) 0.550
ep  2654 | epoch  132 | steps  9883208 | return   1630.71 | outcome win             | win_rate(100) 0.550
ep  2655 | epoch  132 | steps  9883697 | return   1555.01 | outcome win             | win_rate(100) 0.550
ep  2656 | epoch  132 | steps  9884201 | return   1559.87 | outcome win             | win_rate(100) 0.560
ep  2657 | epoch  132 | steps  9890201 | return    -82.49 | outcome timeout         | win_rate(100) 0.560
ep  2658 | epoch  132 | steps  9896201 | return   -171.19 | outcome timeout         | win_rate(100) 0.560
ep  2659 | epoch  132 | steps  9896695 | return   1560.32 | outcome win             | win_rate(100) 0.560
ep  2660 | epoch  132 | steps  9897191 | return   1564.28 | outcome win             | win_rate(100) 0.560
[epoch  132] env_steps  9897191 | win 16 loss 2 timeout 2 crash 0 other 0 | win_rate(100) 0.560 | feasible 140 | alpha 0.0108 entropy -3.98 | 565 sim steps/s | opp bfm_angles 16/20, BFM 16/20 -> next bfm_angles
ep  2661 | epoch  133 | steps  9903191 | return   -186.91 | outcome timeout         | win_rate(100) 0.550
ep  2662 | epoch  133 | steps  9909191 | return   -210.46 | outcome timeout         | win_rate(100) 0.540
ep  2663 | epoch  133 | steps  9910006 | return   1561.33 | outcome win             | win_rate(100) 0.550
ep  2664 | epoch  133 | steps  9910831 | return   1562.37 | outcome win             | win_rate(100) 0.550
ep  2665 | epoch  133 | steps  9916831 | return    -64.38 | outcome timeout         | win_rate(100) 0.540
ep  2666 | epoch  133 | steps  9922831 | return    -62.05 | outcome timeout         | win_rate(100) 0.530
ep  2667 | epoch  133 | steps  9924784 | return   1551.29 | outcome win             | win_rate(100) 0.530
ep  2668 | epoch  133 | steps  9925820 | return   1566.18 | outcome win             | win_rate(100) 0.530
ep  2669 | epoch  133 | steps  9931820 | return   -147.46 | outcome timeout         | win_rate(100) 0.520
ep  2670 | epoch  133 | steps  9937820 | return   -119.76 | outcome timeout         | win_rate(100) 0.510
ep  2671 | epoch  133 | steps  9943820 | return   -162.13 | outcome timeout         | win_rate(100) 0.510
ep  2672 | epoch  133 | steps  9949820 | return   -160.18 | outcome timeout         | win_rate(100) 0.510
ep  2673 | epoch  133 | steps  9955820 | return    128.68 | outcome timeout         | win_rate(100) 0.500
ep  2674 | epoch  133 | steps  9956711 | return   1645.39 | outcome win             | win_rate(100) 0.500
ep  2675 | epoch  133 | steps  9962711 | return   -189.65 | outcome timeout         | win_rate(100) 0.500
ep  2676 | epoch  133 | steps  9968711 | return   -161.07 | outcome timeout         | win_rate(100) 0.500
ep  2677 | epoch  133 | steps  9969035 | return   1556.68 | outcome win             | win_rate(100) 0.510
ep  2678 | epoch  133 | steps  9969288 | return   1536.31 | outcome win             | win_rate(100) 0.520
ep  2679 | epoch  133 | steps  9971868 | return   -977.44 | outcome loss            | win_rate(100) 0.520
ep  2680 | epoch  133 | steps  9977868 | return    -47.47 | outcome timeout         | win_rate(100) 0.520
[epoch  133] env_steps  9977868 | win 7 loss 1 timeout 12 crash 0 other 0 | win_rate(100) 0.520 | feasible 141 | alpha 0.0151 entropy -4.02 | 570 sim steps/s | opp bfm_angles 7/20, BFM 7/20 -> next bfm_angles
ep  2681 | epoch  134 | steps  9983868 | return    -78.31 | outcome timeout         | win_rate(100) 0.520
ep  2682 | epoch  134 | steps  9989868 | return   -113.27 | outcome timeout         | win_rate(100) 0.520
ep  2683 | epoch  134 | steps  9990804 | return   1592.96 | outcome win             | win_rate(100) 0.530
ep  2684 | epoch  134 | steps  9991725 | return   1544.43 | outcome win             | win_rate(100) 0.540
ep  2685 | epoch  134 | steps  9992547 | return   1649.16 | outcome win             | win_rate(100) 0.540
ep  2686 | epoch  134 | steps  9993391 | return   1643.29 | outcome win             | win_rate(100) 0.540
ep  2687 | epoch  134 | steps  9993882 | return   1559.09 | outcome win             | win_rate(100) 0.540
ep  2688 | epoch  134 | steps  9994373 | return   1569.07 | outcome win             | win_rate(100) 0.540
ep  2689 | epoch  134 | steps 10000373 | return   -179.63 | outcome timeout         | win_rate(100) 0.540
ep  2690 | epoch  134 | steps 10006373 | return   -135.69 | outcome timeout         | win_rate(100) 0.540
ep  2691 | epoch  134 | steps 10007393 | return   1564.10 | outcome win             | win_rate(100) 0.540
ep  2692 | epoch  134 | steps 10008363 | return   1582.37 | outcome win             | win_rate(100) 0.540
ep  2693 | epoch  134 | steps 10008762 | return   1555.08 | outcome win             | win_rate(100) 0.540
ep  2694 | epoch  134 | steps 10009162 | return   1556.69 | outcome win             | win_rate(100) 0.540
ep  2695 | epoch  134 | steps 10015162 | return   -171.28 | outcome timeout         | win_rate(100) 0.530
ep  2696 | epoch  134 | steps 10021162 | return    -62.20 | outcome timeout         | win_rate(100) 0.520
ep  2697 | epoch  134 | steps 10021428 | return   1543.28 | outcome win             | win_rate(100) 0.530
ep  2698 | epoch  134 | steps 10021690 | return   1540.58 | outcome win             | win_rate(100) 0.540
ep  2699 | epoch  134 | steps 10027690 | return   -131.58 | outcome timeout         | win_rate(100) 0.540
ep  2700 | epoch  134 | steps 10033690 | return    -97.81 | outcome timeout         | win_rate(100) 0.540
[epoch  134] env_steps 10033690 | win 12 loss 0 timeout 8 crash 0 other 0 | win_rate(100) 0.540 | feasible 141 | alpha 0.0119 entropy -3.98 | 573 sim steps/s | opp bfm_angles 12/20, BFM 12/20 -> next bfm_angles
ep  2701 | epoch  135 | steps 10034549 | return   1656.10 | outcome win             | win_rate(100) 0.550
ep  2702 | epoch  135 | steps 10035404 | return   1642.90 | outcome win             | win_rate(100) 0.560
ep  2703 | epoch  135 | steps 10035768 | return   1553.92 | outcome win             | win_rate(100) 0.570
ep  2704 | epoch  135 | steps 10036085 | return   1545.59 | outcome win             | win_rate(100) 0.580
ep  2705 | epoch  135 | steps 10042085 | return   -139.83 | outcome timeout         | win_rate(100) 0.580
ep  2706 | epoch  135 | steps 10048085 | return   -201.14 | outcome timeout         | win_rate(100) 0.570
ep  2707 | epoch  135 | steps 10054085 | return   -173.78 | outcome timeout         | win_rate(100) 0.560
ep  2708 | epoch  135 | steps 10060085 | return   -232.81 | outcome timeout         | win_rate(100) 0.550
ep  2709 | epoch  135 | steps 10060526 | return   1547.51 | outcome win             | win_rate(100) 0.560
ep  2710 | epoch  135 | steps 10066526 | return   -212.01 | outcome timeout         | win_rate(100) 0.560
ep  2711 | epoch  135 | steps 10072526 | return    -69.64 | outcome timeout         | win_rate(100) 0.550
ep  2712 | epoch  135 | steps 10078526 | return   -194.40 | outcome timeout         | win_rate(100) 0.540
ep  2713 | epoch  135 | steps 10084526 | return   -159.51 | outcome timeout         | win_rate(100) 0.540
ep  2714 | epoch  135 | steps 10085854 | return   -951.59 | outcome loss            | win_rate(100) 0.540
ep  2715 | epoch  135 | steps 10091854 | return   -278.66 | outcome timeout         | win_rate(100) 0.540
ep  2716 | epoch  135 | steps 10097854 | return   -271.91 | outcome timeout         | win_rate(100) 0.540
ep  2717 | epoch  135 | steps 10098384 | return   1550.93 | outcome win             | win_rate(100) 0.550
ep  2718 | epoch  135 | steps 10098913 | return   1552.52 | outcome win             | win_rate(100) 0.560
ep  2719 | epoch  135 | steps 10104913 | return   -172.53 | outcome timeout         | win_rate(100) 0.550
ep  2720 | epoch  135 | steps 10110913 | return   -192.49 | outcome timeout         | win_rate(100) 0.540
[epoch  135] env_steps 10110913 | win 7 loss 1 timeout 12 crash 0 other 0 | win_rate(100) 0.540 | feasible 142 | alpha 0.0108 entropy -3.99 | 572 sim steps/s | opp bfm_angles 7/20, BFM 7/20 -> next bfm_angles
ep  2721 | epoch  136 | steps 10111251 | return   1549.54 | outcome win             | win_rate(100) 0.550
ep  2722 | epoch  136 | steps 10111589 | return   1545.33 | outcome win             | win_rate(100) 0.550
ep  2723 | epoch  136 | steps 10117589 | return   -263.20 | outcome timeout         | win_rate(100) 0.540
ep  2724 | epoch  136 | steps 10123589 | return   -224.18 | outcome timeout         | win_rate(100) 0.530
ep  2725 | epoch  136 | steps 10124261 | return   1597.09 | outcome win             | win_rate(100) 0.530
ep  2726 | epoch  136 | steps 10124943 | return   1599.52 | outcome win             | win_rate(100) 0.530
ep  2727 | epoch  136 | steps 10130943 | return   -188.61 | outcome timeout         | win_rate(100) 0.530
ep  2728 | epoch  136 | steps 10136943 | return   -208.50 | outcome timeout         | win_rate(100) 0.530
ep  2729 | epoch  136 | steps 10142943 | return   -236.99 | outcome timeout         | win_rate(100) 0.530
ep  2730 | epoch  136 | steps 10148943 | return   -239.05 | outcome timeout         | win_rate(100) 0.530
ep  2731 | epoch  136 | steps 10149874 | return   1644.40 | outcome win             | win_rate(100) 0.540
ep  2732 | epoch  136 | steps 10155874 | return    -99.18 | outcome timeout         | win_rate(100) 0.530
ep  2733 | epoch  136 | steps 10161874 | return    -39.97 | outcome timeout         | win_rate(100) 0.520
ep  2734 | epoch  136 | steps 10167874 | return    -95.38 | outcome timeout         | win_rate(100) 0.510
ep  2735 | epoch  136 | steps 10169618 | return   -912.57 | outcome loss            | win_rate(100) 0.510
ep  2736 | epoch  136 | steps 10169964 | return   1545.69 | outcome win             | win_rate(100) 0.520
ep  2737 | epoch  136 | steps 10175964 | return   -246.16 | outcome timeout         | win_rate(100) 0.510
ep  2738 | epoch  136 | steps 10181964 | return   -189.66 | outcome timeout         | win_rate(100) 0.500
ep  2739 | epoch  136 | steps 10187964 | return   -295.61 | outcome timeout         | win_rate(100) 0.490
ep  2740 | epoch  136 | steps 10188802 | return  -1051.44 | outcome loss            | win_rate(100) 0.480
[epoch  136] env_steps 10188802 | win 6 loss 2 timeout 12 crash 0 other 0 | win_rate(100) 0.480 | feasible 144 | alpha 0.0114 entropy -4.01 | 571 sim steps/s | opp bfm_angles 6/20, BFM 6/20 -> next bfm_angles
ep  2741 | epoch  137 | steps 10189514 | return   1581.24 | outcome win             | win_rate(100) 0.480
ep  2742 | epoch  137 | steps 10190253 | return   1581.56 | outcome win             | win_rate(100) 0.480
ep  2743 | epoch  137 | steps 10190706 | return   1575.38 | outcome win             | win_rate(100) 0.490
ep  2744 | epoch  137 | steps 10191173 | return   1581.92 | outcome win             | win_rate(100) 0.500
ep  2745 | epoch  137 | steps 10192532 | return   1554.51 | outcome win             | win_rate(100) 0.500
ep  2746 | epoch  137 | steps 10193882 | return   1567.75 | outcome win             | win_rate(100) 0.500
ep  2747 | epoch  137 | steps 10194184 | return   1550.07 | outcome win             | win_rate(100) 0.500
ep  2748 | epoch  137 | steps 10194492 | return   1547.46 | outcome win             | win_rate(100) 0.500
ep  2749 | epoch  137 | steps 10200492 | return   -204.46 | outcome timeout         | win_rate(100) 0.490
ep  2750 | epoch  137 | steps 10206492 | return   -197.11 | outcome timeout         | win_rate(100) 0.480
ep  2751 | epoch  137 | steps 10212492 | return   -149.47 | outcome timeout         | win_rate(100) 0.470
ep  2752 | epoch  137 | steps 10218492 | return   -144.64 | outcome timeout         | win_rate(100) 0.460
ep  2753 | epoch  137 | steps 10219360 | return   1649.97 | outcome win             | win_rate(100) 0.460
ep  2754 | epoch  137 | steps 10222006 | return   1868.79 | outcome win             | win_rate(100) 0.460
ep  2755 | epoch  137 | steps 10228006 | return   -147.52 | outcome timeout         | win_rate(100) 0.450
ep  2756 | epoch  137 | steps 10234006 | return   -197.17 | outcome timeout         | win_rate(100) 0.440
ep  2757 | epoch  137 | steps 10240006 | return   -167.79 | outcome timeout         | win_rate(100) 0.440
ep  2758 | epoch  137 | steps 10246006 | return   -195.73 | outcome timeout         | win_rate(100) 0.440
ep  2759 | epoch  137 | steps 10252006 | return   -159.76 | outcome timeout         | win_rate(100) 0.430
ep  2760 | epoch  137 | steps 10258006 | return   -173.95 | outcome timeout         | win_rate(100) 0.420
[epoch  137] env_steps 10258006 | win 10 loss 0 timeout 10 crash 0 other 0 | win_rate(100) 0.420 | feasible 144 | alpha 0.0160 entropy -4.03 | 567 sim steps/s | opp bfm_angles 10/20, BFM 10/20 -> next bfm_angles
ep  2761 | epoch  138 | steps 10258773 | return   1551.83 | outcome win             | win_rate(100) 0.430
ep  2762 | epoch  138 | steps 10259536 | return   1550.63 | outcome win             | win_rate(100) 0.440
ep  2763 | epoch  138 | steps 10265536 | return   -309.89 | outcome timeout         | win_rate(100) 0.430
ep  2764 | epoch  138 | steps 10265845 | return   1549.89 | outcome win             | win_rate(100) 0.430
ep  2765 | epoch  138 | steps 10271845 | return   -161.80 | outcome timeout         | win_rate(100) 0.430
ep  2766 | epoch  138 | steps 10273762 | return   -932.05 | outcome loss            | win_rate(100) 0.430
ep  2767 | epoch  138 | steps 10274126 | return   1539.99 | outcome win             | win_rate(100) 0.430
ep  2768 | epoch  138 | steps 10275868 | return   -918.93 | outcome loss            | win_rate(100) 0.420
ep  2769 | epoch  138 | steps 10276277 | return   1552.87 | outcome win             | win_rate(100) 0.430
ep  2770 | epoch  138 | steps 10276696 | return   1557.38 | outcome win             | win_rate(100) 0.440
ep  2771 | epoch  138 | steps 10278616 | return  -1521.37 | outcome crash           | win_rate(100) 0.440
ep  2772 | epoch  138 | steps 10279864 | return   1286.10 | outcome win             | win_rate(100) 0.450
ep  2773 | epoch  138 | steps 10280309 | return   -972.22 | outcome loss            | win_rate(100) 0.450
ep  2774 | epoch  138 | steps 10280738 | return   -966.22 | outcome loss            | win_rate(100) 0.440
ep  2775 | epoch  138 | steps 10280999 | return   1577.22 | outcome win             | win_rate(100) 0.450
ep  2776 | epoch  138 | steps 10281263 | return   1575.94 | outcome win             | win_rate(100) 0.460
ep  2777 | epoch  138 | steps 10286736 | return  -1127.61 | outcome loss            | win_rate(100) 0.450
ep  2778 | epoch  138 | steps 10292736 | return    -44.33 | outcome timeout         | win_rate(100) 0.440
ep  2779 | epoch  138 | steps 10292979 | return   1541.90 | outcome win             | win_rate(100) 0.450
ep  2780 | epoch  138 | steps 10293223 | return   1536.91 | outcome win             | win_rate(100) 0.460
[epoch  138] env_steps 10293223 | win 11 loss 5 timeout 3 crash 1 other 0 | win_rate(100) 0.460 | feasible 147 | alpha 0.0147 entropy -3.99 | 571 sim steps/s | opp bfm_angles 11/20, BFM 11/20 -> next bfm_angles
ep  2781 | epoch  139 | steps 10293530 | return   1542.93 | outcome win             | win_rate(100) 0.470
ep  2782 | epoch  139 | steps 10299530 | return   -127.44 | outcome timeout         | win_rate(100) 0.470
ep  2783 | epoch  139 | steps 10300003 | return   1558.78 | outcome win             | win_rate(100) 0.470
ep  2784 | epoch  139 | steps 10306003 | return    -99.47 | outcome timeout         | win_rate(100) 0.460
ep  2785 | epoch  139 | steps 10312003 | return  -1419.59 | outcome timeout         | win_rate(100) 0.450
ep  2786 | epoch  139 | steps 10312362 | return   1552.21 | outcome win             | win_rate(100) 0.450
ep  2787 | epoch  139 | steps 10318362 | return   -120.83 | outcome timeout         | win_rate(100) 0.440
ep  2788 | epoch  139 | steps 10324362 | return    -78.42 | outcome timeout         | win_rate(100) 0.430
ep  2789 | epoch  139 | steps 10330362 | return   -318.57 | outcome timeout         | win_rate(100) 0.430
ep  2790 | epoch  139 | steps 10336362 | return   -628.71 | outcome timeout         | win_rate(100) 0.430
ep  2791 | epoch  139 | steps 10340434 | return  -1080.97 | outcome loss            | win_rate(100) 0.420
ep  2792 | epoch  139 | steps 10345557 | return  -1076.29 | outcome loss            | win_rate(100) 0.410
ep  2793 | epoch  139 | steps 10351557 | return   -254.53 | outcome timeout         | win_rate(100) 0.400
ep  2794 | epoch  139 | steps 10357557 | return   -255.49 | outcome timeout         | win_rate(100) 0.390
ep  2795 | epoch  139 | steps 10363557 | return  -1310.25 | outcome timeout         | win_rate(100) 0.390
ep  2796 | epoch  139 | steps 10369557 | return   -101.41 | outcome timeout         | win_rate(100) 0.390
ep  2797 | epoch  139 | steps 10375557 | return   -251.96 | outcome timeout         | win_rate(100) 0.380
ep  2798 | epoch  139 | steps 10381557 | return     24.05 | outcome timeout         | win_rate(100) 0.370
ep  2799 | epoch  139 | steps 10382290 | return   1522.64 | outcome win             | win_rate(100) 0.380
ep  2800 | epoch  139 | steps 10383005 | return   1515.91 | outcome win             | win_rate(100) 0.390
[epoch  139] env_steps 10383005 | win 5 loss 2 timeout 13 crash 0 other 0 | win_rate(100) 0.390 | feasible 150 | alpha 0.0172 entropy -4.01 | 569 sim steps/s | opp bfm_angles 5/20, BFM 5/20 -> next bfm_angles
ep  2801 | epoch  140 | steps 10384704 | return  -1272.74 | outcome loss            | win_rate(100) 0.380
ep  2802 | epoch  140 | steps 10390704 | return   -339.67 | outcome timeout         | win_rate(100) 0.370
ep  2803 | epoch  140 | steps 10391591 | return   1558.62 | outcome win             | win_rate(100) 0.370
ep  2804 | epoch  140 | steps 10392477 | return   1556.73 | outcome win             | win_rate(100) 0.370
ep  2805 | epoch  140 | steps 10398477 | return   -340.77 | outcome timeout         | win_rate(100) 0.370
ep  2806 | epoch  140 | steps 10404477 | return   -185.88 | outcome timeout         | win_rate(100) 0.370
ep  2807 | epoch  140 | steps 10410477 | return   -285.34 | outcome timeout         | win_rate(100) 0.370
ep  2808 | epoch  140 | steps 10416477 | return   -275.10 | outcome timeout         | win_rate(100) 0.370
ep  2809 | epoch  140 | steps 10422477 | return   -210.70 | outcome timeout         | win_rate(100) 0.360
ep  2810 | epoch  140 | steps 10428477 | return   -214.26 | outcome timeout         | win_rate(100) 0.360
ep  2811 | epoch  140 | steps 10428821 | return   1552.75 | outcome win             | win_rate(100) 0.370
ep  2812 | epoch  140 | steps 10429163 | return   1547.55 | outcome win             | win_rate(100) 0.380
ep  2813 | epoch  140 | steps 10429681 | return   1578.50 | outcome win             | win_rate(100) 0.390
ep  2814 | epoch  140 | steps 10430184 | return   1579.47 | outcome win             | win_rate(100) 0.400
ep  2815 | epoch  140 | steps 10430663 | return   1540.70 | outcome win             | win_rate(100) 0.410
ep  2816 | epoch  140 | steps 10431075 | return   1544.44 | outcome win             | win_rate(100) 0.420
ep  2817 | epoch  140 | steps 10437075 | return    -59.68 | outcome timeout         | win_rate(100) 0.410
ep  2818 | epoch  140 | steps 10443075 | return    -51.56 | outcome timeout         | win_rate(100) 0.400
ep  2819 | epoch  140 | steps 10443562 | return   1553.58 | outcome win             | win_rate(100) 0.410
ep  2820 | epoch  140 | steps 10444045 | return   1552.54 | outcome win             | win_rate(100) 0.420
[epoch  140] env_steps 10444045 | win 10 loss 1 timeout 9 crash 0 other 0 | win_rate(100) 0.420 | feasible 150 | alpha 0.0170 entropy -4.00 | 573 sim steps/s | opp bfm_angles 10/20, BFM 10/20 -> next bfm_angles
ep  2821 | epoch  141 | steps 10444413 | return   1543.26 | outcome win             | win_rate(100) 0.420
ep  2822 | epoch  141 | steps 10444773 | return   1553.39 | outcome win             | win_rate(100) 0.420
ep  2823 | epoch  141 | steps 10450773 | return   -356.28 | outcome timeout         | win_rate(100) 0.420
ep  2824 | epoch  141 | steps 10456773 | return   -216.69 | outcome timeout         | win_rate(100) 0.420
ep  2825 | epoch  141 | steps 10462773 | return   -173.14 | outcome timeout         | win_rate(100) 0.410
ep  2826 | epoch  141 | steps 10468773 | return   -135.20 | outcome timeout         | win_rate(100) 0.400
ep  2827 | epoch  141 | steps 10469191 | return   1540.89 | outcome win             | win_rate(100) 0.410
ep  2828 | epoch  141 | steps 10469608 | return   -987.63 | outcome loss            | win_rate(100) 0.410
ep  2829 | epoch  141 | steps 10475608 | return   -250.13 | outcome timeout         | win_rate(100) 0.410
ep  2830 | epoch  141 | steps 10481608 | return   -219.95 | outcome timeout         | win_rate(100) 0.410
ep  2831 | epoch  141 | steps 10487608 | return   -158.85 | outcome timeout         | win_rate(100) 0.400
ep  2832 | epoch  141 | steps 10493608 | return   -139.71 | outcome timeout         | win_rate(100) 0.400
ep  2833 | epoch  141 | steps 10494039 | return   -981.81 | outcome loss            | win_rate(100) 0.400
ep  2834 | epoch  141 | steps 10494526 | return  -1021.51 | outcome loss            | win_rate(100) 0.400
ep  2835 | epoch  141 | steps 10500526 | return      2.84 | outcome timeout         | win_rate(100) 0.400
ep  2836 | epoch  141 | steps 10501885 | return   1524.24 | outcome win             | win_rate(100) 0.400
ep  2837 | epoch  141 | steps 10507885 | return   -149.30 | outcome timeout         | win_rate(100) 0.400
ep  2838 | epoch  141 | steps 10512864 | return  -1073.93 | outcome loss            | win_rate(100) 0.400
ep  2839 | epoch  141 | steps 10518224 | return  -1013.02 | outcome loss            | win_rate(100) 0.400
ep  2840 | epoch  141 | steps 10524224 | return   -132.78 | outcome timeout         | win_rate(100) 0.400
[epoch  141] env_steps 10524224 | win 4 loss 5 timeout 11 crash 0 other 0 | win_rate(100) 0.400 | feasible 152 | alpha 0.0145 entropy -3.99 | 564 sim steps/s | opp bfm_angles 4/20, BFM 4/20 -> next bfm_angles
ep  2841 | epoch  142 | steps 10530224 | return   -221.04 | outcome timeout         | win_rate(100) 0.390
ep  2842 | epoch  142 | steps 10536224 | return   -232.95 | outcome timeout         | win_rate(100) 0.380
ep  2843 | epoch  142 | steps 10536640 | return   1540.40 | outcome win             | win_rate(100) 0.380
ep  2844 | epoch  142 | steps 10537066 | return   -981.39 | outcome loss            | win_rate(100) 0.370
ep  2845 | epoch  142 | steps 10537436 | return   1541.23 | outcome win             | win_rate(100) 0.370
ep  2846 | epoch  142 | steps 10537804 | return   1548.03 | outcome win             | win_rate(100) 0.370
ep  2847 | epoch  142 | steps 10538101 | return   1544.33 | outcome win             | win_rate(100) 0.370
ep  2848 | epoch  142 | steps 10538397 | return   1548.13 | outcome win             | win_rate(100) 0.370
ep  2849 | epoch  142 | steps 10538757 | return   1543.19 | outcome win             | win_rate(100) 0.380
ep  2850 | epoch  142 | steps 10539123 | return   1545.20 | outcome win             | win_rate(100) 0.390
ep  2851 | epoch  142 | steps 10545123 | return   -220.30 | outcome timeout         | win_rate(100) 0.390
ep  2852 | epoch  142 | steps 10551123 | return   -248.26 | outcome timeout         | win_rate(100) 0.390
ep  2853 | epoch  142 | steps 10551511 | return   1542.94 | outcome win             | win_rate(100) 0.390
ep  2854 | epoch  142 | steps 10551893 | return   1548.98 | outcome win             | win_rate(100) 0.390
ep  2855 | epoch  142 | steps 10552541 | return   1568.95 | outcome win             | win_rate(100) 0.400
ep  2856 | epoch  142 | steps 10558541 | return   -115.70 | outcome timeout         | win_rate(100) 0.400
ep  2857 | epoch  142 | steps 10559002 | return   1554.06 | outcome win             | win_rate(100) 0.410
ep  2858 | epoch  142 | steps 10565002 | return   -169.71 | outcome timeout         | win_rate(100) 0.410
ep  2859 | epoch  142 | steps 10565410 | return   1549.29 | outcome win             | win_rate(100) 0.420
ep  2860 | epoch  142 | steps 10565793 | return   1538.77 | outcome win             | win_rate(100) 0.430
[epoch  142] env_steps 10565793 | win 13 loss 1 timeout 6 crash 0 other 0 | win_rate(100) 0.430 | feasible 155 | alpha 0.0139 entropy -3.99 | 559 sim steps/s | opp bfm_angles 13/20, BFM 13/20 -> next bfm_angles
ep  2861 | epoch  143 | steps 10566121 | return   1547.77 | outcome win             | win_rate(100) 0.430
ep  2862 | epoch  143 | steps 10566444 | return   1548.18 | outcome win             | win_rate(100) 0.430
ep  2863 | epoch  143 | steps 10566883 | return   -979.31 | outcome loss            | win_rate(100) 0.430
ep  2864 | epoch  143 | steps 10567326 | return   -977.24 | outcome loss            | win_rate(100) 0.420
ep  2865 | epoch  143 | steps 10567633 | return   1546.74 | outcome win             | win_rate(100) 0.430
ep  2866 | epoch  143 | steps 10567958 | return   1547.08 | outcome win             | win_rate(100) 0.440
ep  2867 | epoch  143 | steps 10568688 | return   1543.63 | outcome win             | win_rate(100) 0.440
ep  2868 | epoch  143 | steps 10569419 | return   1553.58 | outcome win             | win_rate(100) 0.450
ep  2869 | epoch  143 | steps 10570145 | return   1622.79 | outcome win             | win_rate(100) 0.450
ep  2870 | epoch  143 | steps 10570837 | return   1616.68 | outcome win             | win_rate(100) 0.450
ep  2871 | epoch  143 | steps 10571308 | return   -954.04 | outcome loss            | win_rate(100) 0.450
ep  2872 | epoch  143 | steps 10577308 | return   -122.93 | outcome timeout         | win_rate(100) 0.440
ep  2873 | epoch  143 | steps 10583308 | return   -105.16 | outcome timeout         | win_rate(100) 0.440
ep  2874 | epoch  143 | steps 10589308 | return   -147.57 | outcome timeout         | win_rate(100) 0.440
ep  2875 | epoch  143 | steps 10589562 | return   1544.78 | outcome win             | win_rate(100) 0.440
ep  2876 | epoch  143 | steps 10589773 | return   1535.87 | outcome win             | win_rate(100) 0.440
ep  2877 | epoch  143 | steps 10590786 | return   1562.37 | outcome win             | win_rate(100) 0.450
ep  2878 | epoch  143 | steps 10591821 | return   1546.45 | outcome win             | win_rate(100) 0.460
ep  2879 | epoch  143 | steps 10592689 | return   1532.77 | outcome win             | win_rate(100) 0.460
ep  2880 | epoch  143 | steps 10593569 | return   1527.77 | outcome win             | win_rate(100) 0.460
[epoch  143] env_steps 10593569 | win 14 loss 3 timeout 3 crash 0 other 0 | win_rate(100) 0.460 | feasible 155 | alpha 0.0143 entropy -4.00 | 566 sim steps/s | opp bfm_angles 14/20, BFM 14/20 -> next bfm_angles
ep  2881 | epoch  144 | steps 10599569 | return   -116.47 | outcome timeout         | win_rate(100) 0.450
ep  2882 | epoch  144 | steps 10600798 | return   1533.05 | outcome win             | win_rate(100) 0.460
ep  2883 | epoch  144 | steps 10601210 | return   -978.77 | outcome loss            | win_rate(100) 0.450
ep  2884 | epoch  144 | steps 10601604 | return   -977.21 | outcome loss            | win_rate(100) 0.450
ep  2885 | epoch  144 | steps 10607604 | return   -206.36 | outcome timeout         | win_rate(100) 0.450
ep  2886 | epoch  144 | steps 10613604 | return   -174.59 | outcome timeout         | win_rate(100) 0.440
ep  2887 | epoch  144 | steps 10613923 | return   1548.52 | outcome win             | win_rate(100) 0.450
ep  2888 | epoch  144 | steps 10614241 | return   1549.19 | outcome win             | win_rate(100) 0.460
ep  2889 | epoch  144 | steps 10620241 | return   -208.29 | outcome timeout         | win_rate(100) 0.460
ep  2890 | epoch  144 | steps 10623232 | return  -1033.03 | outcome loss            | win_rate(100) 0.460
ep  2891 | epoch  144 | steps 10623655 | return   1553.31 | outcome win             | win_rate(100) 0.470
ep  2892 | epoch  144 | steps 10624005 | return   1542.42 | outcome win             | win_rate(100) 0.480
ep  2893 | epoch  144 | steps 10630005 | return   -249.66 | outcome timeout         | win_rate(100) 0.480
ep  2894 | epoch  144 | steps 10636005 | return   -248.28 | outcome timeout         | win_rate(100) 0.480
ep  2895 | epoch  144 | steps 10637133 | return   1481.79 | outcome win             | win_rate(100) 0.490
ep  2896 | epoch  144 | steps 10638222 | return   1541.46 | outcome win             | win_rate(100) 0.500
ep  2897 | epoch  144 | steps 10639046 | return   1617.67 | outcome win             | win_rate(100) 0.510
ep  2898 | epoch  144 | steps 10639860 | return   1609.36 | outcome win             | win_rate(100) 0.520
ep  2899 | epoch  144 | steps 10640219 | return   1551.21 | outcome win             | win_rate(100) 0.520
ep  2900 | epoch  144 | steps 10643301 | return  -1043.23 | outcome loss            | win_rate(100) 0.510
[epoch  144] env_steps 10643301 | win 10 loss 4 timeout 6 crash 0 other 0 | win_rate(100) 0.510 | feasible 157 | alpha 0.0124 entropy -3.98 | 567 sim steps/s | opp bfm_angles 10/20, BFM 10/20 -> next bfm_angles
ep  2901 | epoch  145 | steps 10645222 | return   -994.86 | outcome loss            | win_rate(100) 0.510
ep  2902 | epoch  145 | steps 10648779 | return  -1066.55 | outcome loss            | win_rate(100) 0.510
ep  2903 | epoch  145 | steps 10649518 | return   1558.53 | outcome win             | win_rate(100) 0.510
ep  2904 | epoch  145 | steps 10650262 | return   1535.28 | outcome win             | win_rate(100) 0.510
ep  2905 | epoch  145 | steps 10656262 | return   -220.00 | outcome timeout         | win_rate(100) 0.510
ep  2906 | epoch  145 | steps 10662262 | return   -200.02 | outcome timeout         | win_rate(100) 0.510
ep  2907 | epoch  145 | steps 10664612 | return  -1045.45 | outcome loss            | win_rate(100) 0.510
ep  2908 | epoch  145 | steps 10665835 | return  -1008.70 | outcome loss            | win_rate(100) 0.510
ep  2909 | epoch  145 | steps 10668222 | return   -995.72 | outcome loss            | win_rate(100) 0.510
ep  2910 | epoch  145 | steps 10670488 | return   -942.43 | outcome loss            | win_rate(100) 0.510
ep  2911 | epoch  145 | steps 10670852 | return   1549.36 | outcome win             | win_rate(100) 0.510
ep  2912 | epoch  145 | steps 10676852 | return   -202.12 | outcome timeout         | win_rate(100) 0.500
ep  2913 | epoch  145 | steps 10679361 | return   -972.72 | outcome loss            | win_rate(100) 0.490
ep  2914 | epoch  145 | steps 10680890 | return   -957.67 | outcome loss            | win_rate(100) 0.480
ep  2915 | epoch  145 | steps 10681407 | return   1568.32 | outcome win             | win_rate(100) 0.480
ep  2916 | epoch  145 | steps 10681918 | return   1566.25 | outcome win             | win_rate(100) 0.480
ep  2917 | epoch  145 | steps 10684755 | return   1541.12 | outcome win             | win_rate(100) 0.490
ep  2918 | epoch  145 | steps 10687101 | return  -1011.74 | outcome loss            | win_rate(100) 0.490
ep  2919 | epoch  145 | steps 10687499 | return   1552.39 | outcome win             | win_rate(100) 0.490
ep  2920 | epoch  145 | steps 10687899 | return   1549.15 | outcome win             | win_rate(100) 0.490
[epoch  145] env_steps 10687899 | win 8 loss 9 timeout 3 crash 0 other 0 | win_rate(100) 0.490 | feasible 159 | alpha 0.0135 entropy -4.01 | 573 sim steps/s | opp bfm_angles 8/20, BFM 8/20 -> next bfm_angles
ep  2921 | epoch  146 | steps 10693899 | return    -50.67 | outcome timeout         | win_rate(100) 0.480
ep  2922 | epoch  146 | steps 10695051 | return   1660.76 | outcome win             | win_rate(100) 0.480
ep  2923 | epoch  146 | steps 10699386 | return   1381.25 | outcome win             | win_rate(100) 0.490
ep  2924 | epoch  146 | steps 10700267 | return   1506.31 | outcome win             | win_rate(100) 0.500
ep  2925 | epoch  146 | steps 10706267 | return   -283.24 | outcome timeout         | win_rate(100) 0.500
ep  2926 | epoch  146 | steps 10712267 | return   -226.81 | outcome timeout         | win_rate(100) 0.500
ep  2927 | epoch  146 | steps 10712620 | return   1552.64 | outcome win             | win_rate(100) 0.500
ep  2928 | epoch  146 | steps 10712965 | return   1549.85 | outcome win             | win_rate(100) 0.510
ep  2929 | epoch  146 | steps 10718965 | return   -181.94 | outcome timeout         | win_rate(100) 0.510
ep  2930 | epoch  146 | steps 10724965 | return   -125.08 | outcome timeout         | win_rate(100) 0.510
ep  2931 | epoch  146 | steps 10730965 | return   -210.16 | outcome timeout         | win_rate(100) 0.510
ep  2932 | epoch  146 | steps 10736965 | return   -257.97 | outcome timeout         | win_rate(100) 0.510
ep  2933 | epoch  146 | steps 10742965 | return   -207.13 | outcome timeout         | win_rate(100) 0.510
ep  2934 | epoch  146 | steps 10748965 | return   -202.17 | outcome timeout         | win_rate(100) 0.510
ep  2935 | epoch  146 | steps 10749457 | return   1558.81 | outcome win             | win_rate(100) 0.520
ep  2936 | epoch  146 | steps 10750024 | return   1568.35 | outcome win             | win_rate(100) 0.520
ep  2937 | epoch  146 | steps 10756024 | return   -193.17 | outcome timeout         | win_rate(100) 0.520
ep  2938 | epoch  146 | steps 10762024 | return   -128.51 | outcome timeout         | win_rate(100) 0.520
ep  2939 | epoch  146 | steps 10762560 | return   1583.31 | outcome win             | win_rate(100) 0.530
ep  2940 | epoch  146 | steps 10763089 | return   1565.77 | outcome win             | win_rate(100) 0.540
[epoch  146] env_steps 10763089 | win 9 loss 0 timeout 11 crash 0 other 0 | win_rate(100) 0.540 | feasible 160 | alpha 0.0117 entropy -3.99 | 551 sim steps/s | opp bfm_angles 9/20, BFM 9/20 -> next bfm_angles
ep  2941 | epoch  147 | steps 10763928 | return   1569.05 | outcome win             | win_rate(100) 0.550
ep  2942 | epoch  147 | steps 10764784 | return   1563.99 | outcome win             | win_rate(100) 0.560
ep  2943 | epoch  147 | steps 10765563 | return   1592.86 | outcome win             | win_rate(100) 0.560
ep  2944 | epoch  147 | steps 10766334 | return   1600.11 | outcome win             | win_rate(100) 0.570
ep  2945 | epoch  147 | steps 10767535 | return   1577.88 | outcome win             | win_rate(100) 0.570
ep  2946 | epoch  147 | steps 10771897 | return   -908.30 | outcome loss            | win_rate(100) 0.560
ep  2947 | epoch  147 | steps 10772535 | return   1587.56 | outcome win             | win_rate(100) 0.560
ep  2948 | epoch  147 | steps 10773184 | return   1588.31 | outcome win             | win_rate(100) 0.560
ep  2949 | epoch  147 | steps 10779184 | return    -95.16 | outcome timeout         | win_rate(100) 0.550
ep  2950 | epoch  147 | steps 10785184 | return    -89.06 | outcome timeout         | win_rate(100) 0.540
ep  2951 | epoch  147 | steps 10785497 | return   1543.43 | outcome win             | win_rate(100) 0.550
ep  2952 | epoch  147 | steps 10785860 | return   1556.55 | outcome win             | win_rate(100) 0.560
ep  2953 | epoch  147 | steps 10791860 | return   -179.27 | outcome timeout         | win_rate(100) 0.550
ep  2954 | epoch  147 | steps 10797860 | return   -213.07 | outcome timeout         | win_rate(100) 0.540
ep  2955 | epoch  147 | steps 10798193 | return   1550.14 | outcome win             | win_rate(100) 0.540
ep  2956 | epoch  147 | steps 10799143 | return   1596.91 | outcome win             | win_rate(100) 0.550
ep  2957 | epoch  147 | steps 10800219 | return  -1071.45 | outcome loss            | win_rate(100) 0.540
ep  2958 | epoch  147 | steps 10806219 | return   -693.24 | outcome timeout         | win_rate(100) 0.540
ep  2959 | epoch  147 | steps 10812219 | return    -76.72 | outcome timeout         | win_rate(100) 0.530
ep  2960 | epoch  147 | steps 10818219 | return    -99.25 | outcome timeout         | win_rate(100) 0.520
[epoch  147] env_steps 10818219 | win 11 loss 2 timeout 7 crash 0 other 0 | win_rate(100) 0.520 | feasible 161 | alpha 0.0110 entropy -3.99 | 566 sim steps/s | opp bfm_angles 11/20, BFM 11/20 -> next bfm_angles
ep  2961 | epoch  148 | steps 10824219 | return    -87.03 | outcome timeout         | win_rate(100) 0.510
ep  2962 | epoch  148 | steps 10826072 | return   -955.28 | outcome loss            | win_rate(100) 0.500
ep  2963 | epoch  148 | steps 10827677 | return   1542.82 | outcome win             | win_rate(100) 0.510
ep  2964 | epoch  148 | steps 10829508 | return   -952.12 | outcome loss            | win_rate(100) 0.510
ep  2965 | epoch  148 | steps 10829867 | return   1548.11 | outcome win             | win_rate(100) 0.510
ep  2966 | epoch  148 | steps 10835867 | return    -78.02 | outcome timeout         | win_rate(100) 0.500
ep  2967 | epoch  148 | steps 10836570 | return   1541.91 | outcome win             | win_rate(100) 0.500
ep  2968 | epoch  148 | steps 10837324 | return   1555.37 | outcome win             | win_rate(100) 0.500
ep  2969 | epoch  148 | steps 10837647 | return   1551.69 | outcome win             | win_rate(100) 0.500
ep  2970 | epoch  148 | steps 10837973 | return   1549.08 | outcome win             | win_rate(100) 0.500
ep  2971 | epoch  148 | steps 10839077 | return   1583.80 | outcome win             | win_rate(100) 0.510
ep  2972 | epoch  148 | steps 10839521 | return   1563.70 | outcome win             | win_rate(100) 0.520
ep  2973 | epoch  148 | steps 10840592 | return   1602.42 | outcome win             | win_rate(100) 0.530
ep  2974 | epoch  148 | steps 10841730 | return   1606.56 | outcome win             | win_rate(100) 0.540
ep  2975 | epoch  148 | steps 10842618 | return   1558.57 | outcome win             | win_rate(100) 0.540
ep  2976 | epoch  148 | steps 10843485 | return   1545.83 | outcome win             | win_rate(100) 0.540
ep  2977 | epoch  148 | steps 10843717 | return   1534.97 | outcome win             | win_rate(100) 0.540
ep  2978 | epoch  148 | steps 10843950 | return   1533.24 | outcome win             | win_rate(100) 0.540
ep  2979 | epoch  148 | steps 10844468 | return   1543.97 | outcome win             | win_rate(100) 0.540
ep  2980 | epoch  148 | steps 10844981 | return   1544.90 | outcome win             | win_rate(100) 0.540
[epoch  148] env_steps 10844981 | win 16 loss 2 timeout 2 crash 0 other 0 | win_rate(100) 0.540 | feasible 163 | alpha 0.0134 entropy -4.05 | 561 sim steps/s | opp bfm_angles 16/20, BFM 16/20 -> next bfm_angles
ep  2981 | epoch  149 | steps 10846141 | return   1582.40 | outcome win             | win_rate(100) 0.550
ep  2982 | epoch  149 | steps 10847290 | return   1586.44 | outcome win             | win_rate(100) 0.550
ep  2983 | epoch  149 | steps 10853290 | return   -155.53 | outcome timeout         | win_rate(100) 0.550
ep  2984 | epoch  149 | steps 10859290 | return   -184.41 | outcome timeout         | win_rate(100) 0.550
ep  2985 | epoch  149 | steps 10865290 | return   -164.87 | outcome timeout         | win_rate(100) 0.550
ep  2986 | epoch  149 | steps 10871290 | return   -164.12 | outcome timeout         | win_rate(100) 0.550
ep  2987 | epoch  149 | steps 10872116 | return   1564.94 | outcome win             | win_rate(100) 0.550
ep  2988 | epoch  149 | steps 10872907 | return   1564.43 | outcome win             | win_rate(100) 0.550
ep  2989 | epoch  149 | steps 10873240 | return   1555.46 | outcome win             | win_rate(100) 0.560
ep  2990 | epoch  149 | steps 10873573 | return   1553.82 | outcome win             | win_rate(100) 0.570
ep  2991 | epoch  149 | steps 10873938 | return   1543.87 | outcome win             | win_rate(100) 0.570
ep  2992 | epoch  149 | steps 10879938 | return   -225.44 | outcome timeout         | win_rate(100) 0.560
ep  2993 | epoch  149 | steps 10880933 | return   1618.81 | outcome win             | win_rate(100) 0.570
ep  2994 | epoch  149 | steps 10881252 | return   1544.84 | outcome win             | win_rate(100) 0.580
ep  2995 | epoch  149 | steps 10887252 | return   -145.17 | outcome timeout         | win_rate(100) 0.570
ep  2996 | epoch  149 | steps 10888075 | return   1560.16 | outcome win             | win_rate(100) 0.570
ep  2997 | epoch  149 | steps 10888487 | return   1544.66 | outcome win             | win_rate(100) 0.570
ep  2998 | epoch  149 | steps 10888899 | return   1556.40 | outcome win             | win_rate(100) 0.570
ep  2999 | epoch  149 | steps 10889464 | return   1559.31 | outcome win             | win_rate(100) 0.570
ep  3000 | epoch  149 | steps 10890069 | return   1577.47 | outcome win             | win_rate(100) 0.580
[epoch  149] env_steps 10890069 | win 14 loss 0 timeout 6 crash 0 other 0 | win_rate(100) 0.580 | feasible 165 | alpha 0.0141 entropy -4.01 | 568 sim steps/s | opp bfm_angles 14/20, BFM 14/20 -> next bfm_angles
ep  3001 | epoch  150 | steps 10890588 | return   1544.17 | outcome win             | win_rate(100) 0.590
ep  3002 | epoch  150 | steps 10891111 | return   -972.57 | outcome loss            | win_rate(100) 0.590
ep  3003 | epoch  150 | steps 10891520 | return   1546.48 | outcome win             | win_rate(100) 0.590
ep  3004 | epoch  150 | steps 10891958 | return   1545.41 | outcome win             | win_rate(100) 0.590
ep  3005 | epoch  150 | steps 10893147 | return   1540.24 | outcome win             | win_rate(100) 0.600
ep  3006 | epoch  150 | steps 10894474 | return   1530.21 | outcome win             | win_rate(100) 0.610
ep  3007 | epoch  150 | steps 10894834 | return   1542.31 | outcome win             | win_rate(100) 0.620
ep  3008 | epoch  150 | steps 10895262 | return   1562.61 | outcome win             | win_rate(100) 0.630
ep  3009 | epoch  150 | steps 10901262 | return   -219.85 | outcome timeout         | win_rate(100) 0.630
ep  3010 | epoch  150 | steps 10907262 | return   -193.65 | outcome timeout         | win_rate(100) 0.630
ep  3011 | epoch  150 | steps 10907913 | return   1561.81 | outcome win             | win_rate(100) 0.630
ep  3012 | epoch  150 | steps 10908571 | return   1566.32 | outcome win             | win_rate(100) 0.640
ep  3013 | epoch  150 | steps 10908919 | return   1543.28 | outcome win             | win_rate(100) 0.650
ep  3014 | epoch  150 | steps 10909274 | return   1551.56 | outcome win             | win_rate(100) 0.660
ep  3015 | epoch  150 | steps 10909572 | return   1545.74 | outcome win             | win_rate(100) 0.660
ep  3016 | epoch  150 | steps 10909865 | return   1538.90 | outcome win             | win_rate(100) 0.660
ep  3017 | epoch  150 | steps 10910947 | return   1481.16 | outcome win             | win_rate(100) 0.660
ep  3018 | epoch  150 | steps 10912126 | return   1530.90 | outcome win             | win_rate(100) 0.670
ep  3019 | epoch  150 | steps 10918126 | return    -66.11 | outcome timeout         | win_rate(100) 0.660
ep  3020 | epoch  150 | steps 10920980 | return   1504.60 | outcome win             | win_rate(100) 0.660
[epoch  150] env_steps 10920980 | win 16 loss 1 timeout 3 crash 0 other 0 | win_rate(100) 0.660 | feasible 167 | alpha 0.0115 entropy -3.96 | 565 sim steps/s | opp bfm_angles 16/20, BFM 16/20 -> next bfm_angles
ep  3021 | epoch  151 | steps 10922082 | return   1556.01 | outcome win             | win_rate(100) 0.670
ep  3022 | epoch  151 | steps 10923272 | return   1515.99 | outcome win             | win_rate(100) 0.670
ep  3023 | epoch  151 | steps 10924176 | return   1632.52 | outcome win             | win_rate(100) 0.670
ep  3024 | epoch  151 | steps 10925137 | return   1610.29 | outcome win             | win_rate(100) 0.670
ep  3025 | epoch  151 | steps 10926913 | return   1438.77 | outcome win             | win_rate(100) 0.680
ep  3026 | epoch  151 | steps 10928046 | return   1537.12 | outcome win             | win_rate(100) 0.690
ep  3027 | epoch  151 | steps 10928764 | return   1567.11 | outcome win             | win_rate(100) 0.690
ep  3028 | epoch  151 | steps 10929481 | return   1636.32 | outcome win             | win_rate(100) 0.690
ep  3029 | epoch  151 | steps 10935481 | return   -203.76 | outcome timeout         | win_rate(100) 0.690
ep  3030 | epoch  151 | steps 10941481 | return   -186.62 | outcome timeout         | win_rate(100) 0.690
ep  3031 | epoch  151 | steps 10942788 | return   1435.81 | outcome win             | win_rate(100) 0.700
ep  3032 | epoch  151 | steps 10943183 | return   1547.40 | outcome win             | win_rate(100) 0.710
ep  3033 | epoch  151 | steps 10943604 | return   1546.66 | outcome win             | win_rate(100) 0.720
ep  3034 | epoch  151 | steps 10944009 | return   1535.89 | outcome win             | win_rate(100) 0.730
ep  3035 | epoch  151 | steps 10944889 | return   1622.64 | outcome win             | win_rate(100) 0.730
ep  3036 | epoch  151 | steps 10950889 | return  -1253.90 | outcome timeout         | win_rate(100) 0.720
ep  3037 | epoch  151 | steps 10956889 | return     -6.75 | outcome timeout         | win_rate(100) 0.720
ep  3038 | epoch  151 | steps 10962889 | return    -55.92 | outcome timeout         | win_rate(100) 0.720
ep  3039 | epoch  151 | steps 10964157 | return   1546.04 | outcome win             | win_rate(100) 0.720
ep  3040 | epoch  151 | steps 10968203 | return  -1450.16 | outcome loss            | win_rate(100) 0.710
[epoch  151] env_steps 10968203 | win 14 loss 1 timeout 5 crash 0 other 0 | win_rate(100) 0.710 | feasible 169 | alpha 0.0125 entropy -4.01 | 567 sim steps/s | opp bfm_angles 14/20, BFM 14/20 -> next bfm_angles
ep  3041 | epoch  152 | steps 10974203 | return    -50.12 | outcome timeout         | win_rate(100) 0.700
ep  3042 | epoch  152 | steps 10975506 | return   1533.56 | outcome win             | win_rate(100) 0.700
ep  3043 | epoch  152 | steps 10981506 | return    -89.41 | outcome timeout         | win_rate(100) 0.690
ep  3044 | epoch  152 | steps 10983335 | return   -818.16 | outcome loss            | win_rate(100) 0.680
ep  3045 | epoch  152 | steps 10983725 | return   1551.66 | outcome win             | win_rate(100) 0.680
ep  3046 | epoch  152 | steps 10984095 | return   1553.47 | outcome win             | win_rate(100) 0.690
ep  3047 | epoch  152 | steps 10985291 | return   1597.86 | outcome win             | win_rate(100) 0.690
ep  3048 | epoch  152 | steps 10991291 | return   -237.66 | outcome timeout         | win_rate(100) 0.680
ep  3049 | epoch  152 | steps 10997291 | return   -213.85 | outcome timeout         | win_rate(100) 0.680
ep  3050 | epoch  152 | steps 11003291 | return   -208.58 | outcome timeout         | win_rate(100) 0.680
ep  3051 | epoch  152 | steps 11004664 | return   -993.00 | outcome loss            | win_rate(100) 0.670
ep  3052 | epoch  152 | steps 11005592 | return  -1042.31 | outcome loss            | win_rate(100) 0.660
ep  3053 | epoch  152 | steps 11007495 | return   -976.17 | outcome loss            | win_rate(100) 0.660
ep  3054 | epoch  152 | steps 11013495 | return   -173.99 | outcome timeout         | win_rate(100) 0.660
ep  3055 | epoch  152 | steps 11019495 | return   -132.13 | outcome timeout         | win_rate(100) 0.650
ep  3056 | epoch  152 | steps 11025495 | return   -141.05 | outcome timeout         | win_rate(100) 0.640
ep  3057 | epoch  152 | steps 11031495 | return   -194.42 | outcome timeout         | win_rate(100) 0.640
ep  3058 | epoch  152 | steps 11037495 | return   -172.84 | outcome timeout         | win_rate(100) 0.640
ep  3059 | epoch  152 | steps 11038106 | return   1590.01 | outcome win             | win_rate(100) 0.650
ep  3060 | epoch  152 | steps 11038689 | return   1579.31 | outcome win             | win_rate(100) 0.660
[epoch  152] env_steps 11038689 | win 6 loss 4 timeout 10 crash 0 other 0 | win_rate(100) 0.660 | feasible 171 | alpha 0.0111 entropy -3.99 | 567 sim steps/s | opp bfm_angles 6/20, BFM 6/20 -> next bfm_angles
ep  3061 | epoch  153 | steps 11040217 | return   1289.67 | outcome win             | win_rate(100) 0.670
ep  3062 | epoch  153 | steps 11041211 | return   1524.34 | outcome win             | win_rate(100) 0.680
ep  3063 | epoch  153 | steps 11047211 | return   -237.18 | outcome timeout         | win_rate(100) 0.670
ep  3064 | epoch  153 | steps 11053211 | return   -247.00 | outcome timeout         | win_rate(100) 0.670
ep  3065 | epoch  153 | steps 11053505 | return   1544.32 | outcome win             | win_rate(100) 0.670
ep  3066 | epoch  153 | steps 11053793 | return   1532.59 | outcome win             | win_rate(100) 0.680
ep  3067 | epoch  153 | steps 11059793 | return   -128.92 | outcome timeout         | win_rate(100) 0.670
ep  3068 | epoch  153 | steps 11060257 | return   1559.15 | outcome win             | win_rate(100) 0.670
ep  3069 | epoch  153 | steps 11060916 | return  -1005.10 | outcome loss            | win_rate(100) 0.660
ep  3070 | epoch  153 | steps 11061564 | return  -1019.43 | outcome loss            | win_rate(100) 0.650
ep  3071 | epoch  153 | steps 11062027 | return   1573.78 | outcome win             | win_rate(100) 0.650
ep  3072 | epoch  153 | steps 11062554 | return   1576.16 | outcome win             | win_rate(100) 0.650
ep  3073 | epoch  153 | steps 11062890 | return   1546.38 | outcome win             | win_rate(100) 0.650
ep  3074 | epoch  153 | steps 11063224 | return   1548.65 | outcome win             | win_rate(100) 0.650
ep  3075 | epoch  153 | steps 11069224 | return   -254.34 | outcome timeout         | win_rate(100) 0.640
ep  3076 | epoch  153 | steps 11075224 | return   -262.10 | outcome timeout         | win_rate(100) 0.630
ep  3077 | epoch  153 | steps 11075894 | return   1578.48 | outcome win             | win_rate(100) 0.630
ep  3078 | epoch  153 | steps 11076549 | return   1568.65 | outcome win             | win_rate(100) 0.630
ep  3079 | epoch  153 | steps 11076973 | return   1561.66 | outcome win             | win_rate(100) 0.630
ep  3080 | epoch  153 | steps 11077417 | return   1567.29 | outcome win             | win_rate(100) 0.630
[epoch  153] env_steps 11077417 | win 13 loss 2 timeout 5 crash 0 other 0 | win_rate(100) 0.630 | feasible 172 | alpha 0.0103 entropy -3.99 | 569 sim steps/s | opp bfm_angles 13/20, BFM 13/20 -> next bfm_angles
ep  3081 | epoch  154 | steps 11083417 | return   -297.83 | outcome timeout         | win_rate(100) 0.620
ep  3082 | epoch  154 | steps 11089417 | return   -293.13 | outcome timeout         | win_rate(100) 0.610
ep  3083 | epoch  154 | steps 11089802 | return   1558.62 | outcome win             | win_rate(100) 0.620
ep  3084 | epoch  154 | steps 11090188 | return   1562.15 | outcome win             | win_rate(100) 0.630
ep  3085 | epoch  154 | steps 11090486 | return   1543.05 | outcome win             | win_rate(100) 0.640
ep  3086 | epoch  154 | steps 11090783 | return   1545.37 | outcome win             | win_rate(100) 0.650
ep  3087 | epoch  154 | steps 11096783 | return   -133.18 | outcome timeout         | win_rate(100) 0.640
ep  3088 | epoch  154 | steps 11102783 | return   -160.95 | outcome timeout         | win_rate(100) 0.630
ep  3089 | epoch  154 | steps 11108783 | return   -237.65 | outcome timeout         | win_rate(100) 0.620
ep  3090 | epoch  154 | steps 11114783 | return   -160.59 | outcome timeout         | win_rate(100) 0.610
ep  3091 | epoch  154 | steps 11115171 | return   -970.69 | outcome loss            | win_rate(100) 0.600
ep  3092 | epoch  154 | steps 11115565 | return   -968.42 | outcome loss            | win_rate(100) 0.600
ep  3093 | epoch  154 | steps 11116494 | return   1491.48 | outcome win             | win_rate(100) 0.600
ep  3094 | epoch  154 | steps 11117439 | return   1529.56 | outcome win             | win_rate(100) 0.600
ep  3095 | epoch  154 | steps 11123439 | return    -90.98 | outcome timeout         | win_rate(100) 0.600
ep  3096 | epoch  154 | steps 11129439 | return   -140.78 | outcome timeout         | win_rate(100) 0.590
ep  3097 | epoch  154 | steps 11130759 | return   1515.22 | outcome win             | win_rate(100) 0.590
ep  3098 | epoch  154 | steps 11131158 | return   1559.32 | outcome win             | win_rate(100) 0.590
ep  3099 | epoch  154 | steps 11131625 | return   1592.49 | outcome win             | win_rate(100) 0.590
ep  3100 | epoch  154 | steps 11132177 | return   1609.28 | outcome win             | win_rate(100) 0.590
[epoch  154] env_steps 11132177 | win 10 loss 2 timeout 8 crash 0 other 0 | win_rate(100) 0.590 | feasible 172 | alpha 0.0111 entropy -4.01 | 568 sim steps/s | opp bfm_angles 10/20, BFM 10/20 -> next bfm_angles
ep  3101 | epoch  155 | steps 11132830 | return   1568.12 | outcome win             | win_rate(100) 0.590
ep  3102 | epoch  155 | steps 11133510 | return   1568.56 | outcome win             | win_rate(100) 0.600
ep  3103 | epoch  155 | steps 11134666 | return   1452.19 | outcome win             | win_rate(100) 0.600
ep  3104 | epoch  155 | steps 11140666 | return   -325.33 | outcome timeout         | win_rate(100) 0.590
ep  3105 | epoch  155 | steps 11141536 | return   -995.30 | outcome loss            | win_rate(100) 0.580
ep  3106 | epoch  155 | steps 11147536 | return   -239.91 | outcome timeout         | win_rate(100) 0.570
ep  3107 | epoch  155 | steps 11153536 | return   -152.20 | outcome timeout         | win_rate(100) 0.560
ep  3108 | epoch  155 | steps 11159536 | return   -140.32 | outcome timeout         | win_rate(100) 0.550
ep  3109 | epoch  155 | steps 11160388 | return   1539.17 | outcome win             | win_rate(100) 0.560
ep  3110 | epoch  155 | steps 11161237 | return   1532.66 | outcome win             | win_rate(100) 0.570
ep  3111 | epoch  155 | steps 11162520 | return   1462.74 | outcome win             | win_rate(100) 0.570
ep  3112 | epoch  155 | steps 11163732 | return   1461.51 | outcome win             | win_rate(100) 0.570
ep  3113 | epoch  155 | steps 11169732 | return  -1338.53 | outcome timeout         | win_rate(100) 0.560
ep  3114 | epoch  155 | steps 11171990 | return   1342.27 | outcome win             | win_rate(100) 0.560
ep  3115 | epoch  155 | steps 11177990 | return   -189.20 | outcome timeout         | win_rate(100) 0.550
ep  3116 | epoch  155 | steps 11183990 | return   -247.63 | outcome timeout         | win_rate(100) 0.540
ep  3117 | epoch  155 | steps 11189990 | return   -201.00 | outcome timeout         | win_rate(100) 0.530
ep  3118 | epoch  155 | steps 11195990 | return   -233.28 | outcome timeout         | win_rate(100) 0.520
ep  3119 | epoch  155 | steps 11197000 | return   1513.61 | outcome win             | win_rate(100) 0.530
ep  3120 | epoch  155 | steps 11197904 | return   1520.02 | outcome win             | win_rate(100) 0.530
[epoch  155] env_steps 11197904 | win 10 loss 1 timeout 9 crash 0 other 0 | win_rate(100) 0.530 | feasible 174 | alpha 0.0098 entropy -3.99 | 566 sim steps/s | opp bfm_angles 10/20, BFM 10/20 -> next bfm_angles
ep  3121 | epoch  156 | steps 11203904 | return   -211.41 | outcome timeout         | win_rate(100) 0.520
ep  3122 | epoch  156 | steps 11209904 | return   -195.29 | outcome timeout         | win_rate(100) 0.510
ep  3123 | epoch  156 | steps 11210289 | return   1549.45 | outcome win             | win_rate(100) 0.510
ep  3124 | epoch  156 | steps 11210725 | return   1560.06 | outcome win             | win_rate(100) 0.510
ep  3125 | epoch  156 | steps 11216725 | return   -238.73 | outcome timeout         | win_rate(100) 0.500
ep  3126 | epoch  156 | steps 11222725 | return   -235.57 | outcome timeout         | win_rate(100) 0.490
ep  3127 | epoch  156 | steps 11223106 | return   1561.68 | outcome win             | win_rate(100) 0.490
ep  3128 | epoch  156 | steps 11223489 | return   1558.36 | outcome win             | win_rate(100) 0.490
ep  3129 | epoch  156 | steps 11229489 | return   -162.83 | outcome timeout         | win_rate(100) 0.490
ep  3130 | epoch  156 | steps 11235489 | return   -176.86 | outcome timeout         | win_rate(100) 0.490
ep  3131 | epoch  156 | steps 11241489 | return   -173.88 | outcome timeout         | win_rate(100) 0.480
ep  3132 | epoch  156 | steps 11247489 | return   -193.66 | outcome timeout         | win_rate(100) 0.470
ep  3133 | epoch  156 | steps 11253489 | return   -134.73 | outcome timeout         | win_rate(100) 0.460
ep  3134 | epoch  156 | steps 11259489 | return   -149.08 | outcome timeout         | win_rate(100) 0.450
ep  3135 | epoch  156 | steps 11260276 | return   -979.35 | outcome loss            | win_rate(100) 0.440
ep  3136 | epoch  156 | steps 11261082 | return   -978.86 | outcome loss            | win_rate(100) 0.440
ep  3137 | epoch  156 | steps 11264020 | return  -1648.00 | outcome loss            | win_rate(100) 0.440
ep  3138 | epoch  156 | steps 11270020 | return   -135.55 | outcome timeout         | win_rate(100) 0.440
ep  3139 | epoch  156 | steps 11276020 | return    -95.37 | outcome timeout         | win_rate(100) 0.430
ep  3140 | epoch  156 | steps 11277290 | return   1381.88 | outcome win             | win_rate(100) 0.440
[epoch  156] env_steps 11277290 | win 5 loss 3 timeout 12 crash 0 other 0 | win_rate(100) 0.440 | feasible 175 | alpha 0.0121 entropy -4.02 | 569 sim steps/s | opp bfm_angles 5/20, BFM 5/20 -> next bfm_angles
ep  3141 | epoch  157 | steps 11283290 | return   -125.05 | outcome timeout         | win_rate(100) 0.440
ep  3142 | epoch  157 | steps 11289290 | return   -193.31 | outcome timeout         | win_rate(100) 0.430
ep  3143 | epoch  157 | steps 11289623 | return   -966.35 | outcome loss            | win_rate(100) 0.430
ep  3144 | epoch  157 | steps 11289947 | return   -969.92 | outcome loss            | win_rate(100) 0.430
ep  3145 | epoch  157 | steps 11295947 | return   -231.79 | outcome timeout         | win_rate(100) 0.420
ep  3146 | epoch  157 | steps 11301947 | return   -219.74 | outcome timeout         | win_rate(100) 0.410
ep  3147 | epoch  157 | steps 11302309 | return   1554.21 | outcome win             | win_rate(100) 0.410
ep  3148 | epoch  157 | steps 11303751 | return   1829.33 | outcome win             | win_rate(100) 0.420
ep  3149 | epoch  157 | steps 11304113 | return   -967.38 | outcome loss            | win_rate(100) 0.420
ep  3150 | epoch  157 | steps 11304467 | return   1545.07 | outcome win             | win_rate(100) 0.430
ep  3151 | epoch  157 | steps 11304808 | return   1547.84 | outcome win             | win_rate(100) 0.440
ep  3152 | epoch  157 | steps 11305148 | return   1547.89 | outcome win             | win_rate(100) 0.450
ep  3153 | epoch  157 | steps 11305538 | return   1548.83 | outcome win             | win_rate(100) 0.460
ep  3154 | epoch  157 | steps 11305921 | return   1546.60 | outcome win             | win_rate(100) 0.470
ep  3155 | epoch  157 | steps 11311921 | return   -170.72 | outcome timeout         | win_rate(100) 0.470
ep  3156 | epoch  157 | steps 11317921 | return   -163.62 | outcome timeout         | win_rate(100) 0.470
ep  3157 | epoch  157 | steps 11323921 | return   -218.81 | outcome timeout         | win_rate(100) 0.470
ep  3158 | epoch  157 | steps 11329921 | return   -178.88 | outcome timeout         | win_rate(100) 0.470
ep  3159 | epoch  157 | steps 11331313 | return   1546.58 | outcome win             | win_rate(100) 0.470
ep  3160 | epoch  157 | steps 11337313 | return   -269.20 | outcome timeout         | win_rate(100) 0.460
[epoch  157] env_steps 11337313 | win 8 loss 3 timeout 9 crash 0 other 0 | win_rate(100) 0.460 | feasible 177 | alpha 0.0162 entropy -4.04 | 567 sim steps/s | opp bfm_angles 8/20, BFM 8/20 -> next bfm_angles
ep  3161 | epoch  158 | steps 11338042 | return   1576.45 | outcome win             | win_rate(100) 0.460
ep  3162 | epoch  158 | steps 11338780 | return   1576.33 | outcome win             | win_rate(100) 0.460
ep  3163 | epoch  158 | steps 11339243 | return   1560.84 | outcome win             | win_rate(100) 0.470
ep  3164 | epoch  158 | steps 11339704 | return   1565.73 | outcome win             | win_rate(100) 0.480
ep  3165 | epoch  158 | steps 11340060 | return   -973.08 | outcome loss            | win_rate(100) 0.470
ep  3166 | epoch  158 | steps 11340419 | return   -975.38 | outcome loss            | win_rate(100) 0.460
ep  3167 | epoch  158 | steps 11340808 | return   1548.39 | outcome win             | win_rate(100) 0.470
ep  3168 | epoch  158 | steps 11341197 | return   1550.19 | outcome win             | win_rate(100) 0.470
ep  3169 | epoch  158 | steps 11343271 | return  -1564.29 | outcome crash           | win_rate(100) 0.470
ep  3170 | epoch  158 | steps 11346574 | return    781.58 | outcome win             | win_rate(100) 0.480
ep  3171 | epoch  158 | steps 11346941 | return   1552.22 | outcome win             | win_rate(100) 0.480
ep  3172 | epoch  158 | steps 11347241 | return   1537.77 | outcome win             | win_rate(100) 0.480
ep  3173 | epoch  158 | steps 11347694 | return   1558.83 | outcome win             | win_rate(100) 0.480
ep  3174 | epoch  158 | steps 11348087 | return   1547.70 | outcome win             | win_rate(100) 0.480
ep  3175 | epoch  158 | steps 11354087 | return   -198.48 | outcome timeout         | win_rate(100) 0.480
ep  3176 | epoch  158 | steps 11360087 | return   -242.82 | outcome timeout         | win_rate(100) 0.480
ep  3177 | epoch  158 | steps 11366087 | return   -106.71 | outcome timeout         | win_rate(100) 0.470
ep  3178 | epoch  158 | steps 11372087 | return    -80.79 | outcome timeout         | win_rate(100) 0.460
ep  3179 | epoch  158 | steps 11378087 | return   -204.32 | outcome timeout         | win_rate(100) 0.450
ep  3180 | epoch  158 | steps 11384087 | return   -210.64 | outcome timeout         | win_rate(100) 0.440
[epoch  158] env_steps 11384087 | win 11 loss 2 timeout 6 crash 1 other 0 | win_rate(100) 0.440 | feasible 178 | alpha 0.0132 entropy -3.97 | 570 sim steps/s | opp bfm_angles 11/20, BFM 11/20 -> next bfm_angles
ep  3181 | epoch  159 | steps 11385012 | return   1557.01 | outcome win             | win_rate(100) 0.450
ep  3182 | epoch  159 | steps 11385892 | return   1555.36 | outcome win             | win_rate(100) 0.460
ep  3183 | epoch  159 | steps 11386451 | return   1561.05 | outcome win             | win_rate(100) 0.460
ep  3184 | epoch  159 | steps 11387036 | return   1566.68 | outcome win             | win_rate(100) 0.460
ep  3185 | epoch  159 | steps 11393036 | return   -246.91 | outcome timeout         | win_rate(100) 0.450
ep  3186 | epoch  159 | steps 11399036 | return   -229.27 | outcome timeout         | win_rate(100) 0.440
ep  3187 | epoch  159 | steps 11399400 | return   1546.98 | outcome win             | win_rate(100) 0.450
ep  3188 | epoch  159 | steps 11399767 | return   1544.54 | outcome win             | win_rate(100) 0.460
ep  3189 | epoch  159 | steps 11405767 | return    -42.31 | outcome timeout         | win_rate(100) 0.460
ep  3190 | epoch  159 | steps 11406857 | return   1478.09 | outcome win             | win_rate(100) 0.470
ep  3191 | epoch  159 | steps 11412857 | return   -215.45 | outcome timeout         | win_rate(100) 0.470
ep  3192 | epoch  159 | steps 11418857 | return   -228.62 | outcome timeout         | win_rate(100) 0.470
ep  3193 | epoch  159 | steps 11419575 | return   1623.26 | outcome win             | win_rate(100) 0.470
ep  3194 | epoch  159 | steps 11420288 | return   1628.47 | outcome win             | win_rate(100) 0.470
ep  3195 | epoch  159 | steps 11426288 | return   -257.95 | outcome timeout         | win_rate(100) 0.470
ep  3196 | epoch  159 | steps 11432288 | return   -285.08 | outcome timeout         | win_rate(100) 0.470
ep  3197 | epoch  159 | steps 11433201 | return   1572.99 | outcome win             | win_rate(100) 0.470
ep  3198 | epoch  159 | steps 11434154 | return   1581.44 | outcome win             | win_rate(100) 0.470
ep  3199 | epoch  159 | steps 11440154 | return   -277.33 | outcome timeout         | win_rate(100) 0.460
ep  3200 | epoch  159 | steps 11446154 | return   -257.87 | outcome timeout         | win_rate(100) 0.450
[epoch  159] env_steps 11446154 | win 11 loss 0 timeout 9 crash 0 other 0 | win_rate(100) 0.450 | feasible 179 | alpha 0.0124 entropy -3.99 | 574 sim steps/s | opp bfm_angles 11/20, BFM 11/20 -> next bfm_angles
ep  3201 | epoch  160 | steps 11452154 | return   -273.76 | outcome timeout         | win_rate(100) 0.440
ep  3202 | epoch  160 | steps 11458154 | return   -332.04 | outcome timeout         | win_rate(100) 0.430
ep  3203 | epoch  160 | steps 11461160 | return  -1044.24 | outcome loss            | win_rate(100) 0.420
ep  3204 | epoch  160 | steps 11464616 | return  -1112.73 | outcome loss            | win_rate(100) 0.420
ep  3205 | epoch  160 | steps 11465192 | return   1600.32 | outcome win             | win_rate(100) 0.430
ep  3206 | epoch  160 | steps 11465813 | return   1612.79 | outcome win             | win_rate(100) 0.440
ep  3207 | epoch  160 | steps 11466326 | return   1560.34 | outcome win             | win_rate(100) 0.450
ep  3208 | epoch  160 | steps 11466839 | return   1560.98 | outcome win             | win_rate(100) 0.460
ep  3209 | epoch  160 | steps 11467238 | return   1559.65 | outcome win             | win_rate(100) 0.460
ep  3210 | epoch  160 | steps 11467588 | return   1551.82 | outcome win             | win_rate(100) 0.460
ep  3211 | epoch  160 | steps 11467975 | return   1545.04 | outcome win             | win_rate(100) 0.460
ep  3212 | epoch  160 | steps 11468362 | return   1551.18 | outcome win             | win_rate(100) 0.460
ep  3213 | epoch  160 | steps 11469264 | return   1528.32 | outcome win             | win_rate(100) 0.470
ep  3214 | epoch  160 | steps 11470146 | return  -1006.41 | outcome loss            | win_rate(100) 0.460
ep  3215 | epoch  160 | steps 11476146 | return   -157.28 | outcome timeout         | win_rate(100) 0.460
ep  3216 | epoch  160 | steps 11482146 | return   -165.59 | outcome timeout         | win_rate(100) 0.460
ep  3217 | epoch  160 | steps 11482715 | return   1533.22 | outcome win             | win_rate(100) 0.470
ep  3218 | epoch  160 | steps 11483308 | return   1537.41 | outcome win             | win_rate(100) 0.480
ep  3219 | epoch  160 | steps 11489308 | return   -305.44 | outcome timeout         | win_rate(100) 0.470
ep  3220 | epoch  160 | steps 11495308 | return   -177.06 | outcome timeout         | win_rate(100) 0.460
[epoch  160] env_steps 11495308 | win 11 loss 3 timeout 6 crash 0 other 0 | win_rate(100) 0.460 | feasible 180 | alpha 0.0110 entropy -3.98 | 569 sim steps/s | opp bfm_angles 11/20, BFM 11/20 -> next bfm_angles
ep  3221 | epoch  161 | steps 11501308 | return   -104.53 | outcome timeout         | win_rate(100) 0.460
ep  3222 | epoch  161 | steps 11507308 | return    -65.36 | outcome timeout         | win_rate(100) 0.460
ep  3223 | epoch  161 | steps 11507705 | return   1550.47 | outcome win             | win_rate(100) 0.460
ep  3224 | epoch  161 | steps 11508157 | return   1557.58 | outcome win             | win_rate(100) 0.460
ep  3225 | epoch  161 | steps 11514157 | return   -207.78 | outcome timeout         | win_rate(100) 0.460
ep  3226 | epoch  161 | steps 11514785 | return   1555.18 | outcome win             | win_rate(100) 0.470
ep  3227 | epoch  161 | steps 11515942 | return   1507.83 | outcome win             | win_rate(100) 0.470
ep  3228 | epoch  161 | steps 11517056 | return   1524.58 | outcome win             | win_rate(100) 0.470
ep  3229 | epoch  161 | steps 11517961 | return   1593.44 | outcome win             | win_rate(100) 0.480
ep  3230 | epoch  161 | steps 11518921 | return   1562.20 | outcome win             | win_rate(100) 0.490
ep  3231 | epoch  161 | steps 11519696 | return   1584.61 | outcome win             | win_rate(100) 0.500
ep  3232 | epoch  161 | steps 11525696 | return   -524.73 | outcome timeout         | win_rate(100) 0.500
ep  3233 | epoch  161 | steps 11526856 | return   1569.63 | outcome win             | win_rate(100) 0.510
ep  3234 | epoch  161 | steps 11530185 | return   -935.71 | outcome loss            | win_rate(100) 0.510
ep  3235 | epoch  161 | steps 11530594 | return   1545.92 | outcome win             | win_rate(100) 0.520
ep  3236 | epoch  161 | steps 11531001 | return   1551.44 | outcome win             | win_rate(100) 0.530
ep  3237 | epoch  161 | steps 11535250 | return  -1016.45 | outcome loss            | win_rate(100) 0.530
ep  3238 | epoch  161 | steps 11541031 | return  -1116.91 | outcome loss            | win_rate(100) 0.530
ep  3239 | epoch  161 | steps 11545658 | return  -1078.97 | outcome loss            | win_rate(100) 0.530
ep  3240 | epoch  161 | steps 11550734 | return  -1047.79 | outcome loss            | win_rate(100) 0.520
[epoch  161] env_steps 11550734 | win 11 loss 5 timeout 4 crash 0 other 0 | win_rate(100) 0.520 | feasible 183 | alpha 0.0117 entropy -4.01 | 574 sim steps/s | opp bfm_angles 11/20, BFM 11/20 -> next bfm_angles
ep  3241 | epoch  162 | steps 11551828 | return   1581.33 | outcome win             | win_rate(100) 0.530
ep  3242 | epoch  162 | steps 11557828 | return   -234.01 | outcome timeout         | win_rate(100) 0.530
ep  3243 | epoch  162 | steps 11558698 | return   1576.94 | outcome win             | win_rate(100) 0.540
ep  3244 | epoch  162 | steps 11559559 | return   1572.40 | outcome win             | win_rate(100) 0.550
ep  3245 | epoch  162 | steps 11560884 | return   1567.12 | outcome win             | win_rate(100) 0.560
ep  3246 | epoch  162 | steps 11562205 | return   1570.52 | outcome win             | win_rate(100) 0.570
ep  3247 | epoch  162 | steps 11562635 | return   1556.50 | outcome win             | win_rate(100) 0.570
ep  3248 | epoch  162 | steps 11563054 | return   1553.34 | outcome win             | win_rate(100) 0.570
ep  3249 | epoch  162 | steps 11563424 | return   1559.13 | outcome win             | win_rate(100) 0.580
ep  3250 | epoch  162 | steps 11563795 | return   1556.41 | outcome win             | win_rate(100) 0.580
ep  3251 | epoch  162 | steps 11565198 | return   1556.62 | outcome win             | win_rate(100) 0.580
ep  3252 | epoch  162 | steps 11565587 | return   1545.19 | outcome win             | win_rate(100) 0.580
ep  3253 | epoch  162 | steps 11566120 | return   1585.89 | outcome win             | win_rate(100) 0.580
ep  3254 | epoch  162 | steps 11566650 | return   1585.09 | outcome win             | win_rate(100) 0.580
ep  3255 | epoch  162 | steps 11567065 | return   1549.63 | outcome win             | win_rate(100) 0.590
ep  3256 | epoch  162 | steps 11567479 | return   1550.65 | outcome win             | win_rate(100) 0.600
ep  3257 | epoch  162 | steps 11567807 | return   1539.01 | outcome win             | win_rate(100) 0.610
ep  3258 | epoch  162 | steps 11568174 | return   1545.14 | outcome win             | win_rate(100) 0.620
ep  3259 | epoch  162 | steps 11568654 | return   1567.09 | outcome win             | win_rate(100) 0.620
ep  3260 | epoch  162 | steps 11569144 | return   1556.86 | outcome win             | win_rate(100) 0.630
[epoch  162] env_steps 11569144 | win 19 loss 0 timeout 1 crash 0 other 0 | win_rate(100) 0.630 | feasible 184 | alpha 0.0114 entropy -3.99 | 572 sim steps/s | opp bfm_angles 19/20, BFM 19/20 -> next bfm_angles
ep  3261 | epoch  163 | steps 11572921 | return  -1062.51 | outcome loss            | win_rate(100) 0.620
ep  3262 | epoch  163 | steps 11575680 | return  -1004.86 | outcome loss            | win_rate(100) 0.610
ep  3263 | epoch  163 | steps 11576088 | return   1567.96 | outcome win             | win_rate(100) 0.610
ep  3264 | epoch  163 | steps 11576462 | return   1555.80 | outcome win             | win_rate(100) 0.610
ep  3265 | epoch  163 | steps 11582462 | return    -54.71 | outcome timeout         | win_rate(100) 0.610
ep  3266 | epoch  163 | steps 11587221 | return  -1017.46 | outcome loss            | win_rate(100) 0.610
ep  3267 | epoch  163 | steps 11592343 | return  -1022.65 | outcome loss            | win_rate(100) 0.600
ep  3268 | epoch  163 | steps 11598343 | return    -76.49 | outcome timeout         | win_rate(100) 0.590
ep  3269 | epoch  163 | steps 11598715 | return   1552.10 | outcome win             | win_rate(100) 0.600
ep  3270 | epoch  163 | steps 11599092 | return   1547.84 | outcome win             | win_rate(100) 0.600
ep  3271 | epoch  163 | steps 11600137 | return   1560.80 | outcome win             | win_rate(100) 0.600
ep  3272 | epoch  163 | steps 11606137 | return    -97.90 | outcome timeout         | win_rate(100) 0.590
ep  3273 | epoch  163 | steps 11607068 | return   1565.47 | outcome win             | win_rate(100) 0.590
ep  3274 | epoch  163 | steps 11608079 | return   1576.33 | outcome win             | win_rate(100) 0.590
ep  3275 | epoch  163 | steps 11608687 | return   1564.11 | outcome win             | win_rate(100) 0.600
ep  3276 | epoch  163 | steps 11609292 | return   1563.52 | outcome win             | win_rate(100) 0.610
ep  3277 | epoch  163 | steps 11615292 | return   -109.72 | outcome timeout         | win_rate(100) 0.610
ep  3278 | epoch  163 | steps 11621292 | return    -57.48 | outcome timeout         | win_rate(100) 0.610
ep  3279 | epoch  163 | steps 11627292 | return    -39.93 | outcome timeout         | win_rate(100) 0.610
ep  3280 | epoch  163 | steps 11633292 | return   -123.35 | outcome timeout         | win_rate(100) 0.610
[epoch  163] env_steps 11633292 | win 9 loss 4 timeout 7 crash 0 other 0 | win_rate(100) 0.610 | feasible 185 | alpha 0.0096 entropy -3.98 | 574 sim steps/s | opp bfm_angles 9/20, BFM 9/20 -> next bfm_angles
ep  3281 | epoch  164 | steps 11639292 | return   -139.00 | outcome timeout         | win_rate(100) 0.600
ep  3282 | epoch  164 | steps 11645292 | return   -174.69 | outcome timeout         | win_rate(100) 0.590
ep  3283 | epoch  164 | steps 11651292 | return   -143.61 | outcome timeout         | win_rate(100) 0.580
ep  3284 | epoch  164 | steps 11657292 | return   -113.11 | outcome timeout         | win_rate(100) 0.570
ep  3285 | epoch  164 | steps 11663292 | return   -143.78 | outcome timeout         | win_rate(100) 0.570
ep  3286 | epoch  164 | steps 11669292 | return   -127.55 | outcome timeout         | win_rate(100) 0.570
ep  3287 | epoch  164 | steps 11675292 | return   -238.32 | outcome timeout         | win_rate(100) 0.560
ep  3288 | epoch  164 | steps 11676098 | return  -1032.56 | outcome loss            | win_rate(100) 0.550
ep  3289 | epoch  164 | steps 11682098 | return   -178.78 | outcome timeout         | win_rate(100) 0.550
ep  3290 | epoch  164 | steps 11688098 | return   -158.20 | outcome timeout         | win_rate(100) 0.540
ep  3291 | epoch  164 | steps 11688477 | return   1548.03 | outcome win             | win_rate(100) 0.550
ep  3292 | epoch  164 | steps 11688852 | return   1549.72 | outcome win             | win_rate(100) 0.560
ep  3293 | epoch  164 | steps 11689296 | return   1554.41 | outcome win             | win_rate(100) 0.560
ep  3294 | epoch  164 | steps 11689726 | return   1552.03 | outcome win             | win_rate(100) 0.560
ep  3295 | epoch  164 | steps 11695726 | return    -76.03 | outcome timeout         | win_rate(100) 0.560
ep  3296 | epoch  164 | steps 11697203 | return   1409.17 | outcome win             | win_rate(100) 0.570
ep  3297 | epoch  164 | steps 11697509 | return   1541.48 | outcome win             | win_rate(100) 0.570
ep  3298 | epoch  164 | steps 11697795 | return   1539.52 | outcome win             | win_rate(100) 0.570
ep  3299 | epoch  164 | steps 11698885 | return  -1243.92 | outcome loss            | win_rate(100) 0.570
ep  3300 | epoch  164 | steps 11699919 | return   1506.42 | outcome win             | win_rate(100) 0.580
[epoch  164] env_steps 11699919 | win 8 loss 2 timeout 10 crash 0 other 0 | win_rate(100) 0.580 | feasible 187 | alpha 0.0093 entropy -4.00 | 574 sim steps/s | opp bfm_angles 8/20, BFM 8/20 -> next bfm_angles
ep  3301 | epoch  165 | steps 11705919 | return   -263.84 | outcome timeout         | win_rate(100) 0.580
ep  3302 | epoch  165 | steps 11711919 | return   -378.79 | outcome timeout         | win_rate(100) 0.580
ep  3303 | epoch  165 | steps 11712302 | return   1550.43 | outcome win             | win_rate(100) 0.590
ep  3304 | epoch  165 | steps 11712677 | return   1549.67 | outcome win             | win_rate(100) 0.600
ep  3305 | epoch  165 | steps 11713429 | return   -983.19 | outcome loss            | win_rate(100) 0.590
ep  3306 | epoch  165 | steps 11714019 | return   1552.60 | outcome win             | win_rate(100) 0.590
ep  3307 | epoch  165 | steps 11715592 | return   1814.80 | outcome win             | win_rate(100) 0.590
ep  3308 | epoch  165 | steps 11716404 | return   1647.77 | outcome win             | win_rate(100) 0.590
ep  3309 | epoch  165 | steps 11716897 | return   1565.11 | outcome win             | win_rate(100) 0.590
ep  3310 | epoch  165 | steps 11717370 | return   1577.40 | outcome win             | win_rate(100) 0.590
ep  3311 | epoch  165 | steps 11723370 | return    -54.40 | outcome timeout         | win_rate(100) 0.580
ep  3312 | epoch  165 | steps 11729370 | return   -112.96 | outcome timeout         | win_rate(100) 0.570
ep  3313 | epoch  165 | steps 11735370 | return   -437.16 | outcome timeout         | win_rate(100) 0.560
ep  3314 | epoch  165 | steps 11741370 | return   -303.54 | outcome timeout         | win_rate(100) 0.560
ep  3315 | epoch  165 | steps 11742274 | return   1558.42 | outcome win             | win_rate(100) 0.570
ep  3316 | epoch  165 | steps 11743134 | return   1551.57 | outcome win             | win_rate(100) 0.580
ep  3317 | epoch  165 | steps 11749134 | return   -370.98 | outcome timeout         | win_rate(100) 0.570
ep  3318 | epoch  165 | steps 11755134 | return   -244.34 | outcome timeout         | win_rate(100) 0.560
ep  3319 | epoch  165 | steps 11761134 | return   -149.88 | outcome timeout         | win_rate(100) 0.560
ep  3320 | epoch  165 | steps 11767134 | return   -139.95 | outcome timeout         | win_rate(100) 0.560
[epoch  165] env_steps 11767134 | win 9 loss 1 timeout 10 crash 0 other 0 | win_rate(100) 0.560 | feasible 188 | alpha 0.0094 entropy -4.00 | 571 sim steps/s | opp bfm_angles 9/20, BFM 9/20 -> next bfm_angles
ep  3321 | epoch  166 | steps 11767600 | return   1571.02 | outcome win             | win_rate(100) 0.570
ep  3322 | epoch  166 | steps 11768050 | return   1575.60 | outcome win             | win_rate(100) 0.580
ep  3323 | epoch  166 | steps 11768845 | return   1627.42 | outcome win             | win_rate(100) 0.580
ep  3324 | epoch  166 | steps 11769631 | return   1638.28 | outcome win             | win_rate(100) 0.580
ep  3325 | epoch  166 | steps 11771141 | return   1537.20 | outcome win             | win_rate(100) 0.590
ep  3326 | epoch  166 | steps 11771516 | return   1548.11 | outcome win             | win_rate(100) 0.590
ep  3327 | epoch  166 | steps 11772708 | return  -1142.30 | outcome loss            | win_rate(100) 0.580
ep  3328 | epoch  166 | steps 11773362 | return  -1058.20 | outcome loss            | win_rate(100) 0.570
ep  3329 | epoch  166 | steps 11773986 | return   1554.44 | outcome win             | win_rate(100) 0.570
ep  3330 | epoch  166 | steps 11774587 | return   1547.84 | outcome win             | win_rate(100) 0.570
ep  3331 | epoch  166 | steps 11780587 | return   -155.94 | outcome timeout         | win_rate(100) 0.560
ep  3332 | epoch  166 | steps 11786587 | return   -172.72 | outcome timeout         | win_rate(100) 0.560
ep  3333 | epoch  166 | steps 11792587 | return   -225.09 | outcome timeout         | win_rate(100) 0.550
ep  3334 | epoch  166 | steps 11798587 | return   -193.67 | outcome timeout         | win_rate(100) 0.550
ep  3335 | epoch  166 | steps 11804587 | return   -103.67 | outcome timeout         | win_rate(100) 0.540
ep  3336 | epoch  166 | steps 11805685 | return   1547.63 | outcome win             | win_rate(100) 0.540
ep  3337 | epoch  166 | steps 11806827 | return   1593.98 | outcome win             | win_rate(100) 0.550
ep  3338 | epoch  166 | steps 11807936 | return   1583.45 | outcome win             | win_rate(100) 0.560
ep  3339 | epoch  166 | steps 11813936 | return   -276.15 | outcome timeout         | win_rate(100) 0.560
ep  3340 | epoch  166 | steps 11817936 | return  -1178.33 | outcome loss            | win_rate(100) 0.560
[epoch  166] env_steps 11817936 | win 11 loss 3 timeout 6 crash 0 other 0 | win_rate(100) 0.560 | feasible 189 | alpha 0.0099 entropy -4.01 | 575 sim steps/s | opp bfm_angles 11/20, BFM 11/20 -> next bfm_angles
ep  3341 | epoch  167 | steps 11818320 | return   1550.66 | outcome win             | win_rate(100) 0.560
ep  3342 | epoch  167 | steps 11818706 | return   1552.21 | outcome win             | win_rate(100) 0.570
ep  3343 | epoch  167 | steps 11819058 | return   1543.60 | outcome win             | win_rate(100) 0.570
ep  3344 | epoch  167 | steps 11819451 | return   1558.14 | outcome win             | win_rate(100) 0.570
ep  3345 | epoch  167 | steps 11825451 | return    -74.79 | outcome timeout         | win_rate(100) 0.560
ep  3346 | epoch  167 | steps 11827353 | return   1560.24 | outcome win             | win_rate(100) 0.560
ep  3347 | epoch  167 | steps 11827853 | return   1556.69 | outcome win             | win_rate(100) 0.560
ep  3348 | epoch  167 | steps 11828367 | return   1559.84 | outcome win             | win_rate(100) 0.560
ep  3349 | epoch  167 | steps 11828926 | return   1574.14 | outcome win             | win_rate(100) 0.560
ep  3350 | epoch  167 | steps 11829493 | return   1551.82 | outcome win             | win_rate(100) 0.560
ep  3351 | epoch  167 | steps 11835493 | return   -227.31 | outcome timeout         | win_rate(100) 0.550
ep  3352 | epoch  167 | steps 11840498 | return  -1160.25 | outcome loss            | win_rate(100) 0.540
ep  3353 | epoch  167 | steps 11846498 | return   -107.19 | outcome timeout         | win_rate(100) 0.530
ep  3354 | epoch  167 | steps 11848478 | return   1345.69 | outcome win             | win_rate(100) 0.530
ep  3355 | epoch  167 | steps 11854478 | return   -264.59 | outcome timeout         | win_rate(100) 0.520
ep  3356 | epoch  167 | steps 11860478 | return    -57.36 | outcome timeout         | win_rate(100) 0.510
ep  3357 | epoch  167 | steps 11860840 | return   1567.23 | outcome win             | win_rate(100) 0.510
ep  3358 | epoch  167 | steps 11861205 | return   1561.59 | outcome win             | win_rate(100) 0.510
ep  3359 | epoch  167 | steps 11867205 | return    -91.16 | outcome timeout         | win_rate(100) 0.500
ep  3360 | epoch  167 | steps 11873205 | return   -167.47 | outcome timeout         | win_rate(100) 0.490
[epoch  167] env_steps 11873205 | win 12 loss 1 timeout 7 crash 0 other 0 | win_rate(100) 0.490 | feasible 191 | alpha 0.0101 entropy -4.00 | 562 sim steps/s | opp bfm_angles 12/20, BFM 12/20 -> next bfm_angles
ep  3361 | epoch  168 | steps 11874047 | return   1579.10 | outcome win             | win_rate(100) 0.500
ep  3362 | epoch  168 | steps 11874856 | return   1565.01 | outcome win             | win_rate(100) 0.510
ep  3363 | epoch  168 | steps 11875202 | return   1554.76 | outcome win             | win_rate(100) 0.510
ep  3364 | epoch  168 | steps 11875585 | return   1555.00 | outcome win             | win_rate(100) 0.510
ep  3365 | epoch  168 | steps 11881585 | return   -206.63 | outcome timeout         | win_rate(100) 0.510
ep  3366 | epoch  168 | steps 11887585 | return   -260.43 | outcome timeout         | win_rate(100) 0.510
ep  3367 | epoch  168 | steps 11893585 | return   -236.30 | outcome timeout         | win_rate(100) 0.510
ep  3368 | epoch  168 | steps 11899585 | return   -240.37 | outcome timeout         | win_rate(100) 0.510
ep  3369 | epoch  168 | steps 11905585 | return   -152.20 | outcome timeout         | win_rate(100) 0.500
ep  3370 | epoch  168 | steps 11911585 | return   -236.38 | outcome timeout         | win_rate(100) 0.490
ep  3371 | epoch  168 | steps 11917585 | return   -225.63 | outcome timeout         | win_rate(100) 0.480
ep  3372 | epoch  168 | steps 11923585 | return   -234.93 | outcome timeout         | win_rate(100) 0.480
ep  3373 | epoch  168 | steps 11924493 | return   1663.37 | outcome win             | win_rate(100) 0.480
ep  3374 | epoch  168 | steps 11925402 | return   1661.72 | outcome win             | win_rate(100) 0.480
ep  3375 | epoch  168 | steps 11931402 | return   -186.15 | outcome timeout         | win_rate(100) 0.470
ep  3376 | epoch  168 | steps 11937402 | return   -261.54 | outcome timeout         | win_rate(100) 0.460
ep  3377 | epoch  168 | steps 11943402 | return    -58.52 | outcome timeout         | win_rate(100) 0.460
ep  3378 | epoch  168 | steps 11948242 | return  -4552.84 | outcome crash           | win_rate(100) 0.460
ep  3379 | epoch  168 | steps 11948643 | return   1565.71 | outcome win             | win_rate(100) 0.470
ep  3380 | epoch  168 | steps 11949061 | return   1562.67 | outcome win             | win_rate(100) 0.480
[epoch  168] env_steps 11949061 | win 8 loss 0 timeout 11 crash 1 other 0 | win_rate(100) 0.480 | feasible 191 | alpha 0.0094 entropy -3.99 | 570 sim steps/s | opp bfm_angles 8/20, BFM 8/20 -> next bfm_angles
ep  3381 | epoch  169 | steps 11949429 | return   1550.87 | outcome win             | win_rate(100) 0.490
ep  3382 | epoch  169 | steps 11949798 | return   1548.99 | outcome win             | win_rate(100) 0.500
ep  3383 | epoch  169 | steps 11951341 | return   1487.06 | outcome win             | win_rate(100) 0.510
ep  3384 | epoch  169 | steps 11953798 | return  -1819.88 | outcome loss            | win_rate(100) 0.510
ep  3385 | epoch  169 | steps 11954169 | return   1553.96 | outcome win             | win_rate(100) 0.520
ep  3386 | epoch  169 | steps 11954537 | return   1552.86 | outcome win             | win_rate(100) 0.530
ep  3387 | epoch  169 | steps 11960537 | return   -176.62 | outcome timeout         | win_rate(100) 0.530
ep  3388 | epoch  169 | steps 11961771 | return   1531.44 | outcome win             | win_rate(100) 0.540
ep  3389 | epoch  169 | steps 11967771 | return   -226.25 | outcome timeout         | win_rate(100) 0.540
ep  3390 | epoch  169 | steps 11973771 | return   -248.54 | outcome timeout         | win_rate(100) 0.540
ep  3391 | epoch  169 | steps 11979771 | return   -200.20 | outcome timeout         | win_rate(100) 0.530
ep  3392 | epoch  169 | steps 11985771 | return   -164.84 | outcome timeout         | win_rate(100) 0.520
ep  3393 | epoch  169 | steps 11991771 | return    -80.51 | outcome timeout         | win_rate(100) 0.510
ep  3394 | epoch  169 | steps 11997771 | return     -7.40 | outcome timeout         | win_rate(100) 0.500
ep  3395 | epoch  169 | steps 12003771 | return   -165.99 | outcome timeout         | win_rate(100) 0.500
ep  3396 | epoch  169 | steps 12009771 | return   -181.82 | outcome timeout         | win_rate(100) 0.490
ep  3397 | epoch  169 | steps 12015771 | return   -160.04 | outcome timeout         | win_rate(100) 0.480
ep  3398 | epoch  169 | steps 12021771 | return   -297.37 | outcome timeout         | win_rate(100) 0.470
ep  3399 | epoch  169 | steps 12022783 | return   1538.34 | outcome win             | win_rate(100) 0.480
ep  3400 | epoch  169 | steps 12024542 | return  -1108.13 | outcome loss            | win_rate(100) 0.470
[epoch  169] env_steps 12024542 | win 7 loss 2 timeout 11 crash 0 other 0 | win_rate(100) 0.470 | feasible 194 | alpha 0.0095 entropy -4.00 | 574 sim steps/s | opp bfm_angles 7/20, BFM 7/20 -> next bfm_angles
ep  3401 | epoch  170 | steps 12030542 | return   -166.13 | outcome timeout         | win_rate(100) 0.470
ep  3402 | epoch  170 | steps 12036542 | return   -147.74 | outcome timeout         | win_rate(100) 0.470
ep  3403 | epoch  170 | steps 12042542 | return    -99.95 | outcome timeout         | win_rate(100) 0.460
ep  3404 | epoch  170 | steps 12048542 | return    -94.75 | outcome timeout         | win_rate(100) 0.450
ep  3405 | epoch  170 | steps 12048901 | return   1555.65 | outcome win             | win_rate(100) 0.460
ep  3406 | epoch  170 | steps 12049249 | return   1548.92 | outcome win             | win_rate(100) 0.460
ep  3407 | epoch  170 | steps 12055249 | return   -115.05 | outcome timeout         | win_rate(100) 0.450
ep  3408 | epoch  170 | steps 12061249 | return    -82.28 | outcome timeout         | win_rate(100) 0.440
ep  3409 | epoch  170 | steps 12062162 | return   -984.30 | outcome loss            | win_rate(100) 0.430
ep  3410 | epoch  170 | steps 12063034 | return   1543.93 | outcome win             | win_rate(100) 0.430
ep  3411 | epoch  170 | steps 12063934 | return   1493.82 | outcome win             | win_rate(100) 0.440
ep  3412 | epoch  170 | steps 12064856 | return   1499.70 | outcome win             | win_rate(100) 0.450
ep  3413 | epoch  170 | steps 12070856 | return   -180.22 | outcome timeout         | win_rate(100) 0.450
ep  3414 | epoch  170 | steps 12076856 | return   -205.85 | outcome timeout         | win_rate(100) 0.450
ep  3415 | epoch  170 | steps 12077605 | return   1543.90 | outcome win             | win_rate(100) 0.450
ep  3416 | epoch  170 | steps 12078420 | return   1536.88 | outcome win             | win_rate(100) 0.450
ep  3417 | epoch  170 | steps 12078795 | return   1552.50 | outcome win             | win_rate(100) 0.460
ep  3418 | epoch  170 | steps 12079164 | return   1546.51 | outcome win             | win_rate(100) 0.470
ep  3419 | epoch  170 | steps 12085164 | return   -187.93 | outcome timeout         | win_rate(100) 0.470
ep  3420 | epoch  170 | steps 12091164 | return   -258.72 | outcome timeout         | win_rate(100) 0.470
[epoch  170] env_steps 12091164 | win 9 loss 1 timeout 10 crash 0 other 0 | win_rate(100) 0.470 | feasible 195 | alpha 0.0119 entropy -4.03 | 570 sim steps/s | opp bfm_angles 9/20, BFM 9/20 -> next bfm_angles
ep  3421 | epoch  171 | steps 12094832 | return  -1042.68 | outcome loss            | win_rate(100) 0.460
ep  3422 | epoch  171 | steps 12100832 | return  -1273.65 | outcome timeout         | win_rate(100) 0.450
ep  3423 | epoch  171 | steps 12102053 | return   1455.08 | outcome win             | win_rate(100) 0.450
ep  3424 | epoch  171 | steps 12103126 | return   1504.94 | outcome win             | win_rate(100) 0.450
ep  3425 | epoch  171 | steps 12109126 | return   -341.44 | outcome timeout         | win_rate(100) 0.440
ep  3426 | epoch  171 | steps 12110382 | return   1550.51 | outcome win             | win_rate(100) 0.440
ep  3427 | epoch  171 | steps 12110935 | return   1546.53 | outcome win             | win_rate(100) 0.450
ep  3428 | epoch  171 | steps 12111487 | return   1551.55 | outcome win             | win_rate(100) 0.460
ep  3429 | epoch  171 | steps 12117487 | return   -585.27 | outcome timeout         | win_rate(100) 0.450
ep  3430 | epoch  171 | steps 12123487 | return   -169.48 | outcome timeout         | win_rate(100) 0.440
ep  3431 | epoch  171 | steps 12124517 | return   1556.55 | outcome win             | win_rate(100) 0.450
ep  3432 | epoch  171 | steps 12125553 | return   1559.77 | outcome win             | win_rate(100) 0.460
ep  3433 | epoch  171 | steps 12131553 | return   -230.83 | outcome timeout         | win_rate(100) 0.460
ep  3434 | epoch  171 | steps 12137553 | return   -265.41 | outcome timeout         | win_rate(100) 0.460
ep  3435 | epoch  171 | steps 12143553 | return   -174.04 | outcome timeout         | win_rate(100) 0.460
ep  3436 | epoch  171 | steps 12149553 | return   -187.70 | outcome timeout         | win_rate(100) 0.450
ep  3437 | epoch  171 | steps 12150691 | return   1535.08 | outcome win             | win_rate(100) 0.450
ep  3438 | epoch  171 | steps 12151753 | return   1596.54 | outcome win             | win_rate(100) 0.450
ep  3439 | epoch  171 | steps 12157753 | return   -353.44 | outcome timeout         | win_rate(100) 0.450
ep  3440 | epoch  171 | steps 12163753 | return   -313.96 | outcome timeout         | win_rate(100) 0.450
[epoch  171] env_steps 12163753 | win 9 loss 1 timeout 10 crash 0 other 0 | win_rate(100) 0.450 | feasible 196 | alpha 0.0092 entropy -3.97 | 573 sim steps/s | opp bfm_angles 9/20, BFM 9/20 -> next bfm_angles
ep  3441 | epoch  172 | steps 12164198 | return   1572.73 | outcome win             | win_rate(100) 0.450
ep  3442 | epoch  172 | steps 12164562 | return   1537.28 | outcome win             | win_rate(100) 0.450
ep  3443 | epoch  172 | steps 12165017 | return   1547.30 | outcome win             | win_rate(100) 0.450
ep  3444 | epoch  172 | steps 12165472 | return   1542.34 | outcome win             | win_rate(100) 0.450
ep  3445 | epoch  172 | steps 12166047 | return   1549.06 | outcome win             | win_rate(100) 0.460
ep  3446 | epoch  172 | steps 12166633 | return   1546.30 | outcome win             | win_rate(100) 0.460
ep  3447 | epoch  172 | steps 12172633 | return   -388.75 | outcome timeout         | win_rate(100) 0.450
ep  3448 | epoch  172 | steps 12178633 | return  -1306.25 | outcome timeout         | win_rate(100) 0.440
ep  3449 | epoch  172 | steps 12179049 | return   1551.36 | outcome win             | win_rate(100) 0.440
ep  3450 | epoch  172 | steps 12179465 | return   1558.30 | outcome win             | win_rate(100) 0.440
ep  3451 | epoch  172 | steps 12180638 | return   1557.35 | outcome win             | win_rate(100) 0.450
ep  3452 | epoch  172 | steps 12182808 | return   -962.95 | outcome loss            | win_rate(100) 0.450
ep  3453 | epoch  172 | steps 12183628 | return   1591.70 | outcome win             | win_rate(100) 0.460
ep  3454 | epoch  172 | steps 12184432 | return   1583.86 | outcome win             | win_rate(100) 0.460
ep  3455 | epoch  172 | steps 12190432 | return     -7.70 | outcome timeout         | win_rate(100) 0.460
ep  3456 | epoch  172 | steps 12196432 | return   -124.71 | outcome timeout         | win_rate(100) 0.460
ep  3457 | epoch  172 | steps 12202432 | return   -986.59 | outcome timeout         | win_rate(100) 0.450
ep  3458 | epoch  172 | steps 12207278 | return   -963.85 | outcome loss            | win_rate(100) 0.440
ep  3459 | epoch  172 | steps 12208187 | return   1627.65 | outcome win             | win_rate(100) 0.450
ep  3460 | epoch  172 | steps 12208994 | return   1620.77 | outcome win             | win_rate(100) 0.460
[epoch  172] env_steps 12208994 | win 13 loss 2 timeout 5 crash 0 other 0 | win_rate(100) 0.460 | feasible 197 | alpha 0.0094 entropy -4.00 | 568 sim steps/s | opp bfm_angles 13/20, BFM 13/20 -> next bfm_angles
ep  3461 | epoch  173 | steps 12214994 | return   -146.20 | outcome timeout         | win_rate(100) 0.450
ep  3462 | epoch  173 | steps 12220994 | return   -188.35 | outcome timeout         | win_rate(100) 0.440
ep  3463 | epoch  173 | steps 12222073 | return   1583.02 | outcome win             | win_rate(100) 0.440
ep  3464 | epoch  173 | steps 12222421 | return   1548.97 | outcome win             | win_rate(100) 0.440
ep  3465 | epoch  173 | steps 12223133 | return   1571.60 | outcome win             | win_rate(100) 0.450
ep  3466 | epoch  173 | steps 12223883 | return   1577.38 | outcome win             | win_rate(100) 0.460
ep  3467 | epoch  173 | steps 12224223 | return   1551.97 | outcome win             | win_rate(100) 0.470
ep  3468 | epoch  173 | steps 12224603 | return   1532.38 | outcome win             | win_rate(100) 0.480
ep  3469 | epoch  173 | steps 12224977 | return   1560.94 | outcome win             | win_rate(100) 0.490
ep  3470 | epoch  173 | steps 12225390 | return   1568.42 | outcome win             | win_rate(100) 0.500
ep  3471 | epoch  173 | steps 12226113 | return   1617.54 | outcome win             | win_rate(100) 0.510
ep  3472 | epoch  173 | steps 12229064 | return   1566.93 | outcome win             | win_rate(100) 0.520
ep  3473 | epoch  173 | steps 12235064 | return   -198.73 | outcome timeout         | win_rate(100) 0.510
ep  3474 | epoch  173 | steps 12241064 | return   -195.64 | outcome timeout         | win_rate(100) 0.500
ep  3475 | epoch  173 | steps 12241666 | return   1609.68 | outcome win             | win_rate(100) 0.510
ep  3476 | epoch  173 | steps 12242245 | return   1607.66 | outcome win             | win_rate(100) 0.520
ep  3477 | epoch  173 | steps 12243044 | return   1570.26 | outcome win             | win_rate(100) 0.530
ep  3478 | epoch  173 | steps 12243905 | return   1588.97 | outcome win             | win_rate(100) 0.540
ep  3479 | epoch  173 | steps 12244444 | return   1573.47 | outcome win             | win_rate(100) 0.540
ep  3480 | epoch  173 | steps 12244998 | return   1570.03 | outcome win             | win_rate(100) 0.540
[epoch  173] env_steps 12244998 | win 16 loss 0 timeout 4 crash 0 other 0 | win_rate(100) 0.540 | feasible 197 | alpha 0.0078 entropy -3.96 | 572 sim steps/s | opp bfm_angles 16/20, BFM 16/20 -> next bfm_angles
ep  3481 | epoch  174 | steps 12250998 | return    -48.95 | outcome timeout         | win_rate(100) 0.530
ep  3482 | epoch  174 | steps 12256998 | return    -97.29 | outcome timeout         | win_rate(100) 0.520
ep  3483 | epoch  174 | steps 12257374 | return   1553.66 | outcome win             | win_rate(100) 0.520
ep  3484 | epoch  174 | steps 12257814 | return   1570.09 | outcome win             | win_rate(100) 0.530
ep  3485 | epoch  174 | steps 12263814 | return   -127.17 | outcome timeout         | win_rate(100) 0.520
ep  3486 | epoch  174 | steps 12269814 | return   -101.83 | outcome timeout         | win_rate(100) 0.510
ep  3487 | epoch  174 | steps 12275814 | return   -128.66 | outcome timeout         | win_rate(100) 0.510
ep  3488 | epoch  174 | steps 12281814 | return    -65.39 | outcome timeout         | win_rate(100) 0.500
ep  3489 | epoch  174 | steps 12282343 | return   1556.49 | outcome win             | win_rate(100) 0.510
ep  3490 | epoch  174 | steps 12282860 | return   1554.74 | outcome win             | win_rate(100) 0.520
ep  3491 | epoch  174 | steps 12283247 | return   1549.38 | outcome win             | win_rate(100) 0.530
ep  3492 | epoch  174 | steps 12283638 | return   1551.88 | outcome win             | win_rate(100) 0.540
ep  3493 | epoch  174 | steps 12289638 | return   -194.97 | outcome timeout         | win_rate(100) 0.540
ep  3494 | epoch  174 | steps 12295638 | return   -218.72 | outcome timeout         | win_rate(100) 0.540
ep  3495 | epoch  174 | steps 12296548 | return   1589.68 | outcome win             | win_rate(100) 0.550
ep  3496 | epoch  174 | steps 12297478 | return   1576.15 | outcome win             | win_rate(100) 0.560
ep  3497 | epoch  174 | steps 12298006 | return   1599.07 | outcome win             | win_rate(100) 0.570
ep  3498 | epoch  174 | steps 12298532 | return   1599.97 | outcome win             | win_rate(100) 0.580
ep  3499 | epoch  174 | steps 12299343 | return   1576.35 | outcome win             | win_rate(100) 0.580
ep  3500 | epoch  174 | steps 12300152 | return   1541.66 | outcome win             | win_rate(100) 0.590
[epoch  174] env_steps 12300152 | win 12 loss 0 timeout 8 crash 0 other 0 | win_rate(100) 0.590 | feasible 197 | alpha 0.0064 entropy -3.97 | 574 sim steps/s | opp bfm_angles 12/20, BFM 12/20 -> next bfm_angles
ep  3501 | epoch  175 | steps 12300607 | return   1547.49 | outcome win             | win_rate(100) 0.600
ep  3502 | epoch  175 | steps 12305843 | return   -318.05 | outcome win             | win_rate(100) 0.610
ep  3503 | epoch  175 | steps 12306515 | return   1539.86 | outcome win             | win_rate(100) 0.620
ep  3504 | epoch  175 | steps 12307139 | return   1556.31 | outcome win             | win_rate(100) 0.630
ep  3505 | epoch  175 | steps 12307980 | return   1597.02 | outcome win             | win_rate(100) 0.630
ep  3506 | epoch  175 | steps 12308972 | return   1619.71 | outcome win             | win_rate(100) 0.630
ep  3507 | epoch  175 | steps 12314693 | return  -1053.19 | outcome loss            | win_rate(100) 0.630
ep  3508 | epoch  175 | steps 12320693 | return    -87.21 | outcome timeout         | win_rate(100) 0.630
ep  3509 | epoch  175 | steps 12321737 | return   1561.44 | outcome win             | win_rate(100) 0.640
ep  3510 | epoch  175 | steps 12327737 | return     31.56 | outcome timeout         | win_rate(100) 0.630
ep  3511 | epoch  175 | steps 12333737 | return   -193.58 | outcome timeout         | win_rate(100) 0.620
ep  3512 | epoch  175 | steps 12339737 | return   -186.11 | outcome timeout         | win_rate(100) 0.610
ep  3513 | epoch  175 | steps 12340141 | return   1549.14 | outcome win             | win_rate(100) 0.620
ep  3514 | epoch  175 | steps 12340538 | return   1546.20 | outcome win             | win_rate(100) 0.630
ep  3515 | epoch  175 | steps 12346538 | return   -305.27 | outcome timeout         | win_rate(100) 0.620
ep  3516 | epoch  175 | steps 12350484 | return  -2543.87 | outcome crash           | win_rate(100) 0.610
ep  3517 | epoch  175 | steps 12350904 | return   1530.66 | outcome win             | win_rate(100) 0.610
ep  3518 | epoch  175 | steps 12351326 | return   1526.71 | outcome win             | win_rate(100) 0.610
ep  3519 | epoch  175 | steps 12351928 | return   1552.83 | outcome win             | win_rate(100) 0.620
ep  3520 | epoch  175 | steps 12352559 | return   1558.34 | outcome win             | win_rate(100) 0.630
[epoch  175] env_steps 12352559 | win 13 loss 1 timeout 5 crash 1 other 0 | win_rate(100) 0.630 | feasible 198 | alpha 0.0067 entropy -4.01 | 574 sim steps/s | opp bfm_angles 13/20, BFM 13/20 -> next bfm_angles
ep  3521 | epoch  176 | steps 12358559 | return   -227.93 | outcome timeout         | win_rate(100) 0.630
ep  3522 | epoch  176 | steps 12364559 | return   -137.73 | outcome timeout         | win_rate(100) 0.630
ep  3523 | epoch  176 | steps 12370559 | return   -236.48 | outcome timeout         | win_rate(100) 0.620
ep  3524 | epoch  176 | steps 12374909 | return  -2048.12 | outcome crash           | win_rate(100) 0.610
ep  3525 | epoch  176 | steps 12376149 | return   1572.54 | outcome win             | win_rate(100) 0.620
ep  3526 | epoch  176 | steps 12377296 | return   1605.28 | outcome win             | win_rate(100) 0.620
ep  3527 | epoch  176 | steps 12378187 | return   1524.18 | outcome win             | win_rate(100) 0.620
ep  3528 | epoch  176 | steps 12379090 | return   1513.73 | outcome win             | win_rate(100) 0.620
ep  3529 | epoch  176 | steps 12380024 | return   1520.44 | outcome win             | win_rate(100) 0.630
ep  3530 | epoch  176 | steps 12381078 | return   1550.88 | outcome win             | win_rate(100) 0.640
ep  3531 | epoch  176 | steps 12381977 | return   1560.01 | outcome win             | win_rate(100) 0.640
ep  3532 | epoch  176 | steps 12382976 | return   1563.08 | outcome win             | win_rate(100) 0.640
ep  3533 | epoch  176 | steps 12388976 | return   -190.71 | outcome timeout         | win_rate(100) 0.640
ep  3534 | epoch  176 | steps 12394976 | return   -117.45 | outcome timeout         | win_rate(100) 0.640
ep  3535 | epoch  176 | steps 12395326 | return   -996.00 | outcome loss            | win_rate(100) 0.640
ep  3536 | epoch  176 | steps 12395681 | return   -990.80 | outcome loss            | win_rate(100) 0.640
ep  3537 | epoch  176 | steps 12396554 | return   1678.43 | outcome win             | win_rate(100) 0.640
ep  3538 | epoch  176 | steps 12397279 | return   1666.79 | outcome win             | win_rate(100) 0.640
ep  3539 | epoch  176 | steps 12398179 | return   1571.31 | outcome win             | win_rate(100) 0.650
ep  3540 | epoch  176 | steps 12399080 | return   1574.60 | outcome win             | win_rate(100) 0.660
[epoch  176] env_steps 12399080 | win 12 loss 2 timeout 5 crash 1 other 0 | win_rate(100) 0.660 | feasible 198 | alpha 0.0078 entropy -4.03 | 576 sim steps/s | opp bfm_angles 12/20, BFM 12/20 -> next bfm_angles
ep  3541 | epoch  177 | steps 12399527 | return   1568.81 | outcome win             | win_rate(100) 0.660
ep  3542 | epoch  177 | steps 12399916 | return   1552.71 | outcome win             | win_rate(100) 0.660
ep  3543 | epoch  177 | steps 12403585 | return    101.65 | outcome win             | win_rate(100) 0.660
ep  3544 | epoch  177 | steps 12404574 | return   1524.48 | outcome win             | win_rate(100) 0.660
ep  3545 | epoch  177 | steps 12410574 | return   -176.91 | outcome timeout         | win_rate(100) 0.650
ep  3546 | epoch  177 | steps 12416574 | return   -206.73 | outcome timeout         | win_rate(100) 0.640
ep  3547 | epoch  177 | steps 12417408 | return   1580.20 | outcome win             | win_rate(100) 0.650
ep  3548 | epoch  177 | steps 12418317 | return   1573.59 | outcome win             | win_rate(100) 0.660
ep  3549 | epoch  177 | steps 12418859 | return   1583.92 | outcome win             | win_rate(100) 0.660
ep  3550 | epoch  177 | steps 12419416 | return   1590.84 | outcome win             | win_rate(100) 0.660
ep  3551 | epoch  177 | steps 12425416 | return   -109.80 | outcome timeout         | win_rate(100) 0.650
ep  3552 | epoch  177 | steps 12431416 | return    -47.69 | outcome timeout         | win_rate(100) 0.650
ep  3553 | epoch  177 | steps 12432355 | return   1616.58 | outcome win             | win_rate(100) 0.650
ep  3554 | epoch  177 | steps 12433397 | return   1632.29 | outcome win             | win_rate(100) 0.650
ep  3555 | epoch  177 | steps 12434676 | return   1509.28 | outcome win             | win_rate(100) 0.660
ep  3556 | epoch  177 | steps 12435792 | return   1594.01 | outcome win             | win_rate(100) 0.670
ep  3557 | epoch  177 | steps 12441792 | return   -124.34 | outcome timeout         | win_rate(100) 0.670
ep  3558 | epoch  177 | steps 12447792 | return   -189.03 | outcome timeout         | win_rate(100) 0.670
ep  3559 | epoch  177 | steps 12448070 | return   1544.48 | outcome win             | win_rate(100) 0.670
ep  3560 | epoch  177 | steps 12448349 | return   1542.94 | outcome win             | win_rate(100) 0.670
[epoch  177] env_steps 12448349 | win 14 loss 0 timeout 6 crash 0 other 0 | win_rate(100) 0.670 | feasible 198 | alpha 0.0069 entropy -3.98 | 572 sim steps/s | opp bfm_angles 14/20, BFM 14/20 -> next bfm_angles
ep  3561 | epoch  178 | steps 12449112 | return   1566.63 | outcome win             | win_rate(100) 0.680
ep  3562 | epoch  178 | steps 12449805 | return   1567.26 | outcome win             | win_rate(100) 0.690
ep  3563 | epoch  178 | steps 12450532 | return   1625.94 | outcome win             | win_rate(100) 0.690
ep  3564 | epoch  178 | steps 12451269 | return   1613.55 | outcome win             | win_rate(100) 0.690
ep  3565 | epoch  178 | steps 12452783 | return  -1310.52 | outcome crash           | win_rate(100) 0.680
ep  3566 | epoch  178 | steps 12458783 | return   -537.52 | outcome timeout         | win_rate(100) 0.670
ep  3567 | epoch  178 | steps 12459150 | return   1544.25 | outcome win             | win_rate(100) 0.670
ep  3568 | epoch  178 | steps 12459502 | return   1542.98 | outcome win             | win_rate(100) 0.670
ep  3569 | epoch  178 | steps 12465502 | return    -88.76 | outcome timeout         | win_rate(100) 0.660
ep  3570 | epoch  178 | steps 12466886 | return   1533.95 | outcome win             | win_rate(100) 0.660
ep  3571 | epoch  178 | steps 12472886 | return   -317.28 | outcome timeout         | win_rate(100) 0.650
ep  3572 | epoch  178 | steps 12478886 | return   -264.87 | outcome timeout         | win_rate(100) 0.640
ep  3573 | epoch  178 | steps 12479347 | return   1553.78 | outcome win             | win_rate(100) 0.650
ep  3574 | epoch  178 | steps 12479885 | return   1556.38 | outcome win             | win_rate(100) 0.660
ep  3575 | epoch  178 | steps 12482885 | return   1432.14 | outcome win             | win_rate(100) 0.660
ep  3576 | epoch  178 | steps 12488885 | return   -232.67 | outcome timeout         | win_rate(100) 0.650
ep  3577 | epoch  178 | steps 12494885 | return   -112.32 | outcome timeout         | win_rate(100) 0.640
ep  3578 | epoch  178 | steps 12500885 | return   -206.71 | outcome timeout         | win_rate(100) 0.630
ep  3579 | epoch  178 | steps 12502890 | return  -1020.08 | outcome loss            | win_rate(100) 0.620
ep  3580 | epoch  178 | steps 12505463 | return  -1054.81 | outcome loss            | win_rate(100) 0.610
[epoch  178] env_steps 12505463 | win 10 loss 2 timeout 7 crash 1 other 0 | win_rate(100) 0.610 | feasible 200 | alpha 0.0071 entropy -4.01 | 574 sim steps/s | opp bfm_angles 10/20, BFM 10/20 -> next bfm_angles
ep  3581 | epoch  179 | steps 12505811 | return   1558.44 | outcome win             | win_rate(100) 0.620
ep  3582 | epoch  179 | steps 12506161 | return   1557.65 | outcome win             | win_rate(100) 0.630
ep  3583 | epoch  179 | steps 12512161 | return   -295.41 | outcome timeout         | win_rate(100) 0.620
ep  3584 | epoch  179 | steps 12513592 | return   1490.45 | outcome win             | win_rate(100) 0.620
ep  3585 | epoch  179 | steps 12515425 | return  -1065.03 | outcome loss            | win_rate(100) 0.620
ep  3586 | epoch  179 | steps 12517883 | return  -1072.22 | outcome loss            | win_rate(100) 0.620
ep  3587 | epoch  179 | steps 12518987 | return   1510.87 | outcome win             | win_rate(100) 0.630
ep  3588 | epoch  179 | steps 12520018 | return   1537.27 | outcome win             | win_rate(100) 0.640
ep  3589 | epoch  179 | steps 12526018 | return   -260.86 | outcome timeout         | win_rate(100) 0.630
ep  3590 | epoch  179 | steps 12526842 | return   1554.41 | outcome win             | win_rate(100) 0.630
ep  3591 | epoch  179 | steps 12532842 | return    -49.60 | outcome timeout         | win_rate(100) 0.620
ep  3592 | epoch  179 | steps 12538487 | return  -1047.22 | outcome loss            | win_rate(100) 0.610
ep  3593 | epoch  179 | steps 12538899 | return   1563.88 | outcome win             | win_rate(100) 0.620
ep  3594 | epoch  179 | steps 12539309 | return   1563.39 | outcome win             | win_rate(100) 0.630
ep  3595 | epoch  179 | steps 12540545 | return   1545.81 | outcome win             | win_rate(100) 0.630
ep  3596 | epoch  179 | steps 12542018 | return   1527.49 | outcome win             | win_rate(100) 0.630
ep  3597 | epoch  179 | steps 12542883 | return   1578.87 | outcome win             | win_rate(100) 0.630
ep  3598 | epoch  179 | steps 12543660 | return   1562.85 | outcome win             | win_rate(100) 0.630
ep  3599 | epoch  179 | steps 12544383 | return   1587.15 | outcome win             | win_rate(100) 0.630
ep  3600 | epoch  179 | steps 12545138 | return   1573.55 | outcome win             | win_rate(100) 0.630
[epoch  179] env_steps 12545138 | win 14 loss 3 timeout 3 crash 0 other 0 | win_rate(100) 0.630 | feasible 202 | alpha 0.0064 entropy -3.98 | 574 sim steps/s | opp bfm_angles 14/20, BFM 14/20 -> next bfm_angles
ep  3601 | epoch  180 | steps 12551138 | return   -275.32 | outcome timeout         | win_rate(100) 0.620
ep  3602 | epoch  180 | steps 12557138 | return   -273.32 | outcome timeout         | win_rate(100) 0.610
ep  3603 | epoch  180 | steps 12557822 | return   1558.26 | outcome win             | win_rate(100) 0.610
ep  3604 | epoch  180 | steps 12558495 | return   1547.76 | outcome win             | win_rate(100) 0.610
ep  3605 | epoch  180 | steps 12559006 | return  -1047.70 | outcome loss            | win_rate(100) 0.600
ep  3606 | epoch  180 | steps 12559384 | return   1542.11 | outcome win             | win_rate(100) 0.600
ep  3607 | epoch  180 | steps 12560249 | return   1520.76 | outcome win             | win_rate(100) 0.610
ep  3608 | epoch  180 | steps 12563470 | return  -1252.67 | outcome loss            | win_rate(100) 0.610
ep  3609 | epoch  180 | steps 12564426 | return   1499.20 | outcome win             | win_rate(100) 0.610
ep  3610 | epoch  180 | steps 12565381 | return   1574.83 | outcome win             | win_rate(100) 0.620
ep  3611 | epoch  180 | steps 12565818 | return   1553.67 | outcome win             | win_rate(100) 0.630
ep  3612 | epoch  180 | steps 12566340 | return   1572.63 | outcome win             | win_rate(100) 0.640
ep  3613 | epoch  180 | steps 12566804 | return   1549.95 | outcome win             | win_rate(100) 0.640
ep  3614 | epoch  180 | steps 12567324 | return   1562.53 | outcome win             | win_rate(100) 0.640
ep  3615 | epoch  180 | steps 12573324 | return   -172.57 | outcome timeout         | win_rate(100) 0.640
ep  3616 | epoch  180 | steps 12574297 | return   1541.79 | outcome win             | win_rate(100) 0.650
ep  3617 | epoch  180 | steps 12580297 | return   -187.45 | outcome timeout         | win_rate(100) 0.640
ep  3618 | epoch  180 | steps 12586297 | return   -179.48 | outcome timeout         | win_rate(100) 0.630
ep  3619 | epoch  180 | steps 12592297 | return   -289.95 | outcome timeout         | win_rate(100) 0.620
ep  3620 | epoch  180 | steps 12598297 | return   -156.15 | outcome timeout         | win_rate(100) 0.610
[epoch  180] env_steps 12598297 | win 11 loss 2 timeout 7 crash 0 other 0 | win_rate(100) 0.610 | feasible 205 | alpha 0.0058 entropy -3.99 | 558 sim steps/s | opp bfm_angles 11/20, BFM 11/20 -> next bfm_angles
ep  3621 | epoch  181 | steps 12598989 | return   1593.88 | outcome win             | win_rate(100) 0.620
ep  3622 | epoch  181 | steps 12599671 | return   1589.89 | outcome win             | win_rate(100) 0.630
ep  3623 | epoch  181 | steps 12601934 | return  -1064.09 | outcome loss            | win_rate(100) 0.630
ep  3624 | epoch  181 | steps 12602926 | return   1511.02 | outcome win             | win_rate(100) 0.640
ep  3625 | epoch  181 | steps 12608926 | return   -238.13 | outcome timeout         | win_rate(100) 0.630
ep  3626 | epoch  181 | steps 12609910 | return   1555.55 | outcome win             | win_rate(100) 0.630
ep  3627 | epoch  181 | steps 12610387 | return   1550.69 | outcome win             | win_rate(100) 0.630
ep  3628 | epoch  181 | steps 12610869 | return   1551.82 | outcome win             | win_rate(100) 0.630
ep  3629 | epoch  181 | steps 12612030 | return   1531.47 | outcome win             | win_rate(100) 0.630
ep  3630 | epoch  181 | steps 12613318 | return   1529.83 | outcome win             | win_rate(100) 0.630
ep  3631 | epoch  181 | steps 12619318 | return   -252.70 | outcome timeout         | win_rate(100) 0.620
ep  3632 | epoch  181 | steps 12625318 | return   -268.81 | outcome timeout         | win_rate(100) 0.610
ep  3633 | epoch  181 | steps 12626327 | return   1559.79 | outcome win             | win_rate(100) 0.620
ep  3634 | epoch  181 | steps 12627352 | return   1560.99 | outcome win             | win_rate(100) 0.630
ep  3635 | epoch  181 | steps 12633352 | return   -127.63 | outcome timeout         | win_rate(100) 0.630
ep  3636 | epoch  181 | steps 12639352 | return   -231.04 | outcome timeout         | win_rate(100) 0.630
ep  3637 | epoch  181 | steps 12640008 | return   1562.86 | outcome win             | win_rate(100) 0.630
ep  3638 | epoch  181 | steps 12640673 | return   1566.76 | outcome win             | win_rate(100) 0.630
ep  3639 | epoch  181 | steps 12641154 | return   1562.06 | outcome win             | win_rate(100) 0.630
ep  3640 | epoch  181 | steps 12641638 | return   1565.61 | outcome win             | win_rate(100) 0.630
[epoch  181] env_steps 12641638 | win 14 loss 1 timeout 5 crash 0 other 0 | win_rate(100) 0.630 | feasible 207 | alpha 0.0073 entropy -4.04 | 572 sim steps/s | opp bfm_angles 14/20, BFM 14/20 -> next bfm_angles
ep  3641 | epoch  182 | steps 12642310 | return   1560.90 | outcome win             | win_rate(100) 0.630
ep  3642 | epoch  182 | steps 12642909 | return   1553.77 | outcome win             | win_rate(100) 0.630
ep  3643 | epoch  182 | steps 12648909 | return   -132.41 | outcome timeout         | win_rate(100) 0.620
ep  3644 | epoch  182 | steps 12652328 | return  -1050.11 | outcome loss            | win_rate(100) 0.610
ep  3645 | epoch  182 | steps 12658328 | return   -191.26 | outcome timeout         | win_rate(100) 0.610
ep  3646 | epoch  182 | steps 12664328 | return   -217.27 | outcome timeout         | win_rate(100) 0.610
ep  3647 | epoch  182 | steps 12665652 | return   1564.42 | outcome win             | win_rate(100) 0.610
ep  3648 | epoch  182 | steps 12666930 | return   1576.41 | outcome win             | win_rate(100) 0.610
ep  3649 | epoch  182 | steps 12672930 | return   -281.62 | outcome timeout         | win_rate(100) 0.600
ep  3650 | epoch  182 | steps 12676905 | return  -1371.76 | outcome loss            | win_rate(100) 0.590
ep  3651 | epoch  182 | steps 12677863 | return   1635.02 | outcome win             | win_rate(100) 0.600
ep  3652 | epoch  182 | steps 12678827 | return   1648.26 | outcome win             | win_rate(100) 0.610
ep  3653 | epoch  182 | steps 12683416 | return  -1676.78 | outcome crash           | win_rate(100) 0.600
ep  3654 | epoch  182 | steps 12686742 | return  -1586.03 | outcome crash           | win_rate(100) 0.590
ep  3655 | epoch  182 | steps 12691361 | return  -1525.88 | outcome crash           | win_rate(100) 0.580
ep  3656 | epoch  182 | steps 12697034 | return  -2576.76 | outcome crash           | win_rate(100) 0.570
ep  3657 | epoch  182 | steps 12697818 | return   1604.98 | outcome win             | win_rate(100) 0.580
ep  3658 | epoch  182 | steps 12698607 | return   1607.87 | outcome win             | win_rate(100) 0.590
ep  3659 | epoch  182 | steps 12704607 | return   -583.97 | outcome timeout         | win_rate(100) 0.580
ep  3660 | epoch  182 | steps 12710607 | return  -2210.75 | outcome timeout         | win_rate(100) 0.570
[epoch  182] env_steps 12710607 | win 8 loss 2 timeout 6 crash 4 other 0 | win_rate(100) 0.570 | feasible 207 | alpha 0.0058 entropy -3.97 | 570 sim steps/s | opp bfm_angles 8/20, BFM 8/20 -> next bfm_angles
ep  3661 | epoch  183 | steps 12716607 | return    -74.57 | outcome timeout         | win_rate(100) 0.560
ep  3662 | epoch  183 | steps 12722607 | return   -313.62 | outcome timeout         | win_rate(100) 0.550
ep  3663 | epoch  183 | steps 12728607 | return   -350.91 | outcome timeout         | win_rate(100) 0.540
ep  3664 | epoch  183 | steps 12734607 | return   -338.65 | outcome timeout         | win_rate(100) 0.530
ep  3665 | epoch  183 | steps 12740607 | return    -92.70 | outcome timeout         | win_rate(100) 0.530
ep  3666 | epoch  183 | steps 12746607 | return   -180.75 | outcome timeout         | win_rate(100) 0.530
ep  3667 | epoch  183 | steps 12747360 | return   1607.65 | outcome win             | win_rate(100) 0.530
ep  3668 | epoch  183 | steps 12748088 | return   1601.84 | outcome win             | win_rate(100) 0.530
ep  3669 | epoch  183 | steps 12754088 | return   -236.08 | outcome timeout         | win_rate(100) 0.530
ep  3670 | epoch  183 | steps 12758266 | return  -1120.11 | outcome loss            | win_rate(100) 0.520
ep  3671 | epoch  183 | steps 12759514 | return   1496.18 | outcome win             | win_rate(100) 0.530
ep  3672 | epoch  183 | steps 12760684 | return   1429.68 | outcome win             | win_rate(100) 0.540
ep  3673 | epoch  183 | steps 12766684 | return   -601.26 | outcome timeout         | win_rate(100) 0.530
ep  3674 | epoch  183 | steps 12772684 | return   -247.74 | outcome timeout         | win_rate(100) 0.520
ep  3675 | epoch  183 | steps 12773213 | return   1546.77 | outcome win             | win_rate(100) 0.520
ep  3676 | epoch  183 | steps 12773776 | return   1553.38 | outcome win             | win_rate(100) 0.530
ep  3677 | epoch  183 | steps 12774482 | return   1558.98 | outcome win             | win_rate(100) 0.540
ep  3678 | epoch  183 | steps 12775180 | return   1557.54 | outcome win             | win_rate(100) 0.550
ep  3679 | epoch  183 | steps 12776151 | return   1533.19 | outcome win             | win_rate(100) 0.560
ep  3680 | epoch  183 | steps 12777123 | return   1541.28 | outcome win             | win_rate(100) 0.570
[epoch  183] env_steps 12777123 | win 10 loss 1 timeout 9 crash 0 other 0 | win_rate(100) 0.570 | feasible 207 | alpha 0.0066 entropy -4.02 | 572 sim steps/s | opp bfm_angles 10/20, BFM 10/20 -> next bfm_angles
ep  3681 | epoch  184 | steps 12777491 | return   1549.39 | outcome win             | win_rate(100) 0.570
ep  3682 | epoch  184 | steps 12777857 | return   1550.27 | outcome win             | win_rate(100) 0.570
ep  3683 | epoch  184 | steps 12778881 | return   1495.68 | outcome win             | win_rate(100) 0.580
ep  3684 | epoch  184 | steps 12779937 | return   1553.44 | outcome win             | win_rate(100) 0.580
ep  3685 | epoch  184 | steps 12781364 | return   -986.58 | outcome loss            | win_rate(100) 0.580
ep  3686 | epoch  184 | steps 12782831 | return   -987.44 | outcome loss            | win_rate(100) 0.580
ep  3687 | epoch  184 | steps 12783298 | return   1553.07 | outcome win             | win_rate(100) 0.580
ep  3688 | epoch  184 | steps 12783753 | return   1555.83 | outcome win             | win_rate(100) 0.580
ep  3689 | epoch  184 | steps 12784328 | return   -954.86 | outcome loss            | win_rate(100) 0.580
ep  3690 | epoch  184 | steps 12784904 | return   1555.97 | outcome win             | win_rate(100) 0.580
ep  3691 | epoch  184 | steps 12790904 | return   -137.41 | outcome timeout         | win_rate(100) 0.580
ep  3692 | epoch  184 | steps 12796904 | return   -144.84 | outcome timeout         | win_rate(100) 0.580
ep  3693 | epoch  184 | steps 12797597 | return   1641.15 | outcome win             | win_rate(100) 0.580
ep  3694 | epoch  184 | steps 12803597 | return      3.12 | outcome timeout         | win_rate(100) 0.570
ep  3695 | epoch  184 | steps 12809597 | return   -202.85 | outcome timeout         | win_rate(100) 0.560
ep  3696 | epoch  184 | steps 12815559 | return  -1259.40 | outcome loss            | win_rate(100) 0.550
ep  3697 | epoch  184 | steps 12816176 | return   1581.90 | outcome win             | win_rate(100) 0.550
ep  3698 | epoch  184 | steps 12816878 | return   1592.65 | outcome win             | win_rate(100) 0.550
ep  3699 | epoch  184 | steps 12817661 | return   1560.15 | outcome win             | win_rate(100) 0.550
ep  3700 | epoch  184 | steps 12818451 | return   1596.57 | outcome win             | win_rate(100) 0.550
[epoch  184] env_steps 12818451 | win 12 loss 4 timeout 4 crash 0 other 0 | win_rate(100) 0.550 | feasible 209 | alpha 0.0070 entropy -4.01 | 575 sim steps/s | opp bfm_angles 12/20, BFM 12/20 -> next bfm_angles
ep  3701 | epoch  185 | steps 12819111 | return   1579.44 | outcome win             | win_rate(100) 0.560
ep  3702 | epoch  185 | steps 12819779 | return   1579.53 | outcome win             | win_rate(100) 0.570
ep  3703 | epoch  185 | steps 12820312 | return   1557.09 | outcome win             | win_rate(100) 0.570
ep  3704 | epoch  185 | steps 12820828 | return   1551.96 | outcome win             | win_rate(100) 0.570
ep  3705 | epoch  185 | steps 12821527 | return   1572.64 | outcome win             | win_rate(100) 0.580
ep  3706 | epoch  185 | steps 12822190 | return   1556.91 | outcome win             | win_rate(100) 0.580
ep  3707 | epoch  185 | steps 12822745 | return   1552.13 | outcome win             | win_rate(100) 0.580
ep  3708 | epoch  185 | steps 12823277 | return   1554.92 | outcome win             | win_rate(100) 0.590
ep  3709 | epoch  185 | steps 12829133 | return  -1214.59 | outcome loss            | win_rate(100) 0.580
ep  3710 | epoch  185 | steps 12835095 | return  -1253.21 | outcome loss            | win_rate(100) 0.570
ep  3711 | epoch  185 | steps 12840980 | return  -1251.55 | outcome loss            | win_rate(100) 0.560
ep  3712 | epoch  185 | steps 12844802 | return  -1107.02 | outcome loss            | win_rate(100) 0.550
ep  3713 | epoch  185 | steps 12845247 | return   1552.96 | outcome win             | win_rate(100) 0.550
ep  3714 | epoch  185 | steps 12845705 | return   -983.94 | outcome loss            | win_rate(100) 0.540
ep  3715 | epoch  185 | steps 12846108 | return   -972.39 | outcome loss            | win_rate(100) 0.540
ep  3716 | epoch  185 | steps 12846514 | return   -973.55 | outcome loss            | win_rate(100) 0.530
ep  3717 | epoch  185 | steps 12848858 | return  -1634.58 | outcome crash           | win_rate(100) 0.530
ep  3718 | epoch  185 | steps 12849916 | return   1647.92 | outcome win             | win_rate(100) 0.540
ep  3719 | epoch  185 | steps 12850328 | return   1577.77 | outcome win             | win_rate(100) 0.550
ep  3720 | epoch  185 | steps 12850743 | return   1580.32 | outcome win             | win_rate(100) 0.560
[epoch  185] env_steps 12850743 | win 12 loss 7 timeout 0 crash 1 other 0 | win_rate(100) 0.560 | feasible 211 | alpha 0.0064 entropy -3.98 | 572 sim steps/s | opp bfm_angles 12/20, BFM 12/20 -> next bfm_angles
ep  3721 | epoch  186 | steps 12851091 | return   1547.79 | outcome win             | win_rate(100) 0.560
ep  3722 | epoch  186 | steps 12851502 | return   1567.61 | outcome win             | win_rate(100) 0.560
ep  3723 | epoch  186 | steps 12852550 | return   1526.80 | outcome win             | win_rate(100) 0.570
ep  3724 | epoch  186 | steps 12853518 | return   1576.96 | outcome win             | win_rate(100) 0.570
ep  3725 | epoch  186 | steps 12857510 | return  -1095.49 | outcome loss            | win_rate(100) 0.570
ep  3726 | epoch  186 | steps 12862735 | return  -1199.69 | outcome loss            | win_rate(100) 0.560
ep  3727 | epoch  186 | steps 12868735 | return   -128.55 | outcome timeout         | win_rate(100) 0.550
ep  3728 | epoch  186 | steps 12874735 | return   -128.41 | outcome timeout         | win_rate(100) 0.540
ep  3729 | epoch  186 | steps 12875669 | return   1507.23 | outcome win             | win_rate(100) 0.540
ep  3730 | epoch  186 | steps 12876623 | return   1501.67 | outcome win             | win_rate(100) 0.540
ep  3731 | epoch  186 | steps 12882623 | return   -217.33 | outcome timeout         | win_rate(100) 0.540
ep  3732 | epoch  186 | steps 12888623 | return   -158.84 | outcome timeout         | win_rate(100) 0.540
ep  3733 | epoch  186 | steps 12889293 | return   1562.65 | outcome win             | win_rate(100) 0.540
ep  3734 | epoch  186 | steps 12889959 | return   1561.09 | outcome win             | win_rate(100) 0.540
ep  3735 | epoch  186 | steps 12891219 | return   -987.37 | outcome loss            | win_rate(100) 0.540
ep  3736 | epoch  186 | steps 12892651 | return   1474.59 | outcome win             | win_rate(100) 0.550
ep  3737 | epoch  186 | steps 12893975 | return  -1028.91 | outcome loss            | win_rate(100) 0.540
ep  3738 | epoch  186 | steps 12895182 | return   1449.97 | outcome win             | win_rate(100) 0.540
ep  3739 | epoch  186 | steps 12896370 | return   1579.40 | outcome win             | win_rate(100) 0.540
ep  3740 | epoch  186 | steps 12896802 | return   1556.20 | outcome win             | win_rate(100) 0.540
[epoch  186] env_steps 12896802 | win 12 loss 4 timeout 4 crash 0 other 0 | win_rate(100) 0.540 | feasible 213 | alpha 0.0062 entropy -3.99 | 571 sim steps/s | opp bfm_angles 12/20, BFM 12/20 -> next bfm_angles
ep  3741 | epoch  187 | steps 12897727 | return   1596.28 | outcome win             | win_rate(100) 0.540
ep  3742 | epoch  187 | steps 12898726 | return   1607.54 | outcome win             | win_rate(100) 0.540
ep  3743 | epoch  187 | steps 12899129 | return   1552.87 | outcome win             | win_rate(100) 0.550
ep  3744 | epoch  187 | steps 12899483 | return   1551.54 | outcome win             | win_rate(100) 0.560
ep  3745 | epoch  187 | steps 12900442 | return   1527.21 | outcome win             | win_rate(100) 0.570
ep  3746 | epoch  187 | steps 12901363 | return   1561.00 | outcome win             | win_rate(100) 0.580
ep  3747 | epoch  187 | steps 12902810 | return   1362.60 | outcome win             | win_rate(100) 0.580
ep  3748 | epoch  187 | steps 12904319 | return   1374.88 | outcome win             | win_rate(100) 0.580
ep  3749 | epoch  187 | steps 12910319 | return   -235.95 | outcome timeout         | win_rate(100) 0.580
ep  3750 | epoch  187 | steps 12916319 | return   -198.82 | outcome timeout         | win_rate(100) 0.580
ep  3751 | epoch  187 | steps 12917380 | return   1547.14 | outcome win             | win_rate(100) 0.580
ep  3752 | epoch  187 | steps 12918434 | return   1538.41 | outcome win             | win_rate(100) 0.580
ep  3753 | epoch  187 | steps 12918879 | return   1551.40 | outcome win             | win_rate(100) 0.590
ep  3754 | epoch  187 | steps 12919391 | return   1568.05 | outcome win             | win_rate(100) 0.600
ep  3755 | epoch  187 | steps 12925391 | return   -314.57 | outcome timeout         | win_rate(100) 0.600
ep  3756 | epoch  187 | steps 12931391 | return   -306.74 | outcome timeout         | win_rate(100) 0.600
ep  3757 | epoch  187 | steps 12931868 | return   1576.63 | outcome win             | win_rate(100) 0.600
ep  3758 | epoch  187 | steps 12932356 | return   1578.05 | outcome win             | win_rate(100) 0.600
ep  3759 | epoch  187 | steps 12932653 | return   1549.54 | outcome win             | win_rate(100) 0.610
ep  3760 | epoch  187 | steps 12932943 | return   1546.42 | outcome win             | win_rate(100) 0.620
[epoch  187] env_steps 12932943 | win 16 loss 0 timeout 4 crash 0 other 0 | win_rate(100) 0.620 | feasible 213 | alpha 0.0068 entropy -4.02 | 560 sim steps/s | opp bfm_angles 16/20, BFM 16/20 -> next bfm_angles
ep  3761 | epoch  188 | steps 12933790 | return   1551.50 | outcome win             | win_rate(100) 0.630
ep  3762 | epoch  188 | steps 12934655 | return   1562.15 | outcome win             | win_rate(100) 0.640
ep  3763 | epoch  188 | steps 12935346 | return   1560.21 | outcome win             | win_rate(100) 0.650
ep  3764 | epoch  188 | steps 12936035 | return   1545.70 | outcome win             | win_rate(100) 0.660
ep  3765 | epoch  188 | steps 12936756 | return   1647.81 | outcome win             | win_rate(100) 0.670
ep  3766 | epoch  188 | steps 12937438 | return   1632.66 | outcome win             | win_rate(100) 0.680
ep  3767 | epoch  188 | steps 12943395 | return  -1108.73 | outcome loss            | win_rate(100) 0.670
ep  3768 | epoch  188 | steps 12949395 | return   -128.26 | outcome timeout         | win_rate(100) 0.660
ep  3769 | epoch  188 | steps 12955395 | return   -293.12 | outcome timeout         | win_rate(100) 0.660
ep  3770 | epoch  188 | steps 12961395 | return   -320.90 | outcome timeout         | win_rate(100) 0.660
ep  3771 | epoch  188 | steps 12961746 | return   1557.42 | outcome win             | win_rate(100) 0.660
ep  3772 | epoch  188 | steps 12962097 | return   1552.13 | outcome win             | win_rate(100) 0.660
ep  3773 | epoch  188 | steps 12962538 | return   1550.19 | outcome win             | win_rate(100) 0.670
ep  3774 | epoch  188 | steps 12962960 | return   1547.86 | outcome win             | win_rate(100) 0.680
ep  3775 | epoch  188 | steps 12968960 | return   -317.06 | outcome timeout         | win_rate(100) 0.670
ep  3776 | epoch  188 | steps 12974960 | return   -335.01 | outcome timeout         | win_rate(100) 0.660
ep  3777 | epoch  188 | steps 12975692 | return   -976.27 | outcome loss            | win_rate(100) 0.650
ep  3778 | epoch  188 | steps 12976437 | return   -974.24 | outcome loss            | win_rate(100) 0.640
ep  3779 | epoch  188 | steps 12982437 | return   -205.50 | outcome timeout         | win_rate(100) 0.630
ep  3780 | epoch  188 | steps 12988437 | return   -229.30 | outcome timeout         | win_rate(100) 0.620
[epoch  188] env_steps 12988437 | win 10 loss 3 timeout 7 crash 0 other 0 | win_rate(100) 0.620 | feasible 213 | alpha 0.0058 entropy -3.98 | 571 sim steps/s | opp bfm_angles 10/20, BFM 10/20 -> next bfm_angles
ep  3781 | epoch  189 | steps 12988798 | return   1548.23 | outcome win             | win_rate(100) 0.620
ep  3782 | epoch  189 | steps 12989155 | return   1546.95 | outcome win             | win_rate(100) 0.620
ep  3783 | epoch  189 | steps 12989560 | return   -975.11 | outcome loss            | win_rate(100) 0.610
ep  3784 | epoch  189 | steps 12989972 | return   -971.72 | outcome loss            | win_rate(100) 0.600
ep  3785 | epoch  189 | steps 12995972 | return   -261.66 | outcome timeout         | win_rate(100) 0.600
ep  3786 | epoch  189 | steps 13001972 | return   -254.96 | outcome timeout         | win_rate(100) 0.600
ep  3787 | epoch  189 | steps 13007972 | return   -172.88 | outcome timeout         | win_rate(100) 0.590
ep  3788 | epoch  189 | steps 13013972 | return   -147.71 | outcome timeout         | win_rate(100) 0.580
ep  3789 | epoch  189 | steps 13019972 | return   -304.02 | outcome timeout         | win_rate(100) 0.580
ep  3790 | epoch  189 | steps 13025972 | return   -302.63 | outcome timeout         | win_rate(100) 0.570
ep  3791 | epoch  189 | steps 13026350 | return   1552.04 | outcome win             | win_rate(100) 0.580
ep  3792 | epoch  189 | steps 13026712 | return   1555.18 | outcome win             | win_rate(100) 0.590
ep  3793 | epoch  189 | steps 13027670 | return   1398.78 | outcome win             | win_rate(100) 0.590
ep  3794 | epoch  189 | steps 13028630 | return   1494.64 | outcome win             | win_rate(100) 0.600
ep  3795 | epoch  189 | steps 13034630 | return   -199.42 | outcome timeout         | win_rate(100) 0.600
ep  3796 | epoch  189 | steps 13040630 | return   -219.33 | outcome timeout         | win_rate(100) 0.600
ep  3797 | epoch  189 | steps 13042110 | return   1434.03 | outcome win             | win_rate(100) 0.600
ep  3798 | epoch  189 | steps 13045205 | return  -1393.18 | outcome loss            | win_rate(100) 0.590
ep  3799 | epoch  189 | steps 13051205 | return   -273.33 | outcome timeout         | win_rate(100) 0.580
ep  3800 | epoch  189 | steps 13057205 | return   -281.68 | outcome timeout         | win_rate(100) 0.570
[epoch  189] env_steps 13057205 | win 7 loss 3 timeout 10 crash 0 other 0 | win_rate(100) 0.570 | feasible 214 | alpha 0.0057 entropy -4.00 | 573 sim steps/s | opp bfm_angles 7/20, BFM 7/20 -> next bfm_angles
ep  3801 | epoch  190 | steps 13063205 | return   -131.29 | outcome timeout         | win_rate(100) 0.560
ep  3802 | epoch  190 | steps 13069205 | return   -112.65 | outcome timeout         | win_rate(100) 0.550
ep  3803 | epoch  190 | steps 13069792 | return   1567.17 | outcome win             | win_rate(100) 0.550
ep  3804 | epoch  190 | steps 13070320 | return   -960.25 | outcome loss            | win_rate(100) 0.540
ep  3805 | epoch  190 | steps 13070673 | return   1549.06 | outcome win             | win_rate(100) 0.540
ep  3806 | epoch  190 | steps 13071026 | return   1545.08 | outcome win             | win_rate(100) 0.540
ep  3807 | epoch  190 | steps 13071517 | return   -971.34 | outcome loss            | win_rate(100) 0.530
ep  3808 | epoch  190 | steps 13072011 | return   -968.63 | outcome loss            | win_rate(100) 0.520
ep  3809 | epoch  190 | steps 13078011 | return    -52.72 | outcome timeout         | win_rate(100) 0.520
ep  3810 | epoch  190 | steps 13084011 | return   -160.02 | outcome timeout         | win_rate(100) 0.520
ep  3811 | epoch  190 | steps 13090011 | return    -66.62 | outcome timeout         | win_rate(100) 0.520
ep  3812 | epoch  190 | steps 13096011 | return    -46.76 | outcome timeout         | win_rate(100) 0.520
ep  3813 | epoch  190 | steps 13097443 | return   1453.12 | outcome win             | win_rate(100) 0.520
ep  3814 | epoch  190 | steps 13098925 | return   1369.94 | outcome win             | win_rate(100) 0.530
ep  3815 | epoch  190 | steps 13099924 | return   1622.80 | outcome win             | win_rate(100) 0.540
ep  3816 | epoch  190 | steps 13100310 | return   1570.27 | outcome win             | win_rate(100) 0.550
ep  3817 | epoch  190 | steps 13106310 | return   -193.62 | outcome timeout         | win_rate(100) 0.550
ep  3818 | epoch  190 | steps 13112310 | return   -174.73 | outcome timeout         | win_rate(100) 0.540
ep  3819 | epoch  190 | steps 13118310 | return   -282.30 | outcome timeout         | win_rate(100) 0.530
ep  3820 | epoch  190 | steps 13124310 | return   -239.38 | outcome timeout         | win_rate(100) 0.520
[epoch  190] env_steps 13124310 | win 7 loss 3 timeout 10 crash 0 other 0 | win_rate(100) 0.520 | feasible 215 | alpha 0.0060 entropy -4.01 | 568 sim steps/s | opp bfm_angles 7/20, BFM 7/20 -> next bfm_angles
ep  3821 | epoch  191 | steps 13130310 | return   -282.19 | outcome timeout         | win_rate(100) 0.510
ep  3822 | epoch  191 | steps 13136310 | return   -255.28 | outcome timeout         | win_rate(100) 0.500
ep  3823 | epoch  191 | steps 13142310 | return   -206.31 | outcome timeout         | win_rate(100) 0.490
ep  3824 | epoch  191 | steps 13148310 | return   -198.23 | outcome timeout         | win_rate(100) 0.480
ep  3825 | epoch  191 | steps 13149750 | return   1015.17 | outcome win             | win_rate(100) 0.490
ep  3826 | epoch  191 | steps 13151164 | return   1172.05 | outcome win             | win_rate(100) 0.500
ep  3827 | epoch  191 | steps 13151617 | return   1558.05 | outcome win             | win_rate(100) 0.510
ep  3828 | epoch  191 | steps 13152065 | return   1555.36 | outcome win             | win_rate(100) 0.520
ep  3829 | epoch  191 | steps 13158065 | return   -213.73 | outcome timeout         | win_rate(100) 0.510
ep  3830 | epoch  191 | steps 13164065 | return   -167.14 | outcome timeout         | win_rate(100) 0.500
ep  3831 | epoch  191 | steps 13164443 | return   1560.42 | outcome win             | win_rate(100) 0.510
ep  3832 | epoch  191 | steps 13164823 | return   1559.23 | outcome win             | win_rate(100) 0.520
ep  3833 | epoch  191 | steps 13165348 | return   1557.25 | outcome win             | win_rate(100) 0.520
ep  3834 | epoch  191 | steps 13165859 | return   1552.86 | outcome win             | win_rate(100) 0.520
ep  3835 | epoch  191 | steps 13166635 | return   1570.06 | outcome win             | win_rate(100) 0.530
ep  3836 | epoch  191 | steps 13167443 | return   1572.82 | outcome win             | win_rate(100) 0.530
ep  3837 | epoch  191 | steps 13173443 | return   -209.97 | outcome timeout         | win_rate(100) 0.530
ep  3838 | epoch  191 | steps 13179443 | return   -198.08 | outcome timeout         | win_rate(100) 0.520
ep  3839 | epoch  191 | steps 13179989 | return   1616.89 | outcome win             | win_rate(100) 0.520
ep  3840 | epoch  191 | steps 13180597 | return   1634.93 | outcome win             | win_rate(100) 0.520
[epoch  191] env_steps 13180597 | win 12 loss 0 timeout 8 crash 0 other 0 | win_rate(100) 0.520 | feasible 215 | alpha 0.0056 entropy -3.99 | 570 sim steps/s | opp bfm_angles 12/20, BFM 12/20 -> next bfm_angles
ep  3841 | epoch  192 | steps 13186597 | return   -236.09 | outcome timeout         | win_rate(100) 0.510
ep  3842 | epoch  192 | steps 13192597 | return   -229.96 | outcome timeout         | win_rate(100) 0.500
ep  3843 | epoch  192 | steps 13198597 | return   -105.94 | outcome timeout         | win_rate(100) 0.490
ep  3844 | epoch  192 | steps 13204597 | return    -70.88 | outcome timeout         | win_rate(100) 0.480
ep  3845 | epoch  192 | steps 13204963 | return   1552.49 | outcome win             | win_rate(100) 0.480
ep  3846 | epoch  192 | steps 13205391 | return   1564.59 | outcome win             | win_rate(100) 0.480
ep  3847 | epoch  192 | steps 13211391 | return   -117.95 | outcome timeout         | win_rate(100) 0.470
ep  3848 | epoch  192 | steps 13217391 | return   -144.94 | outcome timeout         | win_rate(100) 0.460
ep  3849 | epoch  192 | steps 13217799 | return   1552.49 | outcome win             | win_rate(100) 0.470
ep  3850 | epoch  192 | steps 13218196 | return   1547.24 | outcome win             | win_rate(100) 0.480
ep  3851 | epoch  192 | steps 13224196 | return   -206.27 | outcome timeout         | win_rate(100) 0.470
ep  3852 | epoch  192 | steps 13230196 | return   -236.36 | outcome timeout         | win_rate(100) 0.460
ep  3853 | epoch  192 | steps 13230580 | return   1554.89 | outcome win             | win_rate(100) 0.460
ep  3854 | epoch  192 | steps 13230950 | return   1547.13 | outcome win             | win_rate(100) 0.460
ep  3855 | epoch  192 | steps 13236950 | return   -161.81 | outcome timeout         | win_rate(100) 0.460
ep  3856 | epoch  192 | steps 13237924 | return   1552.13 | outcome win             | win_rate(100) 0.470
ep  3857 | epoch  192 | steps 13243924 | return   -235.50 | outcome timeout         | win_rate(100) 0.460
ep  3858 | epoch  192 | steps 13249924 | return   -187.06 | outcome timeout         | win_rate(100) 0.450
ep  3859 | epoch  192 | steps 13250738 | return   1534.90 | outcome win             | win_rate(100) 0.450
ep  3860 | epoch  192 | steps 13251544 | return   1527.76 | outcome win             | win_rate(100) 0.450
[epoch  192] env_steps 13251544 | win 9 loss 0 timeout 11 crash 0 other 0 | win_rate(100) 0.450 | feasible 216 | alpha 0.0058 entropy -4.00 | 569 sim steps/s | opp bfm_angles 9/20, BFM 9/20 -> next bfm_angles
ep  3861 | epoch  193 | steps 13257544 | return   -292.13 | outcome timeout         | win_rate(100) 0.440
ep  3862 | epoch  193 | steps 13263544 | return   -271.19 | outcome timeout         | win_rate(100) 0.430
ep  3863 | epoch  193 | steps 13263914 | return   1545.22 | outcome win             | win_rate(100) 0.430
ep  3864 | epoch  193 | steps 13264289 | return   1547.86 | outcome win             | win_rate(100) 0.430
ep  3865 | epoch  193 | steps 13265199 | return   1540.09 | outcome win             | win_rate(100) 0.430
ep  3866 | epoch  193 | steps 13266124 | return   1545.06 | outcome win             | win_rate(100) 0.430
ep  3867 | epoch  193 | steps 13266874 | return   1536.05 | outcome win             | win_rate(100) 0.440
ep  3868 | epoch  193 | steps 13267597 | return   1527.73 | outcome win             | win_rate(100) 0.450
ep  3869 | epoch  193 | steps 13273597 | return   -264.60 | outcome timeout         | win_rate(100) 0.450
ep  3870 | epoch  193 | steps 13279597 | return   -371.93 | outcome timeout         | win_rate(100) 0.450
ep  3871 | epoch  193 | steps 13285597 | return   -170.37 | outcome timeout         | win_rate(100) 0.440
ep  3872 | epoch  193 | steps 13291597 | return   -170.03 | outcome timeout         | win_rate(100) 0.430
ep  3873 | epoch  193 | steps 13297597 | return   -288.94 | outcome timeout         | win_rate(100) 0.420
ep  3874 | epoch  193 | steps 13303597 | return   -259.03 | outcome timeout         | win_rate(100) 0.410
ep  3875 | epoch  193 | steps 13303859 | return   1539.52 | outcome win             | win_rate(100) 0.420
ep  3876 | epoch  193 | steps 13304123 | return   1542.05 | outcome win             | win_rate(100) 0.430
ep  3877 | epoch  193 | steps 13310123 | return   -269.40 | outcome timeout         | win_rate(100) 0.430
ep  3878 | epoch  193 | steps 13316123 | return   -204.52 | outcome timeout         | win_rate(100) 0.430
ep  3879 | epoch  193 | steps 13316758 | return   1567.64 | outcome win             | win_rate(100) 0.440
ep  3880 | epoch  193 | steps 13317438 | return   1560.53 | outcome win             | win_rate(100) 0.450
[epoch  193] env_steps 13317438 | win 10 loss 0 timeout 10 crash 0 other 0 | win_rate(100) 0.450 | feasible 216 | alpha 0.0056 entropy -4.00 | 571 sim steps/s | opp bfm_angles 10/20, BFM 10/20 -> next bfm_angles
ep  3881 | epoch  194 | steps 13318585 | return   1547.22 | outcome win             | win_rate(100) 0.450
ep  3882 | epoch  194 | steps 13319747 | return   1546.46 | outcome win             | win_rate(100) 0.450
ep  3883 | epoch  194 | steps 13325747 | return   -319.93 | outcome timeout         | win_rate(100) 0.450
ep  3884 | epoch  194 | steps 13331747 | return   -249.51 | outcome timeout         | win_rate(100) 0.450
ep  3885 | epoch  194 | steps 13332419 | return   -969.80 | outcome loss            | win_rate(100) 0.450
ep  3886 | epoch  194 | steps 13333094 | return   -967.94 | outcome loss            | win_rate(100) 0.450
ep  3887 | epoch  194 | steps 13333495 | return   1552.10 | outcome win             | win_rate(100) 0.460
ep  3888 | epoch  194 | steps 13333900 | return   1550.89 | outcome win             | win_rate(100) 0.470
ep  3889 | epoch  194 | steps 13334938 | return   1557.42 | outcome win             | win_rate(100) 0.480
ep  3890 | epoch  194 | steps 13336100 | return   1586.76 | outcome win             | win_rate(100) 0.490
ep  3891 | epoch  194 | steps 13342100 | return   -238.29 | outcome timeout         | win_rate(100) 0.480
ep  3892 | epoch  194 | steps 13348100 | return   -286.86 | outcome timeout         | win_rate(100) 0.470
ep  3893 | epoch  194 | steps 13348933 | return   1644.90 | outcome win             | win_rate(100) 0.470
ep  3894 | epoch  194 | steps 13349807 | return   1647.60 | outcome win             | win_rate(100) 0.470
ep  3895 | epoch  194 | steps 13350489 | return   1573.66 | outcome win             | win_rate(100) 0.480
ep  3896 | epoch  194 | steps 13351182 | return   1552.88 | outcome win             | win_rate(100) 0.490
ep  3897 | epoch  194 | steps 13351945 | return   1535.56 | outcome win             | win_rate(100) 0.490
ep  3898 | epoch  194 | steps 13352700 | return   1544.63 | outcome win             | win_rate(100) 0.500
ep  3899 | epoch  194 | steps 13353158 | return   1552.13 | outcome win             | win_rate(100) 0.510
ep  3900 | epoch  194 | steps 13353612 | return   1547.07 | outcome win             | win_rate(100) 0.520
[epoch  194] env_steps 13353612 | win 14 loss 2 timeout 4 crash 0 other 0 | win_rate(100) 0.520 | feasible 216 | alpha 0.0059 entropy -4.01 | 577 sim steps/s | opp bfm_angles 14/20, BFM 14/20 -> next bfm_angles
ep  3901 | epoch  195 | steps 13359612 | return   -325.63 | outcome timeout         | win_rate(100) 0.520
ep  3902 | epoch  195 | steps 13365612 | return   -276.21 | outcome timeout         | win_rate(100) 0.520
ep  3903 | epoch  195 | steps 13368059 | return   1538.54 | outcome win             | win_rate(100) 0.520
ep  3904 | epoch  195 | steps 13369047 | return   1580.11 | outcome win             | win_rate(100) 0.530
ep  3905 | epoch  195 | steps 13369709 | return   1645.12 | outcome win             | win_rate(100) 0.530
ep  3906 | epoch  195 | steps 13370392 | return   1647.52 | outcome win             | win_rate(100) 0.530
ep  3907 | epoch  195 | steps 13371944 | return   1238.18 | outcome win             | win_rate(100) 0.540
ep  3908 | epoch  195 | steps 13373284 | return   1523.83 | outcome win             | win_rate(100) 0.550
ep  3909 | epoch  195 | steps 13374280 | return   1554.39 | outcome win             | win_rate(100) 0.560
ep  3910 | epoch  195 | steps 13375260 | return   1552.43 | outcome win             | win_rate(100) 0.570
ep  3911 | epoch  195 | steps 13381260 | return   -414.97 | outcome timeout         | win_rate(100) 0.570
ep  3912 | epoch  195 | steps 13387260 | return   -316.46 | outcome timeout         | win_rate(100) 0.570
ep  3913 | epoch  195 | steps 13387935 | return   1547.01 | outcome win             | win_rate(100) 0.570
ep  3914 | epoch  195 | steps 13388605 | return   1551.69 | outcome win             | win_rate(100) 0.570
ep  3915 | epoch  195 | steps 13389107 | return   1535.09 | outcome win             | win_rate(100) 0.570
ep  3916 | epoch  195 | steps 13389601 | return   1540.97 | outcome win             | win_rate(100) 0.570
ep  3917 | epoch  195 | steps 13390007 | return   1553.37 | outcome win             | win_rate(100) 0.580
ep  3918 | epoch  195 | steps 13390413 | return   1539.64 | outcome win             | win_rate(100) 0.590
ep  3919 | epoch  195 | steps 13396413 | return    -99.05 | outcome timeout         | win_rate(100) 0.590
ep  3920 | epoch  195 | steps 13402413 | return   -153.08 | outcome timeout         | win_rate(100) 0.590
[epoch  195] env_steps 13402413 | win 14 loss 0 timeout 6 crash 0 other 0 | win_rate(100) 0.590 | feasible 216 | alpha 0.0064 entropy -4.01 | 571 sim steps/s | opp bfm_angles 14/20, BFM 14/20 -> next bfm_angles
ep  3921 | epoch  196 | steps 13403347 | return   1628.43 | outcome win             | win_rate(100) 0.600
ep  3922 | epoch  196 | steps 13404487 | return   1549.67 | outcome win             | win_rate(100) 0.610
ep  3923 | epoch  196 | steps 13410487 | return   -206.36 | outcome timeout         | win_rate(100) 0.610
ep  3924 | epoch  196 | steps 13416487 | return   -218.41 | outcome timeout         | win_rate(100) 0.610
ep  3925 | epoch  196 | steps 13416983 | return   -974.40 | outcome loss            | win_rate(100) 0.600
ep  3926 | epoch  196 | steps 13417542 | return   1562.51 | outcome win             | win_rate(100) 0.600
ep  3927 | epoch  196 | steps 13418914 | return   1366.10 | outcome win             | win_rate(100) 0.600
ep  3928 | epoch  196 | steps 13420320 | return   1331.77 | outcome win             | win_rate(100) 0.600
ep  3929 | epoch  196 | steps 13421011 | return   1553.29 | outcome win             | win_rate(100) 0.610
ep  3930 | epoch  196 | steps 13421730 | return   1560.82 | outcome win             | win_rate(100) 0.620
ep  3931 | epoch  196 | steps 13422284 | return   1551.21 | outcome win             | win_rate(100) 0.620
ep  3932 | epoch  196 | steps 13422776 | return   1542.56 | outcome win             | win_rate(100) 0.620
ep  3933 | epoch  196 | steps 13424044 | return   1454.16 | outcome win             | win_rate(100) 0.620
ep  3934 | epoch  196 | steps 13425573 | return   1372.85 | outcome win             | win_rate(100) 0.620
ep  3935 | epoch  196 | steps 13431573 | return   -158.02 | outcome timeout         | win_rate(100) 0.610
ep  3936 | epoch  196 | steps 13437573 | return   -205.77 | outcome timeout         | win_rate(100) 0.600
ep  3937 | epoch  196 | steps 13438382 | return   1565.04 | outcome win             | win_rate(100) 0.610
ep  3938 | epoch  196 | steps 13439181 | return   1567.39 | outcome win             | win_rate(100) 0.620
ep  3939 | epoch  196 | steps 13440415 | return   1451.74 | outcome win             | win_rate(100) 0.620
ep  3940 | epoch  196 | steps 13441588 | return   1522.56 | outcome win             | win_rate(100) 0.620
[epoch  196] env_steps 13441588 | win 15 loss 1 timeout 4 crash 0 other 0 | win_rate(100) 0.620 | feasible 217 | alpha 0.0060 entropy -3.99 | 577 sim steps/s | opp bfm_angles 15/20, BFM 15/20 -> next bfm_angles
ep  3941 | epoch  197 | steps 13441886 | return   1537.55 | outcome win             | win_rate(100) 0.630
ep  3942 | epoch  197 | steps 13442184 | return   1535.96 | outcome win             | win_rate(100) 0.640
ep  3943 | epoch  197 | steps 13443943 | return   1662.93 | outcome win             | win_rate(100) 0.650
ep  3944 | epoch  197 | steps 13444957 | return   1612.04 | outcome win             | win_rate(100) 0.660
ep  3945 | epoch  197 | steps 13445357 | return   1547.65 | outcome win             | win_rate(100) 0.660
ep  3946 | epoch  197 | steps 13445809 | return   1558.50 | outcome win             | win_rate(100) 0.660
ep  3947 | epoch  197 | steps 13446174 | return   1544.78 | outcome win             | win_rate(100) 0.670
ep  3948 | epoch  197 | steps 13446541 | return   1549.46 | outcome win             | win_rate(100) 0.680
ep  3949 | epoch  197 | steps 13447200 | return   1560.57 | outcome win             | win_rate(100) 0.680
ep  3950 | epoch  197 | steps 13447851 | return   1551.90 | outcome win             | win_rate(100) 0.680
ep  3951 | epoch  197 | steps 13453851 | return   -221.17 | outcome timeout         | win_rate(100) 0.680
ep  3952 | epoch  197 | steps 13459851 | return   -228.71 | outcome timeout         | win_rate(100) 0.680
ep  3953 | epoch  197 | steps 13461159 | return   1552.24 | outcome win             | win_rate(100) 0.680
ep  3954 | epoch  197 | steps 13462470 | return   1555.24 | outcome win             | win_rate(100) 0.680
ep  3955 | epoch  197 | steps 13463020 | return   1563.70 | outcome win             | win_rate(100) 0.690
ep  3956 | epoch  197 | steps 13463485 | return   1556.00 | outcome win             | win_rate(100) 0.690
ep  3957 | epoch  197 | steps 13469485 | return   -165.09 | outcome timeout         | win_rate(100) 0.690
ep  3958 | epoch  197 | steps 13475485 | return   -171.49 | outcome timeout         | win_rate(100) 0.690
ep  3959 | epoch  197 | steps 13481485 | return   -240.60 | outcome timeout         | win_rate(100) 0.680
ep  3960 | epoch  197 | steps 13487485 | return   -225.76 | outcome timeout         | win_rate(100) 0.670
[epoch  197] env_steps 13487485 | win 14 loss 0 timeout 6 crash 0 other 0 | win_rate(100) 0.670 | feasible 217 | alpha 0.0060 entropy -4.00 | 558 sim steps/s | opp bfm_angles 14/20, BFM 14/20 -> next bfm_angles
ep  3961 | epoch  198 | steps 13487862 | return   1545.23 | outcome win             | win_rate(100) 0.680
ep  3962 | epoch  198 | steps 13488273 | return   1551.90 | outcome win             | win_rate(100) 0.690
ep  3963 | epoch  198 | steps 13489216 | return   1557.99 | outcome win             | win_rate(100) 0.690
ep  3964 | epoch  198 | steps 13495216 | return   -697.41 | outcome timeout         | win_rate(100) 0.680
ep  3965 | epoch  198 | steps 13496619 | return   1556.74 | outcome win             | win_rate(100) 0.680
ep  3966 | epoch  198 | steps 13498041 | return   1541.51 | outcome win             | win_rate(100) 0.680
ep  3967 | epoch  198 | steps 13499488 | return   1480.26 | outcome win             | win_rate(100) 0.680
ep  3968 | epoch  198 | steps 13500916 | return   1493.32 | outcome win             | win_rate(100) 0.680
ep  3969 | epoch  198 | steps 13506916 | return   -278.46 | outcome timeout         | win_rate(100) 0.680
ep  3970 | epoch  198 | steps 13512916 | return   -268.10 | outcome timeout         | win_rate(100) 0.680
ep  3971 | epoch  198 | steps 13513813 | return   1576.50 | outcome win             | win_rate(100) 0.690
ep  3972 | epoch  198 | steps 13514671 | return   1571.04 | outcome win             | win_rate(100) 0.700
ep  3973 | epoch  198 | steps 13520671 | return   -268.42 | outcome timeout         | win_rate(100) 0.700
ep  3974 | epoch  198 | steps 13526671 | return   -247.29 | outcome timeout         | win_rate(100) 0.700
ep  3975 | epoch  198 | steps 13527003 | return   1544.86 | outcome win             | win_rate(100) 0.700
ep  3976 | epoch  198 | steps 13527340 | return   1543.17 | outcome win             | win_rate(100) 0.700
ep  3977 | epoch  198 | steps 13533340 | return   -288.66 | outcome timeout         | win_rate(100) 0.700
ep  3978 | epoch  198 | steps 13539340 | return   -328.67 | outcome timeout         | win_rate(100) 0.700
ep  3979 | epoch  198 | steps 13540397 | return   1562.46 | outcome win             | win_rate(100) 0.700
ep  3980 | epoch  198 | steps 13541458 | return   1563.84 | outcome win             | win_rate(100) 0.700
[epoch  198] env_steps 13541458 | win 13 loss 0 timeout 7 crash 0 other 0 | win_rate(100) 0.700 | feasible 218 | alpha 0.0057 entropy -3.99 | 479 sim steps/s | opp bfm_angles 13/20, BFM 13/20 -> next bfm_angles
===== stdout.log =====
[resume] full checkpoint runs/W_warmA/checkpoints/checkpoint_latest.pt: epoch 199, env_steps 13541458, replay 1000000, alpha 0.0057
ep  3981 | epoch  199 | steps 13547458 | return   -258.04 | outcome timeout         | win_rate(100) 0.690
ep  3982 | epoch  199 | steps 13553458 | return   -159.44 | outcome timeout         | win_rate(100) 0.680
ep  3983 | epoch  199 | steps 13553761 | return   1539.80 | outcome win             | win_rate(100) 0.690
ep  3984 | epoch  199 | steps 13554061 | return   1540.49 | outcome win             | win_rate(100) 0.700
ep  3985 | epoch  199 | steps 13558196 | return  -1203.04 | outcome loss            | win_rate(100) 0.700
ep  3986 | epoch  199 | steps 13564196 | return   -281.93 | outcome timeout         | win_rate(100) 0.700
ep  3987 | epoch  199 | steps 13564631 | return   1568.16 | outcome win             | win_rate(100) 0.700
ep  3988 | epoch  199 | steps 13565006 | return   1548.98 | outcome win             | win_rate(100) 0.700
ep  3989 | epoch  199 | steps 13565896 | return   1611.63 | outcome win             | win_rate(100) 0.700
ep  3990 | epoch  199 | steps 13567648 | return   1364.28 | outcome win             | win_rate(100) 0.700
ep  3991 | epoch  199 | steps 13568521 | return   1551.69 | outcome win             | win_rate(100) 0.710
ep  3992 | epoch  199 | steps 13569392 | return   1555.50 | outcome win             | win_rate(100) 0.720
ep  3993 | epoch  199 | steps 13569908 | return   1572.22 | outcome win             | win_rate(100) 0.720
ep  3994 | epoch  199 | steps 13570424 | return   1575.02 | outcome win             | win_rate(100) 0.720
ep  3995 | epoch  199 | steps 13570710 | return   1539.36 | outcome win             | win_rate(100) 0.720
ep  3996 | epoch  199 | steps 13570996 | return   1537.98 | outcome win             | win_rate(100) 0.720
ep  3997 | epoch  199 | steps 13571874 | return   1559.11 | outcome win             | win_rate(100) 0.720
ep  3998 | epoch  199 | steps 13572770 | return   1564.93 | outcome win             | win_rate(100) 0.720
ep  3999 | epoch  199 | steps 13578770 | return   -316.40 | outcome timeout         | win_rate(100) 0.710
ep  4000 | epoch  199 | steps 13584770 | return   -333.12 | outcome timeout         | win_rate(100) 0.700
[epoch  199] env_steps 13584770 | win 14 loss 1 timeout 5 crash 0 other 0 | win_rate(100) 0.700 | feasible 218 | alpha 0.0053 entropy -3.99 | 572 sim steps/s | opp bfm_angles 14/20, BFM 14/20 -> next bfm_angles
[best] epoch 199: rolling win rate 0.70 -> checkpoints/best_actor.pt
ep  4001 | epoch  200 | steps 13585605 | return   1558.31 | outcome win             | win_rate(100) 0.710
ep  4002 | epoch  200 | steps 13586444 | return   1557.86 | outcome win             | win_rate(100) 0.720
ep  4003 | epoch  200 | steps 13586888 | return   1549.84 | outcome win             | win_rate(100) 0.720
ep  4004 | epoch  200 | steps 13587339 | return   1550.50 | outcome win             | win_rate(100) 0.720
ep  4005 | epoch  200 | steps 13588204 | return   1590.20 | outcome win             | win_rate(100) 0.720
ep  4006 | epoch  200 | steps 13589051 | return   1596.61 | outcome win             | win_rate(100) 0.720
ep  4007 | epoch  200 | steps 13589389 | return   1538.99 | outcome win             | win_rate(100) 0.720
ep  4008 | epoch  200 | steps 13595389 | return   -306.59 | outcome timeout         | win_rate(100) 0.710
ep  4009 | epoch  200 | steps 13595767 | return   1557.03 | outcome win             | win_rate(100) 0.710
ep  4010 | epoch  200 | steps 13596181 | return   1566.73 | outcome win             | win_rate(100) 0.710
ep  4011 | epoch  200 | steps 13596878 | return   1609.58 | outcome win             | win_rate(100) 0.720
ep  4012 | epoch  200 | steps 13597599 | return   1602.02 | outcome win             | win_rate(100) 0.730
ep  4013 | epoch  200 | steps 13598764 | return   1512.08 | outcome win             | win_rate(100) 0.730
ep  4014 | epoch  200 | steps 13599952 | return   1535.35 | outcome win             | win_rate(100) 0.730
ep  4015 | epoch  200 | steps 13605952 | return   -375.69 | outcome timeout         | win_rate(100) 0.720
ep  4016 | epoch  200 | steps 13611952 | return   -352.49 | outcome timeout         | win_rate(100) 0.710
ep  4017 | epoch  200 | steps 13617952 | return   -279.49 | outcome timeout         | win_rate(100) 0.700
ep  4018 | epoch  200 | steps 13623952 | return   -189.27 | outcome timeout         | win_rate(100) 0.690
ep  4019 | epoch  200 | steps 13629952 | return   -297.63 | outcome timeout         | win_rate(100) 0.690
ep  4020 | epoch  200 | steps 13635952 | return   -338.85 | outcome timeout         | win_rate(100) 0.690
[epoch  200] env_steps 13635952 | win 13 loss 0 timeout 7 crash 0 other 0 | win_rate(100) 0.690 | feasible 219 | alpha 0.0060 entropy -4.02 | 579 sim steps/s | opp bfm_angles 13/20, BFM 13/20 -> next bfm_angles
ep  4021 | epoch  201 | steps 13636582 | return   1593.91 | outcome win             | win_rate(100) 0.690
ep  4022 | epoch  201 | steps 13637202 | return   1593.38 | outcome win             | win_rate(100) 0.690
ep  4023 | epoch  201 | steps 13637729 | return   1553.45 | outcome win             | win_rate(100) 0.700
ep  4024 | epoch  201 | steps 13638268 | return   1563.21 | outcome win             | win_rate(100) 0.710
ep  4025 | epoch  201 | steps 13638932 | return   1556.52 | outcome win             | win_rate(100) 0.720
ep  4026 | epoch  201 | steps 13639596 | return   1555.60 | outcome win             | win_rate(100) 0.720
ep  4027 | epoch  201 | steps 13640855 | return   1503.04 | outcome win             | win_rate(100) 0.720
ep  4028 | epoch  201 | steps 13642116 | return   1540.19 | outcome win             | win_rate(100) 0.720
ep  4029 | epoch  201 | steps 13642514 | return   1546.65 | outcome win             | win_rate(100) 0.720
ep  4030 | epoch  201 | steps 13642914 | return   1545.38 | outcome win             | win_rate(100) 0.720
ep  4031 | epoch  201 | steps 13648914 | return   -108.48 | outcome timeout         | win_rate(100) 0.710
ep  4032 | epoch  201 | steps 13651195 | return   1542.75 | outcome win             | win_rate(100) 0.710
ep  4033 | epoch  201 | steps 13652919 | return   1528.22 | outcome win             | win_rate(100) 0.710
ep  4034 | epoch  201 | steps 13654171 | return   1490.67 | outcome win             | win_rate(100) 0.710
ep  4035 | epoch  201 | steps 13654845 | return   1551.87 | outcome win             | win_rate(100) 0.720
ep  4036 | epoch  201 | steps 13655542 | return   1559.31 | outcome win             | win_rate(100) 0.730
ep  4037 | epoch  201 | steps 13661542 | return   -197.22 | outcome timeout         | win_rate(100) 0.720
ep  4038 | epoch  201 | steps 13667542 | return   -234.50 | outcome timeout         | win_rate(100) 0.710
ep  4039 | epoch  201 | steps 13668272 | return   1524.47 | outcome win             | win_rate(100) 0.710
ep  4040 | epoch  201 | steps 13669007 | return   1524.97 | outcome win             | win_rate(100) 0.710
[epoch  201] env_steps 13669007 | win 17 loss 0 timeout 3 crash 0 other 0 | win_rate(100) 0.710 | feasible 220 | alpha 0.0060 entropy -4.00 | 573 sim steps/s | opp bfm_angles 17/20, BFM 17/20 -> next bfm_angles
[best] epoch 201: rolling win rate 0.71 -> checkpoints/best_actor.pt
ep  4041 | epoch  202 | steps 13675007 | return   -123.65 | outcome timeout         | win_rate(100) 0.700
ep  4042 | epoch  202 | steps 13681007 | return   -161.41 | outcome timeout         | win_rate(100) 0.690
ep  4043 | epoch  202 | steps 13681722 | return   1517.19 | outcome win             | win_rate(100) 0.690
ep  4044 | epoch  202 | steps 13682374 | return   1545.34 | outcome win             | win_rate(100) 0.690
ep  4045 | epoch  202 | steps 13683281 | return   1572.24 | outcome win             | win_rate(100) 0.690
ep  4046 | epoch  202 | steps 13685910 | return   1019.26 | outcome win             | win_rate(100) 0.690
ep  4047 | epoch  202 | steps 13686755 | return   1567.95 | outcome win             | win_rate(100) 0.690
ep  4048 | epoch  202 | steps 13687596 | return   1576.22 | outcome win             | win_rate(100) 0.690
ep  4049 | epoch  202 | steps 13687934 | return   1537.73 | outcome win             | win_rate(100) 0.690
ep  4050 | epoch  202 | steps 13688280 | return   1549.47 | outcome win             | win_rate(100) 0.690
ep  4051 | epoch  202 | steps 13689349 | return   1621.02 | outcome win             | win_rate(100) 0.700
ep  4052 | epoch  202 | steps 13690355 | return   1611.94 | outcome win             | win_rate(100) 0.710
ep  4053 | epoch  202 | steps 13696355 | return   -218.01 | outcome timeout         | win_rate(100) 0.700
ep  4054 | epoch  202 | steps 13702355 | return   -228.67 | outcome timeout         | win_rate(100) 0.690
ep  4055 | epoch  202 | steps 13702691 | return   1553.77 | outcome win             | win_rate(100) 0.690
ep  4056 | epoch  202 | steps 13703019 | return   1545.49 | outcome win             | win_rate(100) 0.690
ep  4057 | epoch  202 | steps 13709019 | return   -140.00 | outcome timeout         | win_rate(100) 0.690
ep  4058 | epoch  202 | steps 13709281 | return   1549.21 | outcome win             | win_rate(100) 0.700
ep  4059 | epoch  202 | steps 13709814 | return   1548.93 | outcome win             | win_rate(100) 0.710
ep  4060 | epoch  202 | steps 13710317 | return   1549.67 | outcome win             | win_rate(100) 0.720
[epoch  202] env_steps 13710317 | win 15 loss 0 timeout 5 crash 0 other 0 | win_rate(100) 0.720 | feasible 221 | alpha 0.0059 entropy -4.00 | 577 sim steps/s | opp bfm_angles 15/20, BFM 15/20 -> next bfm_angles
[best] epoch 202: rolling win rate 0.72 -> checkpoints/best_actor.pt
ep  4061 | epoch  203 | steps 13716317 | return   -272.05 | outcome timeout         | win_rate(100) 0.710
ep  4062 | epoch  203 | steps 13722317 | return   -216.07 | outcome timeout         | win_rate(100) 0.700
ep  4063 | epoch  203 | steps 13723593 | return   1488.66 | outcome win             | win_rate(100) 0.700
ep  4064 | epoch  203 | steps 13724532 | return   1521.08 | outcome win             | win_rate(100) 0.710
ep  4065 | epoch  203 | steps 13725438 | return   1653.16 | outcome win             | win_rate(100) 0.710
ep  4066 | epoch  203 | steps 13727029 | return  -1361.01 | outcome crash           | win_rate(100) 0.700
ep  4067 | epoch  203 | steps 13733029 | return   -171.51 | outcome timeout         | win_rate(100) 0.690
ep  4068 | epoch  203 | steps 13739029 | return   -242.52 | outcome timeout         | win_rate(100) 0.680
ep  4069 | epoch  203 | steps 13745029 | return   -180.44 | outcome timeout         | win_rate(100) 0.680
ep  4070 | epoch  203 | steps 13751029 | return   -106.76 | outcome timeout         | win_rate(100) 0.680
ep  4071 | epoch  203 | steps 13752248 | return   1614.37 | outcome win             | win_rate(100) 0.680
ep  4072 | epoch  203 | steps 13753691 | return   1527.06 | outcome win             | win_rate(100) 0.680
ep  4073 | epoch  203 | steps 13754626 | return  -1023.53 | outcome loss            | win_rate(100) 0.680
ep  4074 | epoch  203 | steps 13755185 | return   -976.70 | outcome loss            | win_rate(100) 0.680
ep  4075 | epoch  203 | steps 13761185 | return   -216.62 | outcome timeout         | win_rate(100) 0.670
ep  4076 | epoch  203 | steps 13767185 | return   -106.41 | outcome timeout         | win_rate(100) 0.660
ep  4077 | epoch  203 | steps 13773185 | return   -174.60 | outcome timeout         | win_rate(100) 0.660
ep  4078 | epoch  203 | steps 13779185 | return   -179.57 | outcome timeout         | win_rate(100) 0.660
ep  4079 | epoch  203 | steps 13785185 | return   -148.72 | outcome timeout         | win_rate(100) 0.650
ep  4080 | epoch  203 | steps 13791185 | return   -135.28 | outcome timeout         | win_rate(100) 0.640
[epoch  203] env_steps 13791185 | win 5 loss 2 timeout 12 crash 1 other 0 | win_rate(100) 0.640 | feasible 222 | alpha 0.0054 entropy -3.99 | 578 sim steps/s | opp bfm_angles 5/20, BFM 5/20 -> next bfm_angles
ep  4081 | epoch  204 | steps 13792637 | return   1476.29 | outcome win             | win_rate(100) 0.650
ep  4082 | epoch  204 | steps 13793955 | return   1445.10 | outcome win             | win_rate(100) 0.660
ep  4083 | epoch  204 | steps 13794343 | return   1544.62 | outcome win             | win_rate(100) 0.660
ep  4084 | epoch  204 | steps 13794679 | return   1542.94 | outcome win             | win_rate(100) 0.660
ep  4085 | epoch  204 | steps 13800679 | return   -157.19 | outcome timeout         | win_rate(100) 0.660
ep  4086 | epoch  204 | steps 13801884 | return   1528.55 | outcome win             | win_rate(100) 0.670
ep  4087 | epoch  204 | steps 13802647 | return   1561.60 | outcome win             | win_rate(100) 0.670
ep  4088 | epoch  204 | steps 13803397 | return   1566.98 | outcome win             | win_rate(100) 0.670
ep  4089 | epoch  204 | steps 13803912 | return   1550.95 | outcome win             | win_rate(100) 0.670
ep  4090 | epoch  204 | steps 13804409 | return   1549.87 | outcome win             | win_rate(100) 0.670
ep  4091 | epoch  204 | steps 13810409 | return   -126.14 | outcome timeout         | win_rate(100) 0.660
ep  4092 | epoch  204 | steps 13810978 | return   1550.83 | outcome win             | win_rate(100) 0.660
ep  4093 | epoch  204 | steps 13811553 | return   1539.37 | outcome win             | win_rate(100) 0.660
ep  4094 | epoch  204 | steps 13812120 | return   1550.69 | outcome win             | win_rate(100) 0.660
ep  4095 | epoch  204 | steps 13812737 | return   1587.39 | outcome win             | win_rate(100) 0.660
ep  4096 | epoch  204 | steps 13814613 | return   1576.28 | outcome win             | win_rate(100) 0.660
ep  4097 | epoch  204 | steps 13820613 | return   -159.42 | outcome timeout         | win_rate(100) 0.650
ep  4098 | epoch  204 | steps 13826613 | return   -189.61 | outcome timeout         | win_rate(100) 0.640
ep  4099 | epoch  204 | steps 13827318 | return   1568.55 | outcome win             | win_rate(100) 0.650
ep  4100 | epoch  204 | steps 13828008 | return   1548.19 | outcome win             | win_rate(100) 0.660
[epoch  204] env_steps 13828008 | win 16 loss 0 timeout 4 crash 0 other 0 | win_rate(100) 0.660 | feasible 224 | alpha 0.0059 entropy -4.02 | 584 sim steps/s | opp bfm_angles 16/20, BFM 16/20 -> next bfm_angles
ep  4101 | epoch  205 | steps 13828789 | return   1572.26 | outcome win             | win_rate(100) 0.660
ep  4102 | epoch  205 | steps 13829570 | return   1572.52 | outcome win             | win_rate(100) 0.660
ep  4103 | epoch  205 | steps 13830419 | return   1561.25 | outcome win             | win_rate(100) 0.660
ep  4104 | epoch  205 | steps 13831242 | return   1556.65 | outcome win             | win_rate(100) 0.660
ep  4105 | epoch  205 | steps 13833350 | return  -1275.26 | outcome loss            | win_rate(100) 0.650
ep  4106 | epoch  205 | steps 13839350 | return  -1438.81 | outcome timeout         | win_rate(100) 0.640
ep  4107 | epoch  205 | steps 13840013 | return  -1056.50 | outcome loss            | win_rate(100) 0.630
ep  4108 | epoch  205 | steps 13840363 | return   1538.52 | outcome win             | win_rate(100) 0.640
ep  4109 | epoch  205 | steps 13846363 | return   -209.93 | outcome timeout         | win_rate(100) 0.630
ep  4110 | epoch  205 | steps 13852363 | return   -186.76 | outcome timeout         | win_rate(100) 0.620
ep  4111 | epoch  205 | steps 13858363 | return   -663.92 | outcome timeout         | win_rate(100) 0.610
ep  4112 | epoch  205 | steps 13863680 | return    492.77 | outcome win             | win_rate(100) 0.610
ep  4113 | epoch  205 | steps 13869680 | return   -249.83 | outcome timeout         | win_rate(100) 0.600
ep  4114 | epoch  205 | steps 13875680 | return   -217.46 | outcome timeout         | win_rate(100) 0.590
